指標ID,指標名,カテゴリー,パフォーマンス領域,分析目標,説明,計算式（寸法）,業界ソース,サービスID,サービス名,サービス関連付け根拠,ライセンスの依存関係（原文）,データを生む業務（職務の依存関係）,閲覧ロール,経営陣ロール,表示形式,しきい値,ファクトBO,メトリック照会,ドリル・パス,対話式フィルター,静的フィルター,時間粒度,更新頻度,関連レポートID,参考レポートID（同一ファクトBO）,出典URL
M001,オンタイム引渡 (%) - My プロジェクト,稼働,運用パフォーマンス,遅れているプロジェクトの根本原因を判別します。 プロジェクトが遅れた場合、収益または顧客満足度、あるいはその両方に影響する可能性があります。,計画上の終了日と照合して不動産プロジェクトの実際の終了日を計算します。,実現したオンタイム引渡,Customer Focus Group,RE | FA,不動産管理 | 施設・スペース管理,明記,不動産業 | 施設,スペース利用契約 (不動産業) | スペース割り振り (施設),RE トランザクション・マネージャー,,スコア・ベース: 横棒積み上げグラフ | (収集期間: 積み上げ縦棒グラフ),下限しきい値: 1 | 上限しきい値: 未使用 | 範囲 1: 目標以下/負/赤色 | 範囲 2: 目標どおり/正/緑色 | 範囲 3: 未使用,triREProjectFact,triREProjectFact - メトリック - 不動産プロジェクトのオンタイム引渡 (%) - My プロジェクト (スコア),地域 | プロジェクト・タイプ | 収集期間,地域 | プロジェクト・タイプ,データ・ポイント更新期間に完了した不動産プロジェクト アクティブなユーザー (USERID) = プロジェクト・マネージャー,月,月次,,,https://www.ibm.com/docs/ja/tririga/11.6.0?topic=metrics-time-delivery-my-projects-metric
M002,オンタイム引渡 (%) - My タスク,稼働,運用パフォーマンス,遅れているプロジェクトの根本原因を判別します。 プロジェクトが遅れた場合、収益または顧客満足度、あるいはその両方に影響する可能性があります。,計画上の終了日と照合してタスクの実際の終了日を計算します。,実現したオンタイム引渡,Customer Focus Group,RE | FA,不動産管理 | 施設・スペース管理,明記,不動産業 | 施設,スペース利用契約 (不動産業) | スペース割り振り (施設),RE トランザクション・マネージャー | 不動産プロジェクト・チーム・メンバー,,スコア・ベース: 横棒積み上げグラフ | (収集期間: 積み上げ縦棒グラフ),下限しきい値: 1 | 上限しきい値: 未使用 | 範囲 1: 低い/負/赤色 | 範囲 2: 高い/正/緑色 | 範囲 3: 未使用,triREProjectFact,triREProjectTaskFact - メトリック - オンタイム完成 (%) - My タスク (スコア),地域 | プロジェクト | プロジェクト名 | タスク名 | 収集期間,地域 | プロジェクト名 | プロジェクト・タイプ | タスク名,データ・ポイント更新期間に完了したタスク アクティブなユーザー (USERID) = プロジェクト・マネージャー,月,月次,2056-01-R | 2055-01-R | 2057-01-R,,https://www.ibm.com/docs/ja/tririga/11.6.0?topic=metrics-time-delivery-my-tasks-metric
M003,オンタイム引渡 (%) - 不動産プロジェクト,稼働,運用パフォーマンス,遅れているプロジェクトの根本原因を判別します。 プロジェクトが遅れた場合、収益または顧客満足度、あるいはその両方に影響する可能性があります。,計画上の終了日と照合して不動産プロジェクトの実際の終了日を計算します。,実現したオンタイム引渡,Customer Focus Group,RE | FA,不動産管理 | 施設・スペース管理,明記,不動産業 | 施設,スペース利用契約 (不動産業) | スペース割り振り (施設),RE エグゼクティブ,RE エグゼクティブ,スコア・ベース: 横棒積み上げグラフ | (収集期間: 積み上げ縦棒グラフ),下限しきい値: 1 | 上限しきい値: 未使用 | 範囲 1: 目標以下/負/赤色 | 範囲 2: 目標どおり/正/緑色 | 範囲 3: 未使用,triREProjectFact,triREProjectFact - メトリック - 不動産プロジェクトのオンタイム引渡 (%) (スコア),地域 | プロジェクト・マネージャー | プロジェクト・タイプ | 収集期間,地域 | プロジェクト・マネージャー | プロジェクト・タイプ,完了プロジェクト,月,月次,2048-01-R | 2049-01-R,,https://www.ibm.com/docs/ja/tririga/11.6.0?topic=metrics-time-delivery-real-estate-projects-metric
M004,オンタイム支払 (%) - My 不動産契約,稼働,運用パフォーマンス,支払遅延の根本原因を判別します。 支払が遅れた場合、延滞料およびその他のペナルティーにより、経費が増加する可能性があります。,支払期日と照合して、タスクの支払が行われた実際の支払日を計算します。,オンタイム支払の件数 | 支払件数の合計,Customer Focus Group,RE | FA,不動産管理 | 施設・スペース管理,明記,不動産業 | 施設,スペース利用契約 (不動産業) | スペース割り振り (施設),RE 契約マネージャー,,値ベース: グループ化横棒グラフ (%) | (収集期間: グループ化縦棒グラフ (%)),下限しきい値: 1 | 上限しきい値: 未使用 | 範囲 1: 目標以下/負/赤色 | 範囲 2: 目標どおり/正/緑色 | 範囲 3: 未使用,triREPaymentFact,triREPaymentFact - メトリック - オンタイム支払 (%) - My 不動産契約,組織 | 支払タイプ | コスト・コード | 契約タイプ | 収集期間,組織 | 契約名 | 契約タイプ | 支払タイプ,データ・ポイント更新期間に支払われた支払品目 アクティブなユーザー (USERID) = プロジェクト・マネージャーでフィルタリングされた不動産契約,月,月次,2061-01-R | 2064-01-R | 2063-01-R | 2062-01-R,,https://www.ibm.com/docs/ja/tririga/11.6.0?topic=metrics-time-payments-my-real-estate-contracts-metric
M005,ポートフォリオ・リース (%) (% Portfolio Leased),ポートフォリオ,ポートフォリオ・パフォーマンス,ポートフォリオの全体的な俊敏性を測定します。 このメトリックは、トランザクション内で、リース戦略と所有戦略のどちらが重要であるかを示すために使用されます。,ポートフォリオの俊敏性および柔軟性の測定値を提供します。 比率が高くなるほど、ポートフォリオは俊敏です。,賃貸可能面積の合計 (アクティブな不動産リース) | 賃貸可能面積の合計 (すべてのアクティブな不動産契約),Building Owners and Managers Association (BOMA) General Services Administration (GSA),RE | FA,不動産管理 | 施設・スペース管理,明記,不動産業 | 施設,スペース利用契約 (不動産業) | スペース割り振り (施設),EN ワークプレース・エグゼクティブ | FA 移動マネージャー/プランナー | FA スペース・マネージャー/プランナー | RE エグゼクティブ,EN ワークプレース・エグゼクティブ | RE エグゼクティブ,値ベース: グループ化横棒グラフ (%) | (収集期間: グループ化縦棒グラフ (%)),下限しきい値: .29 (29%) | 上限しきい値: 未使用 | 範囲 1: 目標以下/負/赤色 | 範囲 2: 目標どおり/正/緑色 | 範囲 3: 未使用,triREContractFact,triREContractFact - メトリック - ポートフォリオ・リース/所有 (%),地域 | 組織 | 収集期間,地域 | 組織,アクティブな不動産契約 (開始日 < = 今日および満了日> = 今日以降、状況 NOT IN (「リタイア済み」、「解約済み」)),月,月次,,2036-01-R | 2037-01-R | 2038-01-R | 2039-01-R,https://www.ibm.com/docs/ja/tririga/11.6.0?topic=metrics-portfolio-leased-metric
M006,監査からの削減 (%),稼働,運用パフォーマンス,CAM 監査および OPEX 監査の有効性を測定します。,請求書金額と照合して、監査対象の支払の節減を計算します。,支払差額の合計 | 貸主あたりの合計請求金額,Customer Focus Group,RE | FA,不動産管理 | 施設・スペース管理,明記,不動産業 | 施設,スペース利用契約 (不動産業) | スペース割り振り (施設),RE 契約マネージャー,,値ベース: グループ化横棒グラフ (%) | (収集期間: グループ化縦棒グラフ (%)),下限しきい値: .02 (2%) | 下限しきい値: .05 (5%) | 範囲 1: 悪い/負/赤色 | 範囲 2: 目標どおり/注意/黄色 | 範囲 3: 良好/正/緑色,triREPaymentReconciliationFact,triREPaymentReconciliationFact - メトリック - 監査からの削減 (%),テナントの組織 | 地域 | コスト・コード | 契約名 | 収集期間,テナントの組織 | 地域 | 契約名 | コスト・コード,データ・ポイント更新期間内の支払調整 アクティブなユーザー (USERID) = プロジェクト・マネージャーでフィルタリングされた不動産契約,月,月次,2066-01-R,,https://www.ibm.com/docs/ja/tririga/11.6.0?topic=metrics-savings-from-audits
M007,1 人あたりの面積 - 不動産契約,ポートフォリオ,ポートフォリオ・パフォーマンス,どの不動産契約が予定額の範囲外であるか (処分、終了、または再構成することが望ましいことを示す) を判別します。 時間傾向を使用して一定期間にわたって比較し、異常や傾向を特定します。,組織は、1 人あたりの面積の比率を低い状態に維持するように努力します。 1 人あたりの面積が大きい場合は、スペース品質が許容できないものであるか、サービス・デリバリーが不十分であるか、または地理的位置の条件が良くないことを示す可能性があります。,合計賃貸可能面積 | 合計人数,Building Owners and Managers Association (BOMA) General Services Administration (GSA),RE,不動産管理,明記,不動産業,スペース利用契約 | スペース割り振り,RE トランザクション・マネージャー,,スコア・ベース: 横棒積み上げグラフ | (収集期間: 積み上げ縦棒グラフ),下限しきい値: 330 RSF/人 | 上限しきい値: 370 RSF/人 | 範囲 1: 低い/注意/黄色 | 範囲 2: 中/正/緑色 | 範囲 3: 高い/負/赤色,triREContractFact,triREContractFact – メトリック – 1 人あたりの面積 – 不動産契約 (スコア),地域 | 組織 | 契約タイプ | 収集期間,地域 | 組織 | 契約タイプ | 主要用途 | 地域 | 組織 | 契約タイプ | 物件タイプ | 物件用途 | ミッション依存関係,アクティブな不動産契約 (開始日 < = 今日および満了日> = 今日以降、状況 NOT IN (「リタイア済み」、「解約済み」)),月,月次,,2036-01-R | 2037-01-R | 2038-01-R | 2039-01-R,https://www.ibm.com/docs/ja/tririga/11.6.0?topic=metrics-area-per-person-re-contracts-metric
M008,平均未処理日数,稼働,運用パフォーマンス,不適切な債権者など、どのような支払の問題が存在するかを判別します。 契約を終了するかどうかを示すために使用できます。,平均未処理日数で測定されるリース売掛。,未処理売掛金の平均 (今日から支払期日まで),Customer Focus Group,RE | FA,不動産管理 | 施設・スペース管理,明記,不動産業 | 施設,スペース利用契約 (不動産業) | スペース割り振り (施設),RE 契約マネージャー,,値ベース: グループ化横棒グラフ (%) | (収集期間: グループ化縦棒グラフ (%)),下限しきい値: 10 | 上限しきい値: 30 | 範囲 1: 良好/正/緑色 | 範囲 2: 目標どおり/注意/黄色 | 範囲 3: 悪い/負/赤色,triREPaymentFact,triREPaymentFact - メトリック - 平均未処理日数,組織 | 支払タイプ | 契約名 | 契約タイプ | 収集期間,組織 | 契約名 | 支払タイプ | 契約タイプ,データ・ポイント更新期間に支払われた支払品目 アクティブなユーザー (USERID) = 契約管理者でフィルタリングされた不動産契約,月,月次,2069-01-R | 2072-01-R | 2070-01-R,,https://www.ibm.com/docs/ja/tririga/11.6.0?topic=metrics-average-days-outstanding-metric
M009,総合トランザクション平均スコア,稼働,運用パフォーマンス,完了したトランザクションでの低品質の根本原因を判別します。,完了した不動産プロジェクトの総合トランザクション平均スコア。,総合シグマ・スコア,Customer Focus Group,RE | FA,不動産管理 | 施設・スペース管理,明記,不動産業 | 施設,スペース利用契約 (不動産業),RE エグゼクティブ,RE エグゼクティブ,スコア・ベース: 横棒積み上げグラフ | (収集期間: 積み上げ縦棒グラフ),下限しきい値: 2 | 上限しきい値: 4 | 範囲 1: 悪い/負/赤色 | 範囲 2: パフォーマンス不十分/注意/黄色 | 範囲 3: 良好/正/緑色,triREProjectFact,triREProjectFact - メトリック - 総合トランザクション平均スコア (スコア),地域 | ポートフォリオ・マネージャー | 収集期間,地域 | ポートフォリオ・マネージャー,データ・ポイント更新期間に完了した不動産プロジェクト,月,月次,2052-01-R,,https://www.ibm.com/docs/ja/tririga/11.6.0?topic=metrics-average-overall-transaction-score-metric
M010,総合トランザクション平均スコア - My プロジェクト,稼働,運用パフォーマンス,完了したトランザクションでの低品質の根本原因を判別します。,アクティブ・ユーザーの完了した不動産プロジェクトの総合トランザクション平均スコア。,総合シグマ・スコア,Customer Focus Group,RE | FA,不動産管理 | 施設・スペース管理,明記,不動産業 | 施設,スペース利用契約 (不動産業) | スペース割り振り (施設),RE トランザクション・マネージャー | RE 契約マネージャー,,スコア・ベース: 横棒積み上げグラフ | (収集期間: 積み上げ縦棒グラフ),下限しきい値: 2 | 上限しきい値: 4 | 範囲 1: 悪い/負/赤色 | 範囲 2: パフォーマンス不十分/注意/黄色 | 範囲 3: 良好/正/緑色,triREProjectFact,triREProjectFact - メトリック - 総合トランザクション平均スコア - My プロジェクト (スコア),地域 | 収集期間,地域,データ・ポイント更新期間に完了した不動産プロジェクト アクティブなユーザー (USERID) = プロジェクト・マネージャー,月,月次,,,https://www.ibm.com/docs/ja/tririga/11.6.0?topic=metrics-average-overall-transaction-score-my-projects-metric
M011,コールバック指数,稼働,運用パフォーマンス,最初の応答で、割り当てられた作業を、運営チームがどれだけ効果的に達成できたかを判別します。 このメトリックを長期間にわたってチェックし、観測された傾向に基づいて、トレーニングまたはリソースの割り当てを表示、分析、および調整します。,内部サービス・プロバイダーまたは外部サービス・プロバイダー、あるいはその両方がどれだけのパフォーマンスを示しているか、および「最初の応答」の解決の正確さについて、管理担当者に通知します。 顧客企業/機関は、余分なコールバック作業を必要とすることなく、さまざまな合意および契約で規定された時間とコストの範囲内でサービスが実行されることを期待します。 これは、パフォーマンスが劣るもののみを評価する例外ベースのメトリックです。 このメトリックは、少なくとも以下のトピックに関するパフォーマンスをモニターするために役立ちます。 オペレーターのトレーニングに関連する再作業 メンテナンスのトレーニングに関連する再作業 (知識またはスキルの不足) トレーニングに関連する生産性の損失 パフォーマンスが不十分な技術者に関連する再作業 正しくない手順に関連する再作業,「コールバック」が TRUE である完了した改良タスクの数の合計 / 完了した改良タスクの数の合計,Customer Focus Group,OP,運用・保守管理,明記,IBM® TRIRIGA® 操作,タスク管理 | サービス管理,OP サービス・マネージャー,,値ベース: グループ化横棒グラフ (%) (収集期間: グループ化縦棒グラフ (%)) | スコア・ベース: 横棒積み上げグラフ (収集期間: 積み上げ縦棒グラフ),下限しきい値: .01 (1%) | 上限しきい値: .1 (10%) | 範囲 1: 低い/正/緑色 | 範囲 2: 中/注意/黄色 | 範囲 3: 高い/負/赤色,triTaskResourceFact,triTaskResourceFact - メトリック - コールバック指数、triTaskResourceFact - メトリック - コールバック指数 (スコア),地域 | ロケーション | アサインされたリソース | 要求クラス | 担当組織 | 収集期間,地域 | ロケーション | 担当組織 | 要求クラス | アサインされたリソース,タスク (「担当組織」セクションがあるタスク・タイプのみ) 状況 = 「完了」または「クローズ済み」のタスク,月,月次,,2003-01-R | 2002-01-R,https://www.ibm.com/docs/ja/tririga/11.6.0?topic=metrics-callback-index-metric
M012,資本コスト (実績 vs 予算),財務,財務パフォーマンス,目標内にある建物や、予算目標に関してパフォーマンスの悪い建物を判別します。 時間傾向分析を使用して、季節によるピーク、異常、および傾向を比較します。,IBM® TRIRIGA® のコスト・コードで表される予算コストに対する実際のコストの測定を容易にします。,資本コスト (実績 vs 予算),IFMA、BOMA、APPA,ES | FA | OP,不動産環境維持管理 | 施設・スペース管理 | 運用・保守管理,推定（ロールから）,,,EN ワークプレース・エグゼクティブ | ES マネージャー/プランナー | FA 移動マネージャー/プランナー | OP エグゼクティブ | OP 施設アセスメント・マネージャー/プランナー,EN ワークプレース・エグゼクティブ | OP エグゼクティブ,収集期間: グループ化横棒グラフ (%) (収集期間: グループ化縦棒グラフ (%)),下限しきい値: $.85/RSF | 上限しきい値: $1.50/RSF | 範囲 1: 予算以下/注意/黄色 | 範囲 2: 目標どおり/正/緑色 | 範囲 3: 予算以上/負/赤色,triBuildingCostFact,triBuildingCostFact - メトリック - 資本コスト比率 (実際/予算) メトリック,地域 | ロケーション | 時刻 | サービス・クラス | 収集期間,地域 | ロケーション | サービス・クラス | 建物保有権 (リース/所有) | 組織 (コスト・コード組織から) | 地域 | ロケーション | サービス・クラス | 物件タイプ | 物件用途 | ミッション依存関係 | 法定金利 | 組織 (コスト・コード組織から),コスト・タイプ = 資本,月,月次 月末が過ぎると財務データを終了してスケジュール・ロード,,2001-01-R | 2077-01-R,https://www.ibm.com/docs/ja/tririga/11.6.0?topic=metrics-capital-cost-actual-vs-budget-metric
M013,資本コスト (予算、実際、予測の比較),財務,財務パフォーマンス,目標内にある建物や、予算目標に関してパフォーマンスの悪い建物を判別します。 時間傾向分析を使用して、季節によるピーク、異常、および傾向を比較します。,IBM® TRIRIGA® のコスト・コードで表される予算コストに対する実際のコストの測定を容易にします。,資本コスト (予算、実際、予測の比較),IFMA、BOMA、APPA,FA | OP,施設・スペース管理 | 運用・保守管理,推定（ロールから）,,,EN ワークプレース・エグゼクティブ | FA 移動マネージャー/プランナー | OP エグゼクティブ | OP 施設アセスメント・マネージャー/プランナー,EN ワークプレース・エグゼクティブ | OP エグゼクティブ,収集期間: 折れ線グラフまたは棒グラフ,なし,triBuildingCostFact,triBuildingCostFact - メトリック - 資本コスト (予算と実際の比較) メトリック,収集期間,地域 | ロケーション | 時刻 | サービス・クラス | 建物保有権 (リース/所有) | 組織 (コスト・コード組織から) | 地域 | ロケーション | 時刻 | サービス・クラス | 物件タイプ | 物件用途 | ミッション依存関係 | 法定金利 | 組織 (コスト・コード組織から),コスト・タイプ = 資本,月,月次 月末が過ぎると財務データを終了してスケジュール・ロード,,2001-01-R | 2077-01-R,https://www.ibm.com/docs/ja/tririga/11.6.0?topic=pmm-capital-cost-budget-vs-actual-vs-forecast-metric
M014,資本更新指数,ポートフォリオ,ポートフォリオ・パフォーマンス,施設の現在の再取得価額 (CRV) と比較した、資本的支出とみられる改良および改修において進行中の資本投資を判別します。 このメトリックを長期間にわたってチェックし、観測された傾向に基づいて、プログラムを表示、分析、および調整します。,施設の再取得価額に関連する施設内の資本投資について管理担当者に通知します。 施設の支出について資本サイドの視点を提供する主要なパフォーマンス測定値です。,資本コスト合計 / 現在の再取得価額 (CRV) の合計,IFMA、APPA,FAS | OP,施設アセスメント | 運用・保守管理,明記,IBM® TRIRIGA® Facility Assessment | IBM TRIRIGA 操作,建物 (「現在の再取得価額」フィールド) | 外部の企業システムからの財務データ,EN ワークプレース・エグゼクティブ | ES マネージャー/プランナー | OP エグゼクティブ | OP サービス・マネージャー | OP 施設アセスメント・マネージャー/プランナー,EN ワークプレース・エグゼクティブ | OP エグゼクティブ,値ベース: グループ化横棒グラフ (%) (収集期間: グループ化縦棒グラフ (%)) | スコア・ベース: 横棒積み上げグラフ (収集期間: 積み上げ縦棒グラフ),下限しきい値: .1 (10%) | 上限しきい値: .2 (20%) | 範囲 1: 低い資本投資/注意/黄色 | 範囲 2: 中位の資本投資/正/緑色 | 範囲 3: 高い資本投資/注意/黄色,triBuildingFact,triBuildingFact - メトリック - 資本更新指数、triBuildingFact - メトリック - 資本更新指数 (スコア),地域 | ロケーション | 建物クラス | 建物保有権 | 収集期間,地域 | ロケーション | 建物クラス | 建物保有権 | 地域 | ロケーション | 物件タイプ | 物件用途 | ミッション依存関係 | 法定金利,アクティブ状況のディメンションのみを含む,月,月次,,2024-01-R | 2025-01-R | 2026-01-R,https://www.ibm.com/docs/ja/tririga/11.6.0?topic=metrics-capital-renewal-index-metric
M015,予算に対する変更要求 (資本プロジェクトのみ),財務,財務パフォーマンス,変更要求が予算全体に占める割合 (パーセント) が増加しているプロジェクトを特定し、プロジェクトの変更要求に、理由を見つけるための分析機能を提供します。,プロジェクトの予算のうちで、変更要求がどれだけの部分を占めるかを、予算全体に対する割合 (パーセント) で示します。,プロジェクト合計変更要求 / 現行プロジェクト予算,Customer Focus Group,CP,資本プロジェクト管理,推定（ロールから）,,,PR マネージャー | PR エグゼクティブ,PR エグゼクティブ,値ベース: グループ化横棒グラフ (%),下限しきい値: .1 (10%) | 上限しきい値: .2 (20%) | 範囲 1: 良好/正/緑色 | 範囲 2: パフォーマンス不十分/注意/黄色 | 範囲 3: 悪い/負/赤色,triCapitalProjectFact,triCapitalProjectFact – メトリック – 予算に対する変更要求,プログラム | プロジェクト,地域 | 組織 | 収集期間,アクティブ・プロジェクトでの変更要求 承認済み変更要求 (承認されてクローズされた変更要求を含む),月,月次,2017-01-R,2079-01-R,https://www.ibm.com/docs/ja/tririga/11.6.0?topic=metrics-change-orders-budget-metric
M016,契約に対する変更要求,財務,財務パフォーマンス,変更要求が、契約全体のうちで大きな割合を占める場合、プロジェクト・マネージャーは、理由を判別して対策を実行する必要があります (特に上昇傾向にある場合)。,プロジェクトの予算のうちで、変更要求がどれだけの部分を占めるかを、元の契約に対する割合 (パーセント) で示します。,契約変更要求の合計金額 / 契約の元のコミットメント,Customer Focus Group,CP,資本プロジェクト管理,推定（ロールから）,,,PR マネージャー | PR エグゼクティブ,PR エグゼクティブ,スコア・ベース: 横棒積み上げグラフ,下限しきい値: .1 (10%) | 上限しきい値: .2 (20%) | 範囲 1: 良好/正/緑色 | 範囲 2: パフォーマンス不十分/注意/黄色 | 範囲 3: 悪い/負/赤色,triCapitalProjectContractFact,triCapitalProjectContractFact – メトリック – 契約に対する変更要求 (スコア),プログラム | プロジェクト | ベンダー | 収集期間,地域 | 組織 | ベンダー,アクティブ・プロジェクト,月,月次,2018-01-R,,https://www.ibm.com/docs/ja/tririga/11.6.0?topic=metrics-change-orders-contract-metric
M017,配置換えの割合 (%),稼働,運用パフォーマンス,建物レベルおよび組織レベルでの配置換えの割合を分析して、例外条件の根本原因を集中的に調査します。 時間傾向分析を使用して、季節によるピーク、異常、および傾向を比較します。,配置換えの割合は、過剰な移動、移動コスト、および移動アクティビティーによる生産性の崩壊を示す場合があります。 ただし、ビジネスで必要な拡大、統合、再編成などの変化の期間には、配置換えの割合は増加します。 時間傾向、移動タイプ、移動理由、または組織に基づくその他の情報によって、さらに調査すべき機会または領域が示される場合があります。,移動数の合計 / 作業者数の合計,IFMA,FA,施設・スペース管理,推定（ロールから）,,,FA 移動マネージャー/プランナー | FA スペース・マネージャー/プランナー,,値ベース: グループ化横棒グラフ (%) (収集期間: グループ化縦棒グラフ (%)),下限しきい値: .2 (20%) | 上限しきい値: .45 (45%) | 範囲 1: 低い/正/緑色 | 範囲 2: 中/注意/黄色 | 範囲 3: 高い/負/赤色,triSpaceAllocationFact,triSpaceAllocationFact - メトリック - 配置換えの割合 (%) メトリック,地域 | ロケーション | 組織 | 収集期間,地域 | ロケーション | 組織 | 地域 | ロケーション | 組織 | 物件タイプ | 物件用途,アクティブな建物 アクティブなフロア アクティブなスペース,月,月次,,2027-01-R | 2031-01-R | 2032-01-R | 2030-01-R | 2028-01-R | 2029-01-R,https://www.ibm.com/docs/ja/tririga/11.6.0?topic=metrics-churn-rate-metric
M018,状態指数,ポートフォリオ,ポートフォリオ・パフォーマンス,既知の「欠陥」または文書化された「欠陥」に関連付けられたコストを、建設システム、資産、または施設の現在の再取得価額 (CRV) と比較することによって、建設システム、資産、および施設の相対的な運用の正常性を判別します。 このメトリックを長期間にわたってチェックし、観測された傾向に基づいて、プログラムを表示、分析、および調整します。,建設システムおよび施設の相対的な物理的正常性について、管理担当者に通知します。 業界で採用されている一連の定義済みのしきい値を含む主要なパフォーマンス測定値です。 FCI は、据え置き保守の欠陥がさらに累積することを防ぐために、業界で認められた、対応する、年次再投資率のガイドラインを提供します。,欠陥の合計コスト / 現在の再取得価額の合計 (CRV),IFMA、APPA,FAS | OP,施設アセスメント | 運用・保守管理,明記,IBM® TRIRIGA® Facility Assessment | IBM TRIRIGA 操作,施設アセスメント | タスク管理 | サービス管理,EN ワークプレース・エグゼクティブ | ES マネージャー/プランナー | OP エグゼクティブ | OP サービス・マネージャー | OP 施設アセスメント・マネージャー/プランナー,EN ワークプレース・エグゼクティブ | OP エグゼクティブ,1) 値ベース: グループ化横棒グラフ (収集期間: グループ化縦棒グラフ) 2) スコア・ベース: 横棒積み上げグラフ (収集期間: 積み上げ縦棒グラフ),下限しきい値: .05 | 上限しきい値: .1 | 範囲 1: 低い/正/緑色 | 範囲 2: 中/注意/黄色 | 範囲 3: 高い/負/赤色,triBuildingSystemItemFact,triBuildingSystemItemFact - メトリック - 状態指数、triBuildingSystemItemFact - メトリック - 状態指数 (スコア),地域 | ロケーション | 建設システム・クラス | 収集期間,地域 | ロケーション | 建設システム・クラス | 建物クラス | 建物保有権,アクティブ状況のディメンションのみを含む。 ロケーション 組織 担当者,月,月次,2011-01-R,,https://www.ibm.com/docs/ja/tririga/11.6.0?topic=metrics-condition-index-metric
M019,コンタクト・センターの効率,稼働,運用パフォーマンス,サービス目標に沿って要求が処理されているかどうかを判別します。 そうでない場合は、原因と、効率を向上させるための改善措置を調べます。,コンタクト・センター要求の処理にかかる時間。,期間 (開始時間 - 終了時間) / 要求数の合計,Customer Focus Group,OP,運用・保守管理,明記,IBM® TRIRIGA® 操作,コンタクト・センター,OP サービス・マネージャー,,値ベース: グループ化横棒グラフ (収集期間: グループ化縦棒グラフ),下限しきい値: 3 分 | 上限しきい値: 5 分 | 範囲 1: 良好/正/緑色 | 範囲 2: 目標どおり/注意/黄色 | 範囲 3: 悪い/負/赤色,triContactCenterFact,triContactCenterFact - メトリック - コンタクト・センターの効率,地域 | 問題のロケーション | 要求組織 | 要求クラス | エージェント名 | 収集期間,地域 | 問題のロケーション | 要求組織 | 要求クラス | エージェント名,なし,月,月次,2010-01-R,,https://www.ibm.com/docs/ja/tririga/11.6.0?topic=metrics-contact-center-efficiency-metric
M020,契約期限内完了率,稼働,運用パフォーマンス,スケジュールどおりまたはスケジュールよりも早く完了した契約の比率と、完了した契約の合計数を比較して、契約期限内完了率を計算します。 遅れて完了した契約は考慮されません。 目標は、完了率をできるだけ 100% に近づけることです。,例えばベンダーごとの契約期限内完了率を知ることによって、組織がベンダーのパフォーマンスを改善するために努力することができます。,オンタイムに完了した契約の合計数 / 契約の合計数,Customer Focus Group,CP,資本プロジェクト管理,推定（ロールから）,,,PR マネージャー | PR エグゼクティブ,PR エグゼクティブ,スコア・ベース: 横棒積み上げグラフ,下限しきい値: .85 (85%) | 上限しきい値: 未使用 | 範囲 1: 悪い/負/赤色 | 範囲 2: 良好/正/緑色 | 範囲 3: 未使用,triCapitalProjectContractFact,triCapitalProjectContractFact – メトリック – 契約期限内完了率 (スコア),プログラム | プロジェクト | 契約 | ベンダー | 収集期間,地域 | 組織 | プロジェクト | プログラム | プロジェクト・マネージャー | 状況,完了した契約,月,月次,2023-01-R,,https://www.ibm.com/docs/ja/tririga/11.6.0?topic=metrics-contract-time-completion-rate-metric
M021,運用コスト (金額/面積),財務,財務パフォーマンス,どの建物の運用コストが支出超過の原因となっているかを判別します。 時間傾向分析を使用して、季節によるピーク、異常、および傾向を比較します。,運用コストを管理対象面積の関数として等式化することによって、内部の傾向分析と外部のベンチマークを容易に実行できるようにします。 操作のコストは、 IBM® TRIRIGA® のコスト・コードで表される操作の総コスト、サブコンポーネント・レベル、および各種操作プロセスとして評価されます。,運用コスト合計 / 面積 (面積単位) 運用コスト合計には、メンテナンス、維持管理、および公共料金が含まれます。,IFMA、BOMA、APPA,FA | OP,施設・スペース管理 | 運用・保守管理,推定（ロールから）,,,EN ワークプレース・エグゼクティブ | FA 移動マネージャー/プランナー | FA スペース・マネージャー/プランナー | OP エグゼクティブ | OP サービス・マネージャー | OP 施設アセスメント・マネージャー/プランナー,EN ワークプレース・エグゼクティブ | OP エグゼクティブ,値ベース: 横棒積み上げグラフ (収集期間: 積み上げ縦棒グラフ) | スコア・ベース: 横棒積み上げグラフ (収集期間: 積み上げ縦棒グラフ),下限しきい値: $3/RSF | 上限しきい値: $6/RSF | 範囲 1: 低い/注意/黄色 | 範囲 2: 中/正/緑色 | 範囲 3: 高い/負/赤色,triBuildingFact,triBuildingFact - メトリック - 運用コスト (金額/面積) メトリック、triBuildingFact - メトリック - 運用コスト (金額/面積) メトリック (スコア),地域 | ロケーション | 収集期間,地域 | ロケーション | 時刻 | 建物クラス | 建物保有権 (リース/所有) | 地域 | ロケーション | 時刻 | 物件タイプ | 物件用途 | ミッション依存関係 | 法定金利,アクティブな建物 運用コスト,月,月次 月末が過ぎると財務データを終了してスケジュール・ロード,,2024-01-R | 2025-01-R | 2026-01-R,https://www.ibm.com/docs/ja/tririga/11.6.0?topic=metrics-cost-operations-area-metric
M022,運用コスト ($/人),財務,財務パフォーマンス,どの建物の運用コストが支出超過の原因となっているかを判別します。 時間傾向分析を使用して、季節によるピーク、異常、および傾向を比較します。,施設占有者の人口を基準として運用コストを扱うことにより、内部の傾向分析と外部のベンチマークを容易に実行できるようにします。 操作のコストは、 IBM® TRIRIGA® のコスト・コードで表される操作の総コスト、サブコンポーネント・レベル、および各種操作プロセスとして評価されます。,運用コスト合計 / 作業者数の合計 運用コスト合計には、メンテナンス、維持管理、および公共料金が含まれます。,IFMA、BOMA、APPA,FA | OP,施設・スペース管理 | 運用・保守管理,推定（ロールから）,,,FA 移動マネージャー/プランナー | FA スペース・マネージャー/プランナー | OP エグゼクティブ | OP サービス・マネージャー | OP 施設アセスメント・マネージャー/プランナー,OP エグゼクティブ,値ベース: 横棒積み上げグラフ (収集期間: 積み上げ縦棒グラフ) | スコア・ベース: 横棒積み上げグラフ (収集期間: 積み上げ縦棒グラフ),下限しきい値: $1200/人 | 上限しきい値: $2400/人 | 範囲 1: 低い/注意/黄色 | 範囲 2: 中/正/緑色 | 範囲 3: 高い/負/赤色,triBuildingFact,triBuildingFact - メトリック - 運用コスト ($/人) メトリック、triBuildingFact - メトリック - 運用コスト ($/人) メトリック (スコア),地域 | ロケーション | 収集期間,地域 | ロケーション | 時刻 | 建物クラス | 建物保有権 (リース/所有) | 地域 | ロケーション | 時刻 | 物件タイプ | 物件用途 | ミッション依存関係 | 法定金利,アクティブな建物 運用コスト,月,月次 月末が過ぎると財務データを終了してスケジュール・ロード,,2024-01-R | 2025-01-R | 2026-01-R,https://www.ibm.com/docs/ja/tririga/11.6.0?topic=metrics-cost-operations-person-metric
M023,運用コスト (サービス・タイプ別),財務,財務パフォーマンス,どの建物の運用コストが支出超過の原因となっているかを判別します。 時間傾向分析を使用して、季節によるピーク、異常、および傾向を比較します。,提供されるサービスを基準として運用コストを扱うことにより、内部の傾向分析と外部のベンチマークを容易に実行できるようにします。 操作のコストは、 IBM® TRIRIGA® のコスト・コードで表される操作の総コスト、サブコンポーネント・レベル、および各種操作プロセスとして評価されます。,サービス・タイプ別の運用コスト合計 サービス・タイプ別の運用コスト合計には、メンテナンス、維持管理、および公共料金が含まれます。,IFMA、BOMA、APPA,FA | OP,施設・スペース管理 | 運用・保守管理,推定（ロールから）,,,FA 移動マネージャー/プランナー | FA スペース・マネージャー/プランナー | OP エグゼクティブ | OP サービス・マネージャー | OP 施設アセスメント・マネージャー/プランナー,OP エグゼクティブ,値ベース: 横棒積み上げグラフ (収集期間: 積み上げ縦棒グラフ),下限しきい値: 未使用 | 上限しきい値: 未使用 | 範囲 1: 未使用 | 範囲 2: 未使用 | 範囲 3: 未使用,triBuildingCostFact,triBuildingCostFact - メトリック - 運用コスト合計 ($ / サービス・タイプ) メトリック,地域 | ロケーション | サービス・クラス | 組織 | 収集期間,地域 | ロケーション | 建物クラス | サービス・クラス | 組織 | 地域 | ロケーション | 物件タイプ | 物件用途 | ミッション依存関係 | 法定金利 | サービス・クラス | 組織,アクティブな建物 運用コスト,月,月次 月末が過ぎると財務データを終了してスケジュール・ロード,,2001-01-R | 2077-01-R,https://www.ibm.com/docs/ja/tririga/11.6.0?topic=metrics-cost-operations-by-service-type-metric
M024,面積あたりのコスト (リース済み) - 不動産契約,財務,財務パフォーマンス,コスト効率が優れている不動産リースと劣っている不動産リースを判別します。 どの特定の不動産コストが非効率の原因となっているかを判別します。 時間傾向分析を使用して、季節によるピーク、異常、および傾向を比較します。,不動産コストを管理対象面積の関数として等式化することによって、内部の傾向分析と外部のベンチマークを容易に実行できるようにします。,合計不動産コスト (リース済み) / 合計賃貸可能面積,BOMA、GSA,RE | FA,不動産管理 | 施設・スペース管理,明記,不動産業 | 施設,スペース利用契約 (不動産業) | スペース割り振り (施設),RE トランザクション・マネージャー,,値ベース: グループ化横棒グラフ (収集期間: グループ化縦棒グラフ),下限しきい値: $20.21/RSF | 上限しきい値: $22.45/RSF | 範囲 1: 低い/注意/黄色 | 範囲 2: 中/正/緑色 | 範囲 3: 高い/負/赤色,triREContractFact,triREContractFact – メトリック – 面積あたりコスト - リース済み,地域 | 組織 | 収集期間,地域 | 組織 | 主要用途 | 地域 | 組織 | 物件タイプ | 物件用途 | ミッション依存関係,アクティブな不動産契約 (開始日 < = 今日および満了日> = 今日以降、状況 NOT IN (「リタイア済み」、「解約済み」)),月,月次,2076-01-R,2036-01-R | 2037-01-R | 2038-01-R | 2039-01-R,https://www.ibm.com/docs/ja/tririga/11.6.0?topic=metrics-cost-per-area-leased-re-contracts-metric
M025,面積あたりのコスト (所有) - 不動産契約,財務,財務パフォーマンス,コスト効率が優れている所有物件と劣っている所有物件を判別します。 どの特定の不動産コストが非効率の原因となっているかを判別します。 時間傾向分析を使用して、季節によるピーク、異常、および傾向を比較します。,不動産コストを管理対象面積の関数として等式化することによって、内部の傾向分析と外部のベンチマークを容易に実行できるようにします。,合計不動産コスト (所有) / 合計賃貸可能面積,BOMA、GSA,RE | FA,不動産管理 | 施設・スペース管理,明記,不動産業 | 施設,スペース利用契約 (不動産業) | スペース割り振り (施設),不動産トランザクション (ポートフォリオ) マネージャー,,値ベース: グループ化横棒グラフ (収集期間: グループ化縦棒グラフ),下限しきい値: $4.26/RSF | 上限しきい値: $4.73/RSF | 範囲 1: 低い/注意/黄色 | 範囲 2: 中/正/緑色 | 範囲 3: 高い/負/赤色,triREContractFact,triREContractFact – メトリック – 面積あたりコスト - 所有,地域 | 組織 | 収集期間,地域 | 組織 | 主要用途 | 地域 | 組織 | 物件タイプ | 物件用途 | ミッション依存関係,アクティブな不動産契約 (開始日 < = 今日および満了日> = 今日以降、状況 NOT IN (「リタイア済み」、「解約済み」)),月,月次,2075-01-R,2036-01-R | 2037-01-R | 2038-01-R | 2039-01-R,https://www.ibm.com/docs/ja/tririga/11.6.0?topic=metrics-cost-per-area-owned-re-contracts-metric
M026,1 人あたりのコスト - 不動産契約,財務,財務パフォーマンス,どの不動産契約が予定額の範囲外であるかを判別して、処分することが望ましいかどうかを示します。 時間傾向分析を使用して、異常、および傾向を比較します。,組織は、1 人あたりのコストの比率を低い状態に維持するように努力します。 1 人あたりのコストが高い場合は、スペース品質が許容できないものであるか、サービス・デリバリーが不十分であるか、または地理的な位置の条件が良くないことを示している可能性があります。,不動産コスト合計 / 合計人数,BOMA、GSA,RE | FA,不動産管理 | 施設・スペース管理,明記,不動産業 | 施設,スペース利用契約 (不動産業) | スペース割り振り (施設),RE エグゼクティブ | RE トランザクション・マネージャー,RE エグゼクティブ,値ベース: グループ化横棒グラフ (収集期間: グループ化縦棒グラフ),"下限しきい値: $13,050/人 | 上限しきい値: $14,500/人 | 範囲 1: 低い/正/緑色 | 範囲 2: 中/注意/黄色 | 範囲 3: 高い/負/赤色",triREContractFact,triREContractFact – メトリック – 1 人あたりのコスト,地域 | 組織 | 契約タイプ | 収集期間,地域 | 組織 | 契約タイプ | 主要用途 | 地域 | 組織 | 契約タイプ | 物件タイプ | 物件用途 | ミッション依存関係,アクティブな不動産契約 (開始日 < = 今日および満了日> = 今日以降、状況 NOT IN (「リタイア済み」、「解約済み」)),月,月次,,2036-01-R | 2037-01-R | 2038-01-R | 2039-01-R,https://www.ibm.com/docs/ja/tririga/11.6.0?topic=metrics-cost-per-person-re-contracts-metric
M027,席あたりのコスト – 不動産契約,財務,財務パフォーマンス,どの不動産契約が予定額の範囲外であるかを判別して、処分することが望ましいかどうかを示します。 時間傾向分析を使用して、異常、および傾向を比較します。,組織は、席あたりのコストの比率を低い状態に維持するように努力します。 席あたりのコストが高い場合は、スペース品質が許容できないものであるか、サービス・デリバリーが不十分であるか、または地理的ロケーションが悪いことを示している可能性があります。,不動産コスト合計 / 合計席数,BOMA、GSA,RE | FA,不動産管理 | 施設・スペース管理,明記,不動産業 | 施設,スペース利用契約 (不動産業) | スペース割り振り (施設),RE トランザクション・マネージャー,,値ベース: グループ化横棒グラフ (収集期間: グループ化縦棒グラフ),下限しきい値: $2500/席 | 上限しきい値: $6000/席 | 範囲 1: 低い/正/緑色 | 範囲 2: 中/注意/黄色 | 範囲 3: 高い/負/赤色,triREContractFact,triREContractFact - メトリック - 席あたりのコスト,地域 | 組織 | 契約タイプ | 収集期間,地域 | 組織 | 契約タイプ | 主要用途 | 地域 | 組織 | 契約タイプ | 物件タイプ | 物件用途 | ミッション依存関係,アクティブな不動産契約 (開始日 < = 今日および満了日> = 今日以降、状況 NOT IN (「リタイア済み」、「解約済み」)),月,月次,2042-01-R | 2043-01-R,2036-01-R | 2037-01-R | 2038-01-R | 2039-01-R,https://www.ibm.com/docs/ja/tririga/11.6.0?topic=metrics-cost-per-seat-re-contracts-metric
M028,現在の予算対予測,財務,財務パフォーマンス,予算以上のしきい値を超えているプロジェクトを特定します。,予算差異目標を超えたプロジェクトを特定して、それらのプロジェクトが予算とどれだけ差があるかを表示し、ユーザーが特定のプロジェクトについて詳細に調べてプロジェクトのコスト・コード・レベルで差異を特定できるようにします。,プロジェクト予算 / 最終予算予測,Customer Focus Group,CP,資本プロジェクト管理,明記,IBM® TRIRIGA® Capital Projects Manager,資本プロジェクト | 予算 | 変更要求管理,PR エグゼクティブ | PR マネージャー,PR エグゼクティブ,値ベース: グループ化横棒グラフ (%),下限しきい値: 0 (0%) | 上限しきい値: .1 (10%) | 範囲 1: 良好/正/緑色 | 範囲 2: パフォーマンス不十分/注意/黄色 | 範囲 3: 悪い/負/赤色,triCapitalProjectFact,triCapitalProjectFact - メトリック - 現在の予算対予測,プログラム | 地域 | プロジェクト | プロジェクト・タイプ | プロジェクトの分類 | 収集期間,組織 (プロジェクト・マネージャーの役割を持つ人の主要組織) | 地域 | 予算分類 (資本、運用),状況: アクティブ・プロジェクトと修正中のプロジェクトのみ。,月,月次,2013-01-R,2079-01-R,https://www.ibm.com/docs/ja/tririga/11.6.0?topic=metrics-current-budget-forecast-metric
M029,維持管理コスト / 面積 ($/面積),財務,財務パフォーマンス,コスト効率が優れている施設と劣っている施設を判別します。 どの特定の保全コストが非効率の原因となっているかを判別します。 時間傾向分析を使用して、季節によるピーク、異常、および傾向を比較します。,業界ベンチマークと比較した場合のパフォーマンスを管理担当者に通知し、管理者が複数の地域、施設、および建物タイプにわたって保全コストを比較できるようにします。,保全コスト合計 / 施設面積合計,IFMA,OP,運用・保守管理,明記,IBM® TRIRIGA® 操作,建物 (面積の計算) | 外部の企業システムからの財務データ,OP エグゼクティブ | OP サービス・マネージャー,OP エグゼクティブ,値ベース: グループ化横棒グラフ (収集期間: グループ化縦棒グラフ) | スコア・ベース: 横棒積み上げグラフ (収集期間: 積み上げ縦棒グラフ),下限しきい値: $.50/RSF | 上限しきい値: $1.5/RSF | 範囲 1: メンテナンス不十分/注意/黄色 | 範囲 2: 適切なメンテナンス/正/緑色 | 範囲 3: 過剰メンテナンス/負/赤色,triBuildingFact,triBuildingFact - メトリック - 維持管理コスト / 面積 ($/面積)、triBuildingFact - メトリック - 維持管理コスト / 面積 ($/面積) (スコア),地域 | ロケーション | 収集期間,地域 | ロケーション | 建物クラス | 建物保有権 | 地域 | ロケーション | 物件タイプ | 物件用途 | ミッション依存関係 | 法定金利,コスト・タイプ分類 = 保全/維持管理,月,月次,,2024-01-R | 2025-01-R | 2026-01-R,https://www.ibm.com/docs/ja/tririga/11.6.0?topic=metrics-custodial-housekeeping-costs-area-area-metric
M030,お客様満足度管理,カスタマー,顧客パフォーマンス,否定的な調査回答が送信された根本原因を判別し、改善の機会を特定します。 また、サービス・レベルのずれ、期待のギャップ、および利用者の意識を特定し、優良な顧客サービスを認識して報奨することができます。,組織がどれだけ効果的に施設占有者の要求を満たしているかを管理担当者に通知します。 このメトリックは、返された評価フォームの総計スコアに基づいています。,調査回答スコアの合計 / 調査の最大スコアの合計,Customer Focus Group,FA,施設・スペース管理,推定（ロールから）,,,EN ワークプレース・エグゼクティブ | FA 移動マネージャー/プランナー | FA スペース・マネージャー/プランナー,EN ワークプレース・エグゼクティブ,値ベース: グループ化横棒グラフ (%) (収集期間: グループ化縦棒グラフ (%)) | スコア・ベース: グループ化横棒グラフ (%) (収集期間: グループ化縦棒グラフ (%)),下限しきい値: .58 (58%) | 上限しきい値: .78 (78%) | 範囲 1: 悪い/負/赤色 | 範囲 2: パフォーマンス不十分/注意/黄色 | 範囲 3: 良好/正/緑色,triSurveyFact,triSurveyFact - メトリック - 顧客満足度 (%) メトリック – 施設、triSurveyFact - メトリック - 顧客満足度 (%) メトリック – 施設 (スコア),地域 | ロケーション | 担当組織 | 要求クラス | 収集期間 | 質問カテゴリー,地域 | ロケーション | 担当組織 | 要求クラス | 質問カテゴリー | 地域 | ロケーション | 組織 | スペース・クラス | 物件タイプ | 物件用途,アクティブな建物 アクティブなフロア,月,月次,,2008-01-R,https://www.ibm.com/docs/ja/tririga/11.6.0?topic=metrics-customer-satisfaction-facilities-metric
M031,密度 (面積/人),ポートフォリオ,ポートフォリオ・パフォーマンス,どの建物とフロアのロケーションが非効率の原因となっているかを判別します。 組織ごとに使用状況メトリックをレビューして、改善の機会がある作業者を判別します。 時間傾向分析を使用して、季節によるピーク、異常、および傾向を比較します。,使用される面積を、作業者ごとのメトリックとして扱うことにより、内部の傾向分析と外部のベンチマークのための建物占有キャパシティーとレイアウト効率の比較を容易に実行できるようにします。,合計面積 / 作業者数の合計,IFMA,FA,施設・スペース管理,推定（ロールから）,,,FA 移動マネージャー/プランナー | FA スペース・マネージャー/プランナー,,値ベース: グループ化横棒グラフ (収集期間: グループ化縦棒グラフ) | スコア・ベース: 横棒積み上げグラフ (収集期間: 積み上げ縦棒グラフ),下限しきい値: 230 SF/人 | 上限しきい値: 350 SF/人 | 範囲 1: 低い/注意/黄色 | 範囲 2: 中/正/緑色 | 範囲 3: 高い/負/赤色,triSpacePeopleFact,triSpacePeopleFact - メトリック - 密度 (面積/人) メトリック、triSpacePeopleFact - メトリック - 密度 (面積/人) メトリック (スコア),地域 | ロケーション | スペース・クラス | 組織 | 収集期間,地域 | ロケーション | スペース・クラス | 組織 | 作業者タイプ | 地域 | ロケーション | スペース・クラス | 組織 | 作業者タイプ | 物件タイプ | 物件用途,アクティブな建物 アクティブなフロア アクティブなスペース アクティブな人,月,月次,,,https://www.ibm.com/docs/ja/tririga/11.6.0?topic=metrics-density-areaperson-metric
M032,密度 (面積/作業ポイント),ポートフォリオ,ポートフォリオ・パフォーマンス,どの建物とフロアのロケーションが非効率の原因となっているかを判別します。 組織ごとに使用状況メトリックをレビューして、改善の機会がある作業ポイントを判別します。 時間傾向分析を使用して、季節によるピーク、異常、および傾向を比較します。,使用される面積を、作業ポイントごとのメトリックとして扱うことにより、内部の傾向分析と外部のベンチマークのための建物占有キャパシティーとレイアウト効率の比較を容易に実行できるようにします。,合計面積 / 作業ポイント数の合計,Customer Focus Group,FA,施設・スペース管理,推定（ロールから）,,,FA 移動マネージャー/プランナー | FA スペース・マネージャー/プランナー,,値ベース: グループ化横棒グラフ (収集期間: グループ化縦棒グラフ) | スコア・ベース: 横棒積み上げグラフ (収集期間: 積み上げ縦棒グラフ),下限しきい値: 250 SF/作業ポイント | 上限しきい値: 400 SF/作業ポイント | 範囲 1: 低い/注意/黄色 | 範囲 2: 中/正/緑色 | 範囲 3: 高い/負/赤色,triSpaceAllocationFact,triSpaceAllocationFact - メトリック - 密度 (面積/作業ポイント)、 triSpaceAllocationFact - メトリック - 密度 (面積/作業ポイント) (スコア),地域 | ロケーション | 組織 | 収集期間,地域 | ロケーション | 組織 | スペース・クラス,アクティブな建物 アクティブなフロア アクティブなスペース,月,月次,,2027-01-R | 2031-01-R | 2032-01-R | 2030-01-R | 2028-01-R | 2029-01-R,https://www.ibm.com/docs/ja/tririga/11.6.0?topic=metrics-density-areaworkpoint-metric
M033,緊急タスク・コスト比率,稼働,運用パフォーマンス,報告期間の緊急メンテナンス・タスクのコストについて、同じ期間中に完了したタスクのコストの合計に対するパーセンテージを判別します。 このメトリックを長期間にわたってチェックし、観測された傾向に基づいて、予防プログラムを表示、分析、および調整します。 緊急時活動または故障時活動のレベルが高い場合は、労働リソースの生産性比率は、社内であるか契約であるかに関わらず低くなります。,予防保全プログラムを組織がどれだけ効果的に実施しているかについて、管理担当者に通知します。 メンテナンスの労働力が、緊急時作業または故障時作業に使用されているかどうかを調べるために役立ちます。 通常、緊急時作業または故障時作業に使用される金額が、メンテナンス労働リソースの 20% を超える場合、予防保全プログラムは効果的ではありません。,緊急タスク・コスト合計 / メンテナンス・コスト合計,Customer Focus Group,OP,運用・保守管理,明記,IBM® TRIRIGA® 操作,タスク管理 | サービス管理 | 予防保全ジョブ計画 | PM スケジュール,OP サービス・マネージャー | OP 施設アセスメント・マネージャー/プランナー,,値ベース: グループ化横棒グラフ (収集期間: グループ化縦棒グラフ) | スコア・ベース: 横棒積み上げグラフ (収集期間: 積み上げ縦棒グラフ),下限しきい値: .05 (5%) | 上限しきい値: .2 (20%) | 範囲 1: 低い/正/緑色 | 範囲 2: 中/注意/黄色 | 範囲 3: 高い/負/赤色,triTaskDetailFact,triTaskDetailFact - メトリック - 緊急タスク・コスト比率、triTaskDetailFact - メトリック - 緊急タスク・コスト比率 (スコア),地域 | ロケーション | 担当組織 | 収集期間,地域 | ロケーション | 担当組織,タスク (「担当組織」セクションがあるタスク・タイプのみ) 状況 = 「完了」または「クローズ済み」のタスク,月,月次,,2007-01-R | 2006-01-R,https://www.ibm.com/docs/ja/tririga/11.6.0?topic=metrics-emergency-task-cost-ratio-metric
M034,排出量 (炭素) (米国トン CO2),環境,環境パフォーマンス,排出量が良好な施設と悪い施設を判別します。 時間傾向分析を使用して、季節によるピーク、異常、および傾向を比較します。,二酸化炭素トンを単位として 1 年ごとに測定される排出消費量を示します。,「合計 CO2e 出資比率報告」の合計 | 「CO2 出資比率報告」の合計 | 「輸送出資比率報告」の合計 | 「廃棄物出資比率報告」の合計 | 「他の排出物の出資比率報告」の合計,Customer Focus Group、EPA、Architecture 2030、EO 13423,ES,不動産環境維持管理,明記,IBM® TRIRIGA® 不動産環境の持続可能性,エネルギー・ログ | 炭素フットプリント・ログ | 輸送ログ | 廃棄物ログ,ES マネージャー/プランナー,,値ベース: 横棒積み上げグラフ (デフォルト表示) | 時間傾向: 積み上げ縦棒グラフ,なし,triLocationFact,triLocationFact – メトリック – 排出量 (炭素) (米国トン CO2)、 triLocationFact – メトリック – 排出量 (炭素) – 米国政府 (米国トン CO2),値ベース: 地域、ロケーション、収集期間,値ベース: 地域、ロケーション、建物クラス、建物保有権 (リース/所有) 米国連邦政府用: | 値ベース: 地域、ロケーション、物件タイプ、物件用途、ミッション依存関係、法定金利,アクティブな土地 アクティブな建物 アクティブ構造物 アクティブな小売ロケーション アクティブな炭素フットプリント・ログ・レコード,月,月次,,,https://www.ibm.com/docs/ja/tririga/11.6.0?topic=metrics-emissions-carbon-us-tons-co2-metric
M035,排出量 (炭素) 強度 (ポンド CO2/GSF),環境,環境パフォーマンス,総平方フィート (GSF) あたりの排出量が良好な施設と悪い施設を判別します。 時間傾向分析を使用して、季節によるピーク、異常、および傾向を比較します。,建物サイズに基づき、ポンド CO2/GSF を単位として 1 年ごとに測定される、正規化された炭素排出量を示します。,「合計 CO2e 出資比率報告」の合計排出量の平均 | CO2 出資比率報告 | 輸送出資比率報告 | 廃棄物出資比率報告,Customer Focus Group、EPA、Architecture 2030、EO 13423,ES,不動産環境維持管理,明記,IBM® TRIRIGA® 不動産環境の持続可能性,エネルギー・ログ | 炭素フットプリント・ログ | 輸送ログ | 廃棄物ログ,EN ワークプレース・エグゼクティブ | ES マネージャー/プランナー | FA 移動マネージャー/プランナー | OP エグゼクティブ | OP サービス・マネージャー | OP 施設アセスメント・マネージャー/プランナー | OP サービス技術員 | RE エグゼクティブ | RE トランザクション・マネージャー,EN ワークプレース・エグゼクティブ | OP エグゼクティブ | RE エグゼクティブ,値ベース: 横棒積み上げグラフ (デフォルト表示) | スコア・ベース: 横棒積み上げグラフ | 時間傾向: 積み上げ縦棒グラフ,下限しきい値: 1.2 | 上限しきい値: 8 | 範囲 1: 良好/正/緑色 | 範囲 2: 目標以内/注意/黄色 | 範囲 3: 過剰/高い/負/赤色,triLocationFact,triLocationFact – メトリック – 排出量 (炭素) 強度 (ポンド CO2/GSF) triLocationFact – メトリック – 排出量 (炭素) 強度 (ポンド CO2/GSF) (スコア) triLocationFact – メトリック – 排出量 (炭素) 強度 – GIS (ポンド CO2/GSF) triLocationFact – メトリック – 排出量 (炭素) 強度 – 米国政府 (ポンド CO2/GSF) triLocationFact – メトリック – 排出量 (炭素) 強度 – 米国政府 (ポンド CO2/GSF) (スコア) triLocationFact – メトリック – 排出量 (炭素) 強度 – 米国政府 - GIS (ポンド CO2/GSF),値ベース: 地域、ロケーション、収集期間、カレンダー年、カレンダー四半期、およびカレンダー月 | スコア・ベース: 地域、ロケーション、収集期間、カレンダー年、カレンダー四半期、およびカレンダー月,値ベース: 地域、ロケーション、建物クラス、建物保有権 (リース/所有) | スコア・ベース: 地域、ロケーション、建物クラス、建物保有権 (リース/所有) 米国連邦政府用: | 値ベース: 地域、ロケーション、物件タイプ、物件用途、ミッション依存関係、法定金利 | スコア・ベース: 地域、ロケーション、物件タイプ、物件用途、ミッション依存関係、法定金利,土地の除外 アクティブな建物 アクティブ構造物 アクティブな小売ロケーション アクティブな炭素フットプリント・ログ・レコード,月,月次,,,https://www.ibm.com/docs/ja/tririga/11.6.0?topic=metrics-emissions-carbon-intensity-lbs-co2-gsf-metric
M036,占有者あたりの排出量 (炭素) 強度 (トン CO2),環境,環境パフォーマンス,占有者ごとに、排出量が良好な施設と悪い施設を判別します。 時間傾向分析を使用して、季節によるピーク、異常、および傾向を比較します。,占有者の数に基づき、トン CO2/占有者を単位として 1 年ごとに測定される、正規化された排出消費量を示します。,「合計 CO2e 出資比率報告」の合計排出量の平均 | CO2 出資比率報告 | 輸送出資比率報告 | 廃棄物出資比率報告 / 全体の占有者の平均,Customer Focus Group、EPA、Architecture 2030、EO 13423,ES,不動産環境維持管理,明記,IBM® TRIRIGA® 不動産環境の持続可能性,エネルギー・ログ | 炭素フットプリント・ログ,ES マネージャー/プランナー,,値ベース: 横棒積み上げグラフ (デフォルト表示) | スコア・ベース: 横棒積み上げグラフ | 時間傾向: 積み上げ縦棒グラフ,下限しきい値: 0.08 | 上限しきい値: 3 | 範囲 1: 良好/正/緑色 | 範囲 2: 目標以内/注意/黄色 | 範囲 3: 過剰/高い/負/赤色,triLocationFact,triLocationFact – メトリック – 占有者あたりの排出量 (炭素) 強度 (トン CO2) triLocationFact – メトリック – 占有者あたりの排出量 (炭素) 強度 (トン CO2) (スコア) triLocationFact – メトリック – 占有者あたりの排出量 (炭素) 強度 – GIS (トン CO2) triLocationFact – メトリック – 占有者あたりの排出量 (炭素) 強度 – 米国政府 (トン CO2) triLocationFact – メトリック – 占有者あたりの排出量 (炭素) 強度 – 米国政府 (トン CO2) (スコア) triLocationFact – メトリック – 占有者あたりの排出量 (炭素) 強度– 米国政府 - GIS (トン CO2),値ベース: 地域、ロケーション、収集期間、カレンダー年、カレンダー四半期、およびカレンダー月 | スコア・ベース: 地域、ロケーション、収集期間、カレンダー年、カレンダー四半期、およびカレンダー月,値ベース: 地域、ロケーション、建物クラス、建物保有権 (リース/所有) | スコア・ベース: 地域、ロケーション、建物クラス、建物保有権 (リース/所有) 米国連邦政府用: | 値ベース: 地域、ロケーション、物件タイプ、物件用途、ミッション依存関係、法定金利 | スコア・ベース: 地域、ロケーション、物件タイプ、物件用途、ミッション依存関係、法定金利,土地の除外 アクティブな建物 アクティブ構造物 アクティブな小売ロケーション アクティブな炭素フットプリント・ログ・レコード,月,月次,,,https://www.ibm.com/docs/ja/tririga/11.6.0?topic=pmm-emissions-carbon-intensity-per-occupant-tons-co2-metric
M037,大気中への排出量 (ポンド質量),環境,環境パフォーマンス,大気中への排出量が良好な施設と悪い施設を判別します。 時間傾向分析を使用して、季節によるピーク、異常、および傾向を比較します。,キログラム単位で測定される大気中への排出量を示します。,大気中への合計排出量 (排出タイプごと) (キログラム),Customer Focus Group、コンサルティング会社、GHG イニシアチブ、GRI,ES,不動産環境維持管理,明記,IBM® TRIRIGA® 不動産環境の持続可能性,排出量ログ,ES マネージャー/プランナー,,値ベース: 排出タイプ別の横棒積み上げグラフ | 時間傾向: 積み上げ縦棒グラフ,なし,triLocationFact,triLocationFact – メトリック – 大気中への排出量 (ポンド質量)、triLocationFact – メトリック – 大気中への排出量 – 米国政府 (ポンド質量),値ベース: 地域、ロケーション、収集期間,値ベース: 地域、ロケーション、建物クラス、建物保有権 (リース/所有) 米国連邦政府用: | 値ベース: 地域、ロケーション、物件タイプ、物件用途、ミッション依存関係、法定金利,アクティブな土地 アクティブな建物 アクティブ構造物 アクティブな小売ロケーション アクティブな排出量ログ・レコード,月,月次,,,https://www.ibm.com/docs/ja/tririga/11.6.0?topic=metrics-emissions-air-lbs-mass-metric
M038,大気中への排出量強度 (キログラム/GSF),環境,環境パフォーマンス,大気中への排出量強度が良好な施設と悪い施設を判別します。 時間傾向分析を使用して、季節によるピーク、異常、および傾向を比較します。,建物サイズに基づき、キログラム/GSF を単位として 1 年ごとに測定される、正規化された排出量を示します。,大気中への合計排出量 (キログラム/GSF),Customer Focus Group、コンサルティング会社、GHG イニシアチブ、GRI,ES,不動産環境維持管理,明記,IBM® TRIRIGA® 不動産環境の持続可能性,排出量ログ,ES マネージャー/プランナー | FA 移動マネージャー/プランナー | OP エグゼクティブ | OP サービス・マネージャー | OP 施設アセスメント・マネージャー/プランナー | RE エグゼクティブ | RE トランザクション・マネージャー,OP エグゼクティブ | RE エグゼクティブ,値ベース: 横棒積み上げグラフ (デフォルト表示) | スコア・ベース: 横棒積み上げグラフ | 時間傾向: 積み上げ縦棒グラフ,下限しきい値: 80 | 上限しきい値: 91 | 範囲 1: 良好/正/緑色 | 範囲 2: 目標以内/注意/黄色 | 範囲 3: 過剰/高い/負/赤色,triLocationFact,triLocationFact – メトリック – 大気中への排出量強度 (キログラム/GSF) triLocationFact – メトリック – 大気中への排出量強度 (キログラム/GSF) (スコア) triLocationFact – メトリック – 大気中への排出量強度 – GIS (キログラム/GSF) triLocationFact – メトリック – 大気中への排出量強度 – 米国政府 (キログラム/GSF) triLocationFact – メトリック – 大気中への排出量強度 – 米国政府 (キログラム/GSF) (スコア) triLocationFact – メトリック – 大気中への排出量強度 – 米国政府 - GIS (キログラム/GSF),値ベース: 地域、ロケーション、収集期間 | スコア・ベース: 地域、ロケーション、収集期間,値ベース: 地域、ロケーション、建物クラス、建物保有権 (リース/所有) | スコア・ベース: 地域、ロケーション、建物クラス、建物保有権 (リース/所有) 米国連邦政府用: | 値ベース: 地域、ロケーション、物件タイプ、物件用途、ミッション依存関係、法定金利 | スコア・ベース: 地域、ロケーション、物件タイプ、物件用途、ミッション依存関係、法定金利,土地の除外 アクティブな建物 アクティブ構造物 アクティブな小売ロケーション アクティブな排出量ログ・レコード,月,月次,,,https://www.ibm.com/docs/ja/tririga/11.6.0?topic=metrics-emissions-air-intensity-kilograms-gsf-metric
M039,エネルギー・コスト (USD),財務,財務パフォーマンス,エネルギー・コストが良好な施設と悪い施設を判別します。 時間傾向分析を使用して、季節によるピーク、異常、および傾向を比較します。,USD で計算されるエネルギー・コスト効率を示します。,合計エネルギー・コスト,Customer Focus Group、EPA、Architecture 2030、EO 13423,ES,不動産環境維持管理,明記,IBM® TRIRIGA® 不動産環境の持続可能性,エネルギー・ログ,ES マネージャー/プランナー,,値ベース: グループ化横棒グラフ | 時間傾向: グループ化縦棒グラフ,なし,triEnergyLogFact,triEnergyFact – メトリック – エネルギー・コスト (USD) triEnergyLogFact – メトリック – エネルギー・コスト – 米国政府 (USD) triEnergyLogFact – メトリック – エネルギー・コスト – 米国政府 – GIS (USD),値ベース: 地域、ロケーション、収集期間、エネルギー・タイプ,値ベース: 地域、ロケーション、建物クラス、建物保有権 (リース/所有)、エネルギー・タイプ 米国連邦政府用: | 値ベース: 地域、ロケーション、物件タイプ、物件用途、法定金利、ミッション依存関係、エネルギー・タイプ,アクティブな土地 アクティブな建物 アクティブ構造物 アクティブな小売ロケーション アクティブなエネルギー・ログ・レコード,月,月次,,,https://www.ibm.com/docs/ja/tririga/11.6.0?topic=metrics-energy-cost-usd-metric
M040,エネルギー・コスト (USD),財務,財務パフォーマンス,エネルギー・タイプに基づいて、エネルギー・コストが良好な施設と悪い施設を判別します。 時間傾向分析を使用して、季節によるピーク、異常、および傾向を比較します。,USD で計算されるエネルギー・コスト効率を示します。,合計エネルギー・コスト (エネルギー・タイプ別),Customer Focus Group、EPA、Architecture 2030、EO 13423,ES,不動産環境維持管理,明記,IBM® TRIRIGA® 不動産環境の持続可能性,エネルギー・ログ,ES マネージャー/プランナー,,値ベース: エネルギー・タイプによるグループ化横棒グラフ | 時間傾向: グループ化縦棒グラフ,なし,triLocationFact,triLocationFact – メトリック – エネルギー・コスト (USD) triLocationFact – メトリック – エネルギー・コスト – 米国政府 (USD) triLocationFact – メトリック – エネルギー・コスト – 米国政府 – GIS (USD),値ベース: 地域、ロケーション、収集期間,値ベース: 地域、ロケーション、建物クラス、建物保有権 (リース/所有) 米国連邦政府用: | 値ベース: 地域、ロケーション、物件タイプ、物件用途、ミッション依存関係、法定金利,アクティブな土地 アクティブな建物 アクティブ構造物 アクティブな小売ロケーション アクティブなエネルギー・ログ・レコード,月,月次,,,https://www.ibm.com/docs/ja/tririga/11.6.0?topic=metrics-energy-cost-usd-energy-type-metric
M041,エネルギー・コスト比率 (%),財務,財務パフォーマンス,施設でのエネルギー・コストの比率を、運用コスト合計 (TCO) のパーセンテージとして測定します。,合計エネルギー・コストを、施設を運営するためのコスト合計の関数として等式化することによって、内部の傾向分析と外部のベンチマークを容易に実行できるようにします。 エグゼクティブは、このメトリックを他のファイナンシャル・メトリックと一緒に使用することにより、さまざまな環境イニシアチブのコスト内訳を分析することができます。,合計エネルギー・コスト / 運用コスト合計 (TCO),Customer Focus Group、コンサルティング会社,ES,不動産環境維持管理,明記,IBM® TRIRIGA® 不動産環境の持続可能性,コスト・コード構造 | 財務状況の概要 | エネルギー・ログ,EN ワークプレース・エグゼクティブ | ES マネージャー/プランナー | OP エグゼクティブ | RE エグゼクティブ,EN ワークプレース・エグゼクティブ | OP エグゼクティブ | RE エグゼクティブ,値ベース: グループ化横棒グラフ (デフォルト表示) | スコア・ベース: 横棒積み上げグラフ | 時間傾向: 積み上げ縦棒グラフ,下限しきい値: 0.03 | 上限しきい値: 0.07 | 範囲 1: 良好/正/緑色 | 範囲 2: 目標以内/注意/黄色 | 範囲 3: 過剰/高い/負/赤色,triLocationFact,triLocationFact – メトリック – エネルギー・コスト比率 (%) triLocationFact – メトリック – エネルギー・コスト比率 (%) (スコア) triLocationFact – メトリック – エネルギー・コスト比率 - GIS (%),値ベース: ロケーション、地域、収集期間 | スコア・ベース: ロケーション、地域、収集期間,値ベース: ロケーション、地域 | スコア・ベース: ロケーション、地域,アクティブな土地 アクティブな建物 アクティブ構造物 アクティブな小売ロケーション アクティブなエネルギー・ログ・レコード,月,月次,,,https://www.ibm.com/docs/ja/tririga/11.6.0?topic=metrics-energy-cost-ratio-metric
M042,エネルギー利用,環境,環境パフォーマンス,エネルギー利用が良好な施設と悪い施設を判別します。 時間傾向分析を使用して、季節によるピーク、異常、および傾向を比較します。,1000 イギリス熱単位 (kBtu) を単位として測定されてからキロワット/平方メートル (kW/m2) に変換されるエネルギー消費量を示します。,合計エネルギー利用,Customer Focus Group、EPA、Architecture 2030、EO 13423,ES,不動産環境維持管理,明記,IBM® TRIRIGA® 不動産環境の持続可能性,エネルギー・ログ,ES マネージャー/プランナー,,値ベース: エネルギー・タイプによるグループ化横棒グラフ | 時間傾向: グループ化縦棒グラフ,なし,triEnergyLogFact,triEnergyLogFact – メトリック – エネルギー利用 triEnergyLogFact – メトリック – エネルギー利用 – 米国政府 triEnergyLogFact – メトリック – エネルギー利用 – 米国政府 - GIS,値ベース: 地域、ロケーション、収集期間、エネルギー・タイプ,値ベース: 地域、ロケーション、エネルギー・タイプ、建物クラス、建物保有権 (リース/所有) 米国連邦政府用: | 値ベース: 地域、ロケーション、物件タイプ、物件用途、ミッション依存関係、法定金利,アクティブな土地 アクティブな建物 アクティブ構造物 アクティブな小売ロケーション アクティブなエネルギー・ログ・レコード,月,月次,,,https://www.ibm.com/docs/ja/tririga/11.6.0?topic=metrics-energy-use-metric
M043,エネルギー利用,環境,環境パフォーマンス,エネルギー・タイプに基づいて、エネルギー利用が良好な施設と悪い施設を判別します。 時間傾向分析を使用して、季節によるピーク、異常、および傾向を比較します。,1000 イギリス熱単位 (kBtu) (キロワット/平方メートル (kW/m2)) を単位として測定されるエネルギー消費量を示します。,合計エネルギー利用 (エネルギー・タイプ別),Customer Focus Group、EPA、Architecture 2030、EO 13423,ES,不動産環境維持管理,明記,IBM® TRIRIGA® 不動産環境の持続可能性,エネルギー・ログ,ES マネージャー/プランナー,,値ベース: エネルギー・タイプによるグループ化横棒グラフ | 時間傾向: グループ化縦棒グラフ,なし,triLocationFact,triLocationFact – メトリック – エネルギー利用 triLocationFact – メトリック – エネルギー利用 – 米国政府 triLocationFact – メトリック – エネルギー利用 – 米国政府 - GIS,値ベース: 地域、ロケーション、収集期間,値ベース: 地域、ロケーション、建物クラス、建物保有権 (リース/所有) 米国連邦政府用: | 値ベース: 地域、ロケーション、物件タイプ、物件用途、ミッション依存関係、法定金利,アクティブな土地 アクティブな建物 アクティブ構造物 アクティブな小売ロケーション アクティブなエネルギー・ログ・レコード,月,月次,,,https://www.ibm.com/docs/ja/tririga/11.6.0?topic=metrics-energy-use-energy-type-metric
M044,冷房度日別のエネルギー利用 (キロワット時),環境,環境パフォーマンス,エネルギー利用が良好な施設と悪い施設を判別します。 時間傾向分析を使用して、季節によるピーク、異常、および傾向を比較します。,建物のサイズと気象に基づいて、1000 イギリス熱単位 (kBtu) を単位として度日ごとに平方フィートあたりの値として測定される、正規化されたエネルギー消費量を示します。,合計エネルギー利用 / GSF / 度日,Customer Focus Group、EPA、Architecture 2030、EO 13423,ES,不動産環境維持管理,明記,IBM® TRIRIGA® 不動産環境の持続可能性,エネルギー・ログ,ES マネージャー,,値ベース: 横棒積み上げグラフ (デフォルト表示) | スコア・ベース: 横棒積み上げグラフ | 時間傾向: 積み上げ縦棒グラフ,下限しきい値: 1500 | 上限しきい値: 8000 | 範囲 1: 良好/正/緑色 | 範囲 2: 目標以内/注意/黄色 | 範囲 3: 過剰/負/赤色,triLocationFact,triLocationFact – メトリック – 冷房度日別のエネルギー利用 (キロワット時) triLocationFact – メトリック – 冷房度日別のエネルギー利用 (キロワット時) (スコア) triLocationFact – メトリック – 冷房度日別のエネルギー利用 – 米国政府 (キロワット時) triLocationFact – メトリック – 冷房度日別のエネルギー利用 – 米国政府 (キロワット時) (スコア),値ベース: 地域、ロケーション、収集期間 | スコア・ベース: 地域、ロケーション、収集期間,値ベース: 地域、ロケーション、建物クラス、建物保有権 (リース/所有) | スコア・ベース: 地域、ロケーション、建物クラス、建物保有権 (リース/所有) 米国連邦政府用: | 値ベース: 地域、ロケーション、物件タイプ、物件用途、ミッション依存関係、法定金利 | スコア・ベース: 地域、ロケーション、物件タイプ、物件用途、ミッション依存関係、法定金利,土地の除外 アクティブな建物 アクティブ構造物 アクティブな小売ロケーション アクティブなエネルギー・ログ・レコード,月,月次,,,https://www.ibm.com/docs/ja/tririga/11.6.0?topic=pmm-energy-use-by-cooling-degree-day-kilowatt-hours-metric
M045,度日合計別のエネルギー利用 (キロワット時/度日単位),環境,環境パフォーマンス,エネルギー利用が良好な施設と悪い施設を判別します。 時間傾向分析を使用して、季節によるピーク、異常、および傾向を比較します。,建物のサイズと気象に基づいて、1000 イギリス熱単位 (kBtu) を単位として度日ごとに平方フィートあたりの値として測定される、正規化されたエネルギー消費量を示します。,合計エネルギー利用 / GSF / 度日,Customer Focus Group、EPA、Architecture 2030、EO 13423,ES,不動産環境維持管理,明記,IBM® TRIRIGA® 不動産環境の持続可能性,エネルギー・ログ,ES マネージャー,,値ベース: 横棒積み上げグラフ (デフォルト表示) | スコア・ベース: 横棒積み上げグラフ | 時間傾向: 積み上げ縦棒グラフ,下限しきい値: 900 | 上限しきい値: 8000 | 範囲 1: 良好/正/緑色 | 範囲 2: 目標以内/注意/黄色 | 範囲 3: 過剰/負/赤色,triLocationFact,triLocationFact – メトリック – 度日合計別のエネルギー使用 (キロワット時) triLocationFact – メトリック – 度日合計別のエネルギー使用 (キロワット時) (スコア) triLocationFact – メトリック – 度日合計別のエネルギー使用 – 米国政府 (キロワット時) triLocationFact – メトリック – 度日合計別のエネルギー使用 – 米国政府 (キロワット時) (スコア),値ベース: 地域、ロケーション、収集期間 | スコア・ベース: 地域、ロケーション、収集期間,値ベース: 地域、ロケーション、建物クラス、建物保有権 (リース/所有) | スコア・ベース: 地域、ロケーション、建物クラス、建物保有権 (リース/所有) 米国連邦政府用: | 値ベース: 地域、ロケーション、物件タイプ、物件用途、ミッション依存関係、法定金利 | スコア・ベース: 地域、ロケーション、物件タイプ、物件用途、ミッション依存関係、法定金利,土地の除外 アクティブな建物 アクティブ構造物 アクティブな小売ロケーション アクティブなエネルギー・ログ・レコード,月,月次,,,https://www.ibm.com/docs/ja/tririga/11.6.0?topic=pmm-energy-use-by-degree-day-total-kilowatt-hours-degree-days-metric
M046,暖房度日別のエネルギー利用 (キロワット時),環境,環境パフォーマンス,エネルギー利用が良好な施設と悪い施設を判別します。 時間傾向分析を使用して、季節によるピーク、異常、および傾向を比較します。,建物のサイズと気象に基づいて、1000 イギリス熱単位 (kBtu) を単位として度日ごとに平方フィートあたりの値として測定される、正規化されたエネルギー消費量を示します。,合計エネルギー利用 / GSF / 度日,Customer Focus Group、EPA、Architecture 2030、EO 13423,ES,不動産環境維持管理,明記,IBM® TRIRIGA® 不動産環境の持続可能性,エネルギー・ログ,ES マネージャー,,値ベース: 横棒積み上げグラフ (デフォルト表示) | スコア・ベース: 横棒積み上げグラフ | 時間傾向: 積み上げ縦棒グラフ,下限しきい値: 250 | 上限しきい値: 1500 | 範囲 1: 良好/正/緑色 | 範囲 2: 目標以内/注意/黄色 | 範囲 3: 過剰/負/赤色,triLocationFact,triLocationFact – メトリック – 暖房度日別のエネルギー利用 (キロワット時) triLocationFact – メトリック – 暖房度日別のエネルギー利用 (キロワット時) (スコア) triLocationFact – メトリック – 暖房度日別のエネルギー利用 – 米国政府 (キロワット時) triLocationFact – メトリック – 暖房度日別のエネルギー利用 – 米国政府 (キロワット時) (スコア),値ベース: 地域、ロケーション、収集期間 | スコア・ベース: 地域、ロケーション、収集期間,値ベース: 地域、ロケーション、建物クラス、建物保有権 (リース/所有) | スコア・ベース: 地域、ロケーション、建物クラス、建物保有権 (リース/所有) 米国連邦政府用: | 値ベース: 地域、ロケーション、物件タイプ、物件用途、ミッション依存関係、法定金利 | スコア・ベース: 地域、ロケーション、物件タイプ、物件用途、ミッション依存関係、法定金利,土地の除外 アクティブな建物 アクティブ構造物 アクティブな小売ロケーション アクティブなエネルギー・ログ・レコード,月,月次,,,https://www.ibm.com/docs/ja/tririga/11.6.0?topic=pmm-energy-use-by-heating-degree-day-kilowatt-hours-metric
M047,エネルギー使用強度 (キロワット時/GSF),環境,環境パフォーマンス,エネルギー利用が良好な施設と悪い施設を判別します。 時間傾向分析を使用して、季節によるピーク、異常、および傾向を比較します。,建物のサイズに基づいて、1000 イギリス熱単位 (kBtu) を単位として 1 年ごとに平方フィートあたりの値として測定されてから、キロワット/平方メートル/年 (kW/m2/year) に変換される、正規化されたエネルギー消費量を示します。 このメトリックは、さまざまなロケーションの気象に対応して正規化することもできます。,合計エネルギー利用 / GSF,Customer Focus Group、EPA、Architecture 2030、EO 13423,ES,不動産環境維持管理,明記,IBM® TRIRIGA® 不動産環境の持続可能性,エネルギー・ログ,EN ワークプレース・エグゼクティブ | ES マネージャー/プランナー | FA 移動マネージャー/プランナー | OP エグゼクティブ | OP サービス・マネージャー | OP 施設アセスメント・マネージャー/プランナー | OP サービス技術員 | RE エグゼクティブ | RE トランザクション・マネージャー,EN ワークプレース・エグゼクティブ | OP エグゼクティブ | RE エグゼクティブ,値ベース: 横棒積み上げグラフ (デフォルト表示) | スコア・ベース: 横棒積み上げグラフ | 時間傾向: 積み上げ縦棒グラフ,下限しきい値: 3.5 | 上限しきい値: 6 | 範囲 1: 良好/正/緑色 | 範囲 2: 目標以内/注意/黄色 | 範囲 3: 過剰/高い/負/赤色,triLocationFact,triLocationFact – メトリック – エネルギー使用強度 (キロワット時/GSF) triLocationFact – メトリック – エネルギー使用強度 (キロワット時/GSF) (スコア) triLocationFact – メトリック – エネルギー使用強度 – GIS (キロワット時/GSF) triLocationFact – メトリック – エネルギー使用強度 – 米国政府 (キロワット時/GSF) triLocationFact – メトリック – エネルギー使用強度 – 米国政府 (キロワット時/GSF) (スコア),値ベース: 地域、ロケーション、収集期間、カレンダー年、カレンダー四半期、およびカレンダー月 | スコア・ベース: 地域、ロケーション、収集期間,値ベース: 地域、ロケーション、建物クラス、建物保有権 (リース/所有) | スコア・ベース: 地域、ロケーション、建物クラス、建物保有権 (リース/所有) 米国連邦政府用: | 値ベース: 地域、ロケーション、物件タイプ、物件用途、ミッション依存関係、法定金利 | スコア・ベース: 地域、ロケーション、物件タイプ、物件用途、ミッション依存関係、法定金利,土地の除外 アクティブな建物 アクティブ構造物 アクティブな小売ロケーション アクティブなエネルギー・ログ・レコード,月,月次,,,https://www.ibm.com/docs/ja/tririga/11.6.0?topic=metrics-energy-use-intensity-kilowatt-hours-gsf-metric
M048,エネルギー使用強度 (メガジュール/GSF),環境,環境パフォーマンス,エネルギー利用が良好な施設と悪い施設を判別します。 時間傾向分析を使用して、季節によるピーク、異常、および傾向を比較します。,建物のサイズに基づいて、1000 イギリス熱単位 (kBtu) を単位として 1 年ごとに平方フィートあたりの値として測定されてから、メガジュール/平方メートル/年 (MJ/m2/year) に変換される、正規化されたエネルギー消費量を示します。 このメトリックは、さまざまなロケーションの気象に対応して正規化することもできます。,合計エネルギー利用 / GSF,Customer Focus Group、EPA、Architecture 2030、EO 13423,ES,不動産環境維持管理,明記,IBM® TRIRIGA® 不動産環境の持続可能性,エネルギー・ログ,EN ワークプレース・エグゼクティブ | ES マネージャー/プランナー | FA 移動マネージャー/プランナー | OP エグゼクティブ | OP サービス・マネージャー | OP 施設アセスメント・マネージャー/プランナー | OP サービス技術員 | RE エグゼクティブ | RE トランザクション・マネージャー,EN ワークプレース・エグゼクティブ | OP エグゼクティブ | RE エグゼクティブ,値ベース: 横棒積み上げグラフ (デフォルト表示) | スコア・ベース: 横棒積み上げグラフ | 時間傾向: 積み上げ縦棒グラフ,下限しきい値: 3.5 | 上限しきい値: 6 | 範囲 1: 良好/正/緑色 | 範囲 2: 目標以内/注意/黄色 | 範囲 3: 過剰/高い/負/赤色,triLocationFact,triLocationFact – メトリック – エネルギー使用強度 (メガジュール/GSF) triLocationFact – メトリック – エネルギー使用強度 (メガジュール/GSF) (スコア) triLocationFact – メトリック – エネルギー使用強度 – GIS (メガジュール/GSF) triLocationFact – メトリック – エネルギー使用強度 – 米国政府 (メガジュール/GSF) triLocationFact – メトリック – エネルギー使用強度 – 米国政府 (メガジュール/GSF) (スコア),値ベース: 地域、ロケーション、収集期間、カレンダー年、カレンダー四半期、およびカレンダー月 | スコア・ベース: 地域、ロケーション、収集期間,値ベース: 地域、ロケーション、建物クラス、建物保有権 (リース/所有) | スコア・ベース: 地域、ロケーション、建物クラス、建物保有権 (リース/所有) 米国連邦政府用: | 値ベース: 地域、ロケーション、物件タイプ、物件用途、ミッション依存関係、法定金利 | スコア・ベース: 地域、ロケーション、物件タイプ、物件用途、ミッション依存関係、法定金利,土地の除外 アクティブな建物 アクティブ構造物 アクティブな小売ロケーション アクティブなエネルギー・ログ・レコード,月,月次,,,https://www.ibm.com/docs/ja/tririga/11.6.0?topic=metrics-energy-use-intensity-megajoules-gsf-metric
M049,占有者あたりのエネルギー使用強度 (キロワット時/占有者),環境,環境パフォーマンス,エネルギー利用が良好な施設と悪い施設を判別します。 時間傾向分析を使用して、季節によるピーク、異常、および傾向を比較します。,占有者の数に基づいて、1000 イギリス熱単位 (kBtu) を単位として 1 年ごとに 1 人の占有者あたりの値として測定されてから、キロワット/占有者/年 (kW/占有者/年) に変換される、正規化されたエネルギー消費量を示します。,合計エネルギー利用 (エネルギー・タイプ別) / 占有者数の合計,Customer Focus Group、EPA、Architecture 2030、EO 13423,ES,不動産環境維持管理,明記,IBM® TRIRIGA® 不動産環境の持続可能性,エネルギー・ログ,ES マネージャー/プランナー,,値ベース: 横棒積み上げグラフ (デフォルト表示) | スコア・ベース: 横棒積み上げグラフ | 時間傾向: 積み上げ縦棒グラフ,下限しきい値: 320 | 上限しきい値: 700 | 範囲 1: 良好/正/緑色 | 範囲 2: 目標以内/注意/黄色 | 範囲 3: 過剰/負/赤色,triLocationFact,triLocationFact – メトリック – 占有者あたりのエネルギー使用強度 (キロワット時) triLocationFact – メトリック – 占有者あたりのエネルギー使用強度 – 米国政府 (キロワット時) triLocationFact – メトリック – 占有者あたりのエネルギー使用強度 – 米国政府 (キロワット時) (スコア) triLocationFact – メトリック – 占有者あたりのエネルギー使用強度 – 米国政府 - GIS (キロワット時) triLocationFact – メトリック – 占有者あたりのエネルギー使用強度 (キロワット時) (スコア) triLocationFact – メトリック – 占有者あたりのエネルギー使用強度 - GIS (キロワット時),値ベース: 地域、ロケーション、収集期間、カレンダー年、カレンダー四半期、およびカレンダー月 | スコア・ベース: 地域、ロケーション、収集期間,値ベース: 地域、ロケーション、建物クラス、建物保有権 (リース/所有) | スコア・ベース: 地域、ロケーション、建物クラス、建物保有権 (リース/所有) 米国連邦政府用: | 値ベース: 地域、ロケーション、物件タイプ、物件用途、ミッション依存関係、法定金利 | スコア・ベース: 地域、ロケーション、物件タイプ、物件用途、ミッション依存関係、法定金利,土地の除外 アクティブな建物 アクティブ構造物 アクティブな小売ロケーション アクティブなエネルギー・ログ・レコード,月,月次,,,https://www.ibm.com/docs/ja/tririga/11.6.0?topic=pmm-energy-use-intensity-per-occupant-kilowatt-hours-occupant-metric
M050,占有者あたりのエネルギー使用強度 (キロワット時/占有者),環境,環境パフォーマンス,エネルギー利用が良好な施設と悪い施設を判別します。 時間傾向分析を使用して、季節によるピーク、異常、および傾向を比較します。,占有者の数に基づいて、1000 イギリス熱単位 (kBtu) を単位として 1 年ごとに 1 人の占有者あたりの値として測定されてから、メガジュール/占有者/年 (MJ/占有者/年) に変換される、正規化されたエネルギー消費量を示します。,合計エネルギー利用 (エネルギー・タイプ別) / 占有者数の合計,Customer Focus Group、EPA、Architecture 2030、EO 13423,ES,不動産環境維持管理,明記,IBM® TRIRIGA® 不動産環境の持続可能性,エネルギー・ログ,ES マネージャー/プランナー,,値ベース: 横棒積み上げグラフ (デフォルト表示) | スコア・ベース: 横棒積み上げグラフ | 時間傾向: 積み上げ縦棒グラフ,下限しきい値: 320 | 上限しきい値: 700 | 範囲 1: 良好/正/緑色 | 範囲 2: 目標以内/注意/黄色 | 範囲 3: 過剰/負/赤色,triLocationFact,triLocationFact – メトリック – 占有者あたりのエネルギー使用強度 (メガジュール) triLocationFact – メトリック – 占有者あたりのエネルギー使用強度 – 米国政府 (メガジュール) triLocationFact – メトリック – 占有者あたりのエネルギー使用強度 – 米国政府 (メガジュール) (スコア) triLocationFact – メトリック – 占有者あたりのエネルギー使用強度 – 米国政府 - GIS (メガジュール) triLocationFact – メトリック – 占有者あたりのエネルギー使用強度 (メガジュール) (スコア) triLocationFact – メトリック – 占有者あたりのエネルギー使用強度 - GIS (メガジュール),値ベース: 地域、ロケーション、収集期間、カレンダー年、カレンダー四半期、およびカレンダー月 | スコア・ベース: 地域、ロケーション、収集期間,値ベース: 地域、ロケーション、建物クラス、建物保有権 (リース/所有) | スコア・ベース: 地域、ロケーション、建物クラス、建物保有権 (リース/所有) 米国連邦政府用: | 値ベース: 地域、ロケーション、物件タイプ、物件用途、ミッション依存関係、法定金利 | スコア・ベース: 地域、ロケーション、物件タイプ、物件用途、ミッション依存関係、法定金利,土地の除外 アクティブな建物 アクティブ構造物 アクティブな小売ロケーション アクティブなエネルギー・ログ・レコード,月,月次,,,https://www.ibm.com/docs/ja/tririga/11.6.0?topic=pmm-energy-use-intensity-per-occupant-megajoules-occupant-metric
M051,環境チェックリスト格付け (%),環境,環境パフォーマンス,チェックリスト項目について、格付けに基づいて施設の環境パフォーマンスを調査します。 チェックリスト・カテゴリーごとにクラス最高の建物を分析し、エネルギー機会を比較します。,複数の建物、地域、およびチェックリストのカテゴリーと項目にまたがって施設の環境パフォーマンスを分析することにより、内部の傾向分析と外部のベンチマークを容易に実行できるようにします。,チェックリスト・カテゴリーおよびチェックリスト項目の格付け,USGBC、BREEAM、IPD、GBI,ES,不動産環境維持管理,明記,IBM® TRIRIGA® 不動産環境の持続可能性,チェックリスト,ES マネージャー/プランナー,,値ベース: 横棒積み上げグラフ (デフォルト表示) | スコア・ベース: 横棒積み上げグラフ | 時間傾向: 積み上げ縦棒グラフ,下限しきい値: 0.1 | 上限しきい値: 0.4 | 範囲 1: 目標以下/負/赤色 | 範囲 2: 目標以内/注意/黄色 | 範囲 3: 良好/正/緑色,triChecklistItemFact,triChecklistItemFact – メトリック – 環境チェックリスト格付け (%) triChecklistItemFact – メトリック – 環境チェックリスト格付け (%) (スコア) triChecklistItemFact – メトリック – 環境チェックリスト格付け - GIS (%) triChecklistItemFact – メトリック – 環境チェックリスト格付け - 米国政府 (%) triChecklistItemFact – メトリック – 環境チェックリスト格付け - 米国政府 (%) (スコア) triChecklistItemFact – メトリック – 環境チェックリスト格付け - 米国政府 - GIS (%),値ベース: ロケーション、チェックリスト・タイプ、チェックリスト・カテゴリー、収集期間 | スコア・ベース: ロケーション、チェックリスト・タイプ、チェックリスト・カテゴリー、収集期間,値ベース: 地域、ロケーション、建物クラス、建物保有権、チェックリスト・タイプ、チェックリスト・カテゴリー | スコア・ベース: 地域、ロケーション、建物クラス、建物保有権、チェックリスト・タイプ、チェックリスト・カテゴリー 米国連邦政府用: | 値ベース: 地域、ロケーション、チェックリスト・タイプ、チェックリスト・カテゴリー、物件タイプ、物件用途、ミッション依存関係、法定金利 | スコア・ベース: 地域、ロケーション、チェックリスト・タイプ、チェックリスト・カテゴリー、物件タイプ、物件用途、ミッション依存関係、法定金利,アクティブな建物 アクティブなチェックリストと承認済みチェックリスト,月,月次,2078-01-R,,https://www.ibm.com/docs/ja/tririga/11.6.0?topic=metrics-environmental-checklist-rating-metric
M052,環境評価調査 (%),カスタマー,顧客パフォーマンス,送信された否定的な調査回答の根本原因を判別します。 改善の機会を特定します。 クライアントの回答を、実施された環境改善と比較します。 不整合な期待のギャップおよび消費者の知見を特定します。 優れた環境サービスを評価して報酬を与えます。,組織がどれだけ効果的に施設占有者に生産性の高い作業環境を提供しているかを管理担当者に通知します。 返送された評価フォームからの平均スコアに基づいています。,総合顧客満足度 = 合計調査回答スコア / 調査質問数の合計 (完了した調査質問の平均スコア),Customer Focus Group,ES,不動産環境維持管理,明記,IBM® TRIRIGA® 不動産環境の持続可能性,環境調査および評価要求,ES マネージャー/プランナー,,値ベース: 横棒積み上げグラフ (デフォルト表示) | スコア・ベース: 横棒積み上げグラフ | 時間傾向: 積み上げ縦棒グラフ,下限しきい値: 0.58 | 上限しきい値: 0.78 | 範囲 1: 悪い/負/赤色 | 範囲 2: パフォーマンス不十分/注意/黄色 | 範囲 3: 良好/正/緑色,triSurveyFact,triSurveyFact – メトリック – 環境評価調査 (%) triSurveyFact – メトリック – 環境評価調査 (%) (スコア) triSurveyFact – メトリック – 環境評価調査 – 米国政府 (%) triSurveyFact – メトリック – 環境評価調査 (スコア) – 米国政府 (%) triSurveyFact – メトリック – 環境評価調査 - GIS (%) triSurveyFact – メトリック – 環境評価調査 – 米国政府 - GIS (%),値ベース: 地域、ロケーション、応答組織、要求組織、収集期間、質問カテゴリー | スコア・ベース: 地域、ロケーション、応答組織、要求組織、収集期間、質問カテゴリー,値ベース: 地域、ロケーション、建物クラス、建物保有権 (リース/所有)、応答組織、要求組織、質問カテゴリー | スコア・ベース: 地域、ロケーション、建物クラス、建物保有権 (リース/所有)、応答組織、要求組織、質問カテゴリー 米国連邦政府用: | 値ベース: 地域、ロケーション、応答組織、要求組織、質問カテゴリー、物件タイプ、物件用途、ミッション依存関係、法定金利 | スコア・ベース: 地域、ロケーション、応答組織、要求組織、質問カテゴリー、物件タイプ、物件用途、ミッション依存関係、法定金利,0.0 の質問スコアまたは該当しないものを除外,月,月次,,2008-01-R,https://www.ibm.com/docs/ja/tririga/11.6.0?topic=metrics-environmental-evaluation-survey-metric
M053,環境機会分析,環境,環境パフォーマンス,機会タイプ、コスト、および節減によってポートフォリオ全体にわたる環境機会を分析し、最良の投資機会を判別します。,プロジェクト、タスク、または管理イニシアチブによって実行された作業により、エネルギー、水、および廃棄物の消費量に良い影響を与えたり、排出量を削減したり、炭素フットプリントを削減したりすることができる領域を定義するために、環境機会を作成します。,環境機会 (NPV),Customer Focus Group、コンサルティング会社,ES,不動産環境維持管理,明記,IBM® TRIRIGA® 不動産環境の持続可能性,エネルギー機会 (欠陥),ES マネージャー/プランナー | FA 移動マネージャー/プランナー | OP サービス・マネージャー | OP 施設アセスメント・マネージャー/プランナー,,値ベース: グループ化横棒グラフ (デフォルト表示) | 時間傾向: グループ化縦棒グラフ,下限しきい値: 1 | 上限しきい値: 2 | 範囲 1: 良好/正/緑色 | 範囲 2: 目標以内/注意/黄色 | 範囲 3: 過剰/負/赤色,triLocationFact,triLocationFact – メトリック – 環境機会分析、 triLocationFact – メトリック – 環境機会分析 – 米国政府,値ベース: 地域、ロケーション、収集期間,値ベース: 地域、ロケーション | スコア・ベース: 地域、ロケーション 米国連邦政府用: | 値ベース: 地域、ロケーション、物件タイプ、物件用途、ミッション依存関係、法定金利 | スコア・ベース: 地域、ロケーション、物件タイプ、物件用途、ミッション依存関係、法定金利,アクティブな建物 アクティブ 据え置き 完了したエネルギー機会,月,月次,,,https://www.ibm.com/docs/ja/tririga/11.6.0?topic=metrics-environmental-opportunity-analysis-metric
M054,環境プロジェクト効率比 (USD/トン CO2),環境,環境パフォーマンス,施設における炭素排出量の計画された節減額の比率を、環境プロジェクトおよびタスクの合計コストのパーセンテージとして測定します。,環境プロジェクトおよびタスクを、炭素排出量の節減と関連付けます。 このメトリックは、炭素排出量の節減を環境プロジェクトおよびタスクのコスト合計の関数として等式化することによって、内部の傾向分析と外部のベンチマークを容易に実行できるようにします。 エグゼクティブは、このメトリックを他のファイナンシャル・メトリックと一緒に使用することにより、さまざまな環境イニシアチブのコスト内訳を分析することができます。,環境プロジェクトおよびタスクの合計コスト / 炭素排出量の節減の合計 (USD/トン kWh/年),Customer Focus Group、コンサルティング会社,ES | CP | FA | OP,不動産環境維持管理 | 資本プロジェクト管理 | 施設・スペース管理 | 運用・保守管理,明記,IBM® TRIRIGA® 不動産環境の持続可能性 | IBM TRIRIGA Capital Projects Manager | IBM TRIRIGA 施設 | IBM TRIRIGA 操作,プロジェクト管理 | タスク管理 | 炭素フットプリント・ログ,ES マネージャー/プランナー,,値ベース: 横棒積み上げグラフ (デフォルト表示) | スコア・ベース: 横棒積み上げグラフ | 時間傾向: 積み上げ縦棒グラフ,下限しきい値: 80 | 上限しきい値: 91 | 範囲 1: 良好/正/緑色 | 範囲 2: 目標以内/注意/黄色 | 範囲 3: 過剰/負/赤色,triCapitalProjectFact,triCapitalProjectFact – メトリック – 環境プロジェクト効率比 (USD/トン CO2) triCapitalProjectFact – メトリック – 環境プロジェクト効率比 (USD/トン CO2) (スコア) triCapitalProjectFact – メトリック – 環境プロジェクト効率比率（米ドル/トン ） - GIS CO2,値ベース: プログラム、プロジェクト、担当組織、ロケーション、地域、収集期間 | スコア・ベース: プログラム、プロジェクト、担当組織、ロケーション、地域、収集期間,値ベース: プログラム、プロジェクト、担当組織、ロケーション、地域 | スコア・ベース: プログラム、プロジェクト、担当組織、ロケーション、地域,なし,月,月次,,2079-01-R,https://www.ibm.com/docs/ja/tririga/11.6.0?topic=pmm-environmental-project-efficiency-ratio-usd-tons-co2-metric
M055,施設運営の現在の再取得価額 (CRV) 指数,財務,財務パフォーマンス,コスト効率が優れている施設と劣っている施設を判別します。 どのメンテナンス・コストが非効率の原因となっているかを判別します。 時間傾向分析を使用して、季節によるピーク、異常、および傾向を比較します。,コストは固定であるため、工場および施設での正確な測定を容易に実行できます。 また、このメトリックを使用して一定期間にわたる増加の傾向を知ることも容易です。 メンテナンス・コストのパーセンテージが増加した場合、効率の指標と有効性の指標により、増加の原因となったメンテナンス領域が分かります。,メンテナンス・コスト合計 / 現在の再取得価額 (CRV) の合計,IFMA、全米研究評議会の Building Research Board,OP,運用・保守管理,明記,IBM® TRIRIGA® 操作,建物 (「現在の再取得価額」フィールド) | 施設アセスメント (オプション),EN ワークプレース・エグゼクティブ | ES マネージャー/プランナー | OP エグゼクティブ | OP サービス・マネージャー | OP 施設アセスメント・マネージャー/プランナー,EN ワークプレース・エグゼクティブ | OP エグゼクティブ,値ベース: グループ化横棒グラフ (収集期間: グループ化縦棒グラフ) | スコア・ベース: 横棒積み上げグラフ (収集期間: 積み上げ縦棒グラフ),下限しきい値: .02 (2%) | 上限しきい値: .04 (4%) | 範囲 1: メンテナンス不十分/負/赤色 | 範囲 2: 適切なメンテナンス/注意/黄色 | 範囲 3: 過剰メンテナンス/正/緑色,triBuildingFact,triBuildingFact - メトリック - 施設運営の現在の再取得価額指数 triBuildingFact - メトリック - 施設運営の現在の再取得価額指数 (スコア),地域 | ロケーション | 収集期間,地域 | ロケーション | 建物クラス | 建物保有権 | 地域 | ロケーション | 物件タイプ | 物件用途 | ミッション依存関係 | 法定金利,アクティブな物件 アクティブな建物,月,月次,,2024-01-R | 2025-01-R | 2026-01-R,https://www.ibm.com/docs/ja/tririga/11.6.0?topic=pmm-facility-operating-current-replacement-value-crv-index-metric
M056,グリーン状態指数,ポートフォリオ,ポートフォリオ・パフォーマンス,観察された傾向に基づいてプログラムを経時的に表示、分析、および調整します。,施設の相対環境条件について管理担当者に通知します。 これは、「施設状態指数 (FCI)」に基づき、プロセスを FCI と共有しています。,比率 (グリーン状態指数) = エネルギー機会 (欠陥) の合計コスト / 現在の再取得価額 (CRV) の合計,Customer Focus Group、業界標準の施設状態指数,ES,不動産環境維持管理,明記,IBM® TRIRIGA® 不動産環境の持続可能性,環境機会 (欠陥),ES マネージャー/プランナー,,値ベース: グループ化横棒グラフ (デフォルト表示) | スコア・ベース: 横棒積み上げグラフ | 時間傾向: 積み上げ縦棒グラフ,下限しきい値: 0.05 | 上限しきい値: 0.1 | 範囲 1: 良好/正/緑色 | 範囲 2: 目標以内/注意/黄色 | 範囲 3: 過剰/負/赤色,triLocationFact,triLocationFact – メトリック – グリーン状態指数 triLocationFact – メトリック – グリーン状態指数 – 米国政府 (スコア) triLocationFact – メトリック – グリーン状態指数 (スコア) triLocationFact – メトリック – グリーン状態指数 - GIS triLocationFact – メトリック – グリーン状態指数 – 米国政府 triLocationFact – メトリック – グリーン状態指数 – 米国政府 - GIS,値ベース: 地域、ロケーション、収集期間 | スコア・ベース: 地域、ロケーション、収集期間,値ベース: 地域、ロケーション、建物クラス、建物保有権 (リース/所有) | スコア・ベース: 地域、ロケーション、建物クラス、建物保有権 (リース/所有) 米国連邦政府用: | 値ベース: 地域、ロケーション、物件タイプ、物件用途、ミッション依存関係、法定金利 | スコア・ベース: 地域、ロケーション、物件タイプ、物件用途、ミッション依存関係、法定金利,なし,月,月次,,,https://www.ibm.com/docs/ja/tririga/11.6.0?topic=metrics-green-condition-index-metric
M057,履行計画の節減進捗,稼働,運用パフォーマンス,計画節減目標の進捗を判別します。,各トランザクションからの節減を追加し、それらを履行節減目標と比較します。,完了トランザクションからの合計削減 / 合計削減目標,Customer Focus Group,RE | FA,不動産管理 | 施設・スペース管理,明記,不動産業 | 施設,スペース利用契約 (不動産業) | スペース割り振り (施設),RE エグゼクティブ,RE エグゼクティブ,値ベース: グループ化横棒グラフ (収集期間: グループ化縦棒グラフ),下限しきい値: .75 (75%) | 上限しきい値: 1 (100%) | 範囲 1: 悪い/負/赤色 | 範囲 2: パフォーマンス不十分/注意/黄色 | 範囲 3: 目標どおり/正/緑色,triREImplementationPlanFact,triREImplementationPlanFact - メトリック - 履行計画節減の進捗 (%),地域 | 収集期間,地域,データ・ポイント更新期間に完了,月,月次,2073-01-R,,https://www.ibm.com/docs/ja/tririga/11.6.0?topic=metrics-implementation-plan-savings-progress-metric
M058,面積あたりの収入 (賃貸リース),財務,財務パフォーマンス,,,合計不動産収入 (賃貸リース) / 合計賃貸可能面積,BOMA、GSA,RE,不動産管理,明記,不動産業,スペース利用契約 (不動産業) | スペース割り振り (施設),RE 契約マネージャー,,値ベース: グループ化横棒グラフ (収集期間: グループ化縦棒グラフ),下限しきい値: $20.21/RSF | 上限しきい値: $22.45/RSF | 範囲 1: 低い/注意/黄色 | 範囲 2: 中/正/緑色 | 範囲 3: 高い/負/赤色,triREContractFact,triREContractFact – メトリック – 面積あたりの収入 – 賃貸リース,地域 | 組織 | 収集期間,地域 | 主要用途,会計タイプ = 売掛金 (AR),月,月次,,2036-01-R | 2037-01-R | 2038-01-R | 2039-01-R,https://www.ibm.com/docs/ja/tririga/11.6.0?topic=metrics-income-per-area-ar-leases-metric
M059,メンテナンス・コスト/面積 ($/面積),財務,財務パフォーマンス,コスト効率が優れている施設と劣っている施設を判別します。 どの特定のメンテナンス・コストが非効率の原因となっているかを判別します。 時間傾向分析を使用して、季節によるピーク、異常、および傾向を比較します。,業界ベンチマークと比較してどのようであるかを管理担当者に通知し、管理者が複数の地域、施設、および建物タイプにわたってメンテナンス・コストを比較できるようにします。,メンテナンス・コスト合計 / 施設面積合計,IFMA,OP,運用・保守管理,明記,IBM® TRIRIGA® 操作,建物 (面積の計算) | 外部の企業システムからの財務データ,OP エグゼクティブ | OP サービス・マネージャー | OP 施設アセスメント・マネージャー/プランナー,OP エグゼクティブ,値ベース: 横棒積み上げグラフ (収集期間: 積み上げ縦棒グラフ) | スコア・ベース: 横棒積み上げグラフ (収集期間: 積み上げ縦棒グラフ),下限しきい値: 未使用 | 上限しきい値: 未使用 | 範囲 1: 未使用 | 範囲 2: 未使用 | 範囲 3: 未使用,triBuildingFact,triBuildingFact - メトリック - メンテナンス・コスト / 面積 ($/面積)、triBuildingFact - メトリック - メンテナンス・コスト / 面積 ($/面積) (スコア),地域 | ロケーション | 収集期間,地域 | ロケーション | 建物クラス | 建物保有権 | 地域 | ロケーション | 物件タイプ | 物件用途 | ミッション依存関係 | 法定金利,コスト・タイプ分類 = メンテナンス,月,月次,,2024-01-R | 2025-01-R | 2026-01-R,https://www.ibm.com/docs/ja/tririga/11.6.0?topic=metrics-maintenance-costs-area-area-metric
M060,メンテナンス・コスト / メンテナンス対象面積,財務,財務パフォーマンス,コスト効率が優れている施設と劣っている施設を判別します。 どの特定のメンテナンス・コストが非効率の原因となっているかを判別します。 時間傾向分析を使用して、季節によるピーク、異常、および傾向を比較します。,業界ベンチマークと比較してどのようであるかを管理担当者に通知し、管理者が複数の地域、施設、および建物タイプにわたってメンテナンス・コストを比較できるようにします。 このメトリックは、総面積でなくメンテナンス対象の実面積のみ使用するという点で、「メンテナンス・コスト/面積」メトリックとは異なります。,メンテナンス・コスト合計 / メンテナンス対象面積合計,IFMA,OP,運用・保守管理,明記,IBM® TRIRIGA® 操作,建物 (面積の計算) | 外部の企業システムからの財務データ,OP エグゼクティブ | OP サービス・マネージャー | OP 施設アセスメント・マネージャー/プランナー | OP サービス技術員,OP エグゼクティブ,値ベース: 横棒積み上げグラフ (収集期間: 積み上げ縦棒グラフ) | スコア・ベース: 横棒積み上げグラフ (収集期間: 積み上げ縦棒グラフ),下限しきい値: $.75/メンテナンス対象面積 | 上限しきい値: $2.50/メンテナンス対象面積 | 範囲 1: メンテナンス不十分/注意/黄色 | 範囲 2: 適切なメンテナンス/正/緑色 | 範囲 3: 過剰メンテナンス/負/赤色,triBuildingFact,triBuildingFact - メトリック - メンテナンス・コスト/メンテナンス対象面積、triBuildingFact - メトリック - メンテナンス・コスト/メンテナンス対象面積 (スコア),地域 | ロケーション | 収集期間,地域 | ロケーション | 建物クラス | 建物保有権 | 地域 | ロケーション | 物件タイプ | 物件用途 | ミッション依存関係 | 法定金利,コスト・タイプ分類 = メンテナンス,月,月次,,2024-01-R | 2025-01-R | 2026-01-R,https://www.ibm.com/docs/ja/tririga/11.6.0?topic=metrics-maintenance-costs-area-maintained-metric
M061,移動スペース率 (%),稼働,運用パフォーマンス,物件レベルまたは建物レベル、および組織レベルで、目標レートを上回る対象に絞り込んで、集中的に調査します。 モバイルまたは共有作業スペースを採用する可能性があるユーザー向けの組織情報を表示します。 時間傾向分析を使用して、季節によるピーク、異常、および傾向を比較します。,共有の作業スペースによって使用率と俊敏性を改善する傾向と機会を特定します。,フリーアドレス作業スペースの面積合計 / 作業スペースの面積合計,Customer Focus Group,FA,施設・スペース管理,推定（ロールから）,,,FA 移動マネージャー/プランナー | FA スペース・マネージャー/プランナー,,値ベース: グループ化横棒グラフ (%) (収集期間: グループ化縦棒グラフ (%)) | スコア・ベース: 横棒積み上げグラフ (収集期間: 積み上げ縦棒グラフ),下限しきい値: .05 (5%) | 上限しきい値: .2 (20%) | 範囲 1: 低い/負/赤色 | 範囲 2: 中/注意/黄色 | 範囲 3: 高い/正/緑色,triSpaceAllocationFact,triSpaceAllocationFact - メトリック - モビリティスペースレート（%）メトリック、 triSpaceAllocationFact - メトリック - モビリティスペースレート（%）メトリック（スコア）,地域 | ロケーション | 組織 | 収集期間,地域 | ロケーション | 組織 | スペース・クラス,アクティブな建物 アクティブなフロア アクティブなスペース 共有/予約済みのワークステーション (フリーアドレス作業スペース),月,月次,,2027-01-R | 2031-01-R | 2032-01-R | 2030-01-R | 2028-01-R | 2029-01-R,https://www.ibm.com/docs/ja/tririga/11.6.0?topic=metrics-mobility-space-rate-metric
M062,移動作業者率 (%),稼働,運用パフォーマンス,物件レベルまたは建物レベル、および組織レベルに分析を絞り込んで、集中的に調査します。 モバイルまたは共有作業スペースを採用する可能性があるユーザー向けの組織情報を表示します。 時間傾向分析を使用して、季節によるピーク、異常、および傾向を比較します。,フリーアドレス・ワークプレース・ソリューションを使用するモバイル作業者の使用率と俊敏性を改善するための傾向と機会を特定します。,フリーアドレス作業者数の合計 / 作業者数の合計,Customer Focus Group,FA,施設・スペース管理,推定（ロールから）,,,FA 移動マネージャー/プランナー | FA スペース・マネージャー/プランナー,,値ベース: グループ化横棒グラフ (%) (収集期間: グループ化縦棒グラフ (%)) | スコア・ベース: 横棒積み上げグラフ (収集期間: 積み上げ縦棒グラフ),下限しきい値: .05 (5%) | 上限しきい値: .2 (20%) | 範囲 1: 低い/負/赤色 | 範囲 2: 中/注意/黄色 | 範囲 3: 高い/正/緑色,triWorkerFact,triWorkerFact - メトリック - 移動作業者率 (%) メトリック、 triWorkerFact - メトリック - 移動作業者率 (%) メトリック (スコア),地域 | ロケーション | 組織 | 収集期間,地域 | ロケーション | 組織,アクティブな建物 アクティブなフロア アクティブなスペース オフィス・ワーカー,月,月次,,,https://www.ibm.com/docs/ja/tririga/11.6.0?topic=metrics-mobility-worker-rate-metric
M063,移動コスト ($/面積),財務,財務パフォーマンス,分析を建物のロケーションに絞り込んで調査を集中的に行い、ロケーションおよび地域ごとに移動コストをレビューして、移動の複雑さまたは単純化をさらに絞り込んで特定します。 時間傾向分析を使用して、季節によるピーク、異常、および傾向を比較します。,コストを面積メトリックとして扱うことにより、内部の傾向分析と外部のベンチマークのためのコスト効率の比較を容易に実行できるようにします。,移動コスト合計 / 面積合計,IFMA,FA | OP | CP,施設・スペース管理 | 運用・保守管理 | 資本プロジェクト管理,推定（ロールから）,,,FA 移動マネージャー/プランナー | OP エグゼクティブ | PR エグゼクティブ | PR マネージャー,OP エグゼクティブ | PR エグゼクティブ,値ベース: グループ化横棒グラフ (収集期間: グループ化縦棒グラフ) | スコア・ベース: 横棒積み上げグラフ (収集期間: 積み上げ縦棒グラフ),下限しきい値: $.50/RSF | 上限しきい値: $1.50/RSF | 範囲 1: 低い/注意/黄色 | 範囲 2: 中/正/緑色 | 範囲 3: 高い/負/赤色,triBuildingFact,triBuildingFact - メトリック - 移動コスト ($/面積) メトリック、triBuildingFact - メトリック - 移動コスト ($/面積) メトリック (スコア),地域 | ロケーション | 収集期間,地域 | ロケーション | 時刻 | 建物クラス | 建物保有権 | 地域 | ロケーション | 時刻 | 物件タイプ | 物件用途 | ミッション依存関係 | 法定金利,アクティブな建物,月,月次 月末が過ぎると財務データを終了してスケジュール・ロード,,2024-01-R | 2025-01-R | 2026-01-R,https://www.ibm.com/docs/ja/tririga/11.6.0?topic=metrics-move-cost-area-metric
M064,移動コスト ($/移動された人物),財務,財務パフォーマンス,分析を建物のロケーションに絞り込んで調査を集中的に行い、移動タイプまたは作業者タイプごとにコストをレビューして、移動の複雑さまたは単純化をさらに絞り込んで特定します。 時間傾向分析を使用して、季節によるピーク、異常、および傾向を比較します。,コストを人物ごとのメトリックとして扱うことにより、内部の傾向分析と外部のベンチマークのためのコスト効率の比較を容易に実行できるようにします。,移動コスト合計 / 移動された人物の合計,IFMA,FA | CP,施設・スペース管理 | 資本プロジェクト管理,推定（ロールから）,,,FA 移動マネージャー/プランナー | PR エグゼクティブ | PR マネージャー,PR エグゼクティブ,値ベース: グループ化横棒グラフ (収集期間: グループ化縦棒グラフ) | スコア・ベース: 横棒積み上げグラフ (収集期間: 積み上げ縦棒グラフ),下限しきい値: $400/人 | 上限しきい値: $800/人 | 範囲 1: 低い/注意/黄色 | 範囲 2: 中/正/緑色 | 範囲 3: 高い/負/赤色,triMoveProjectCostFact,triMoveProjectCostFact - メトリック - 移動コスト ($/移動された人物) メトリック、triMoveProjectCostFact - メトリック - 移動コスト ($/移動された人物) メトリック (スコア),地域 | ロケーション | 収集期間 | 顧客の組織 | 担当組織,ロケーション | 移動タイプ | 顧客の組織 | 担当組織,アクティブな建物,月,月次,,,https://www.ibm.com/docs/ja/tririga/11.6.0?topic=metrics-move-cost-person-moved-metric
M065,My 平均トランザクション・サイクル・タイム,稼働,運用パフォーマンス,遅れているプロジェクトの根本原因を判別します。 プロジェクトが遅れた場合、収益または顧客満足度、あるいはその両方に影響する可能性があります。,不動産プロジェクトの実終了日を、実開始日に照らして計算します。,(実際の終了 - 実際の開始) / 完了プロジェクト数の合計,Customer Focus Group,RE | FA,不動産管理 | 施設・スペース管理,明記,不動産業 | 施設,スペース利用契約 (不動産業) | スペース割り振り (施設),RE トランザクション・マネージャー,,値ベース: グループ化横棒グラフ (収集期間: グループ化縦棒グラフ),下限しきい値: 134 日 | 上限しきい値: 274 日 | 範囲 1: 悪い/負/赤色 | 範囲 2: パフォーマンス不十分/注意/黄色 | 範囲 3: 良好/正/緑色,triREProjectFact,triREProjectFact - メトリック - My 平均トランザクション・サイクル・タイム,地域 | プロジェクト・タイプ | 収集期間,地域 | プロジェクト・タイプ,データ・ポイントの更新期間に完了した不動産プロジェクト、アクティブなユーザー (USERID) = プロジェクト・マネージャー,月,月次,2058-01-R,,https://www.ibm.com/docs/ja/tririga/11.6.0?topic=metrics-my-average-transaction-cycle-time-metric
M066,My 目標どおりのサービス・コスト,稼働,運用パフォーマンス,サービス契約、一括注文、および不動産リース契約の契約条件で定義されているサービス・レベル・メトリックに基づいて、ログインしている IBM® TRIRIGA® ユーザーのパフォーマンスを決定します。 個人の作業または個人の報告先の組織のパフォーマンスが、顧客の期待を外れているか、あるいは顧客の期待を外れる傾向にあるかを判別します。 時間傾向分析を使用して、季節によるピーク、異常、および傾向を比較します。,個々のサービス技術員およびその組織のパフォーマンス状況を、そのサービス技術員に通知します。 顧客となる企業または機関は、合意および契約で指定されているコスト内でサービスが実施されることを期待しています。 これらの期待は、要求されたサービス、要求組織、および要求の地域またはロケーションに基づいて、合意および契約に関連付けられたサービス・マトリックスに記録されます。 この組み合わせにより、サービス・レベルのコスト見積がタスクに追加されます。,実際のタスク・コスト / 計画済みタスク・コスト,Customer Focus Group,OP,運用・保守管理,明記,IBM TRIRIGA 操作,タスク管理 | サービス管理 | サービス・マトリックス項目を持つ契約管理,OP サービス・マネージャー | OP サービス技術員,,値ベース: グループ化横棒グラフ (%) (収集期間: グループ化縦棒グラフ (%)) | スコア・ベース: 横棒積み上げグラフ (収集期間: 積み上げ縦棒グラフ),下限しきい値: .8 (80%) | 上限しきい値: 1 (100%) | 範囲 1: 目標以下/注意/黄色 | 範囲 2: 目標どおり/正/緑色 | 範囲 3: 目標以上/負/赤色,triTaskDetailFact,triTaskDetailFact - メトリック - My 目標どおりのサービス・コスト、triTaskDetailFact - メトリック - My 目標どおりのサービス・コスト (スコア),地域 | ロケーション | アサインされたリソース | 要求クラス | 担当組織 | 収集期間,地域 | ロケーション | 担当組織 | 要求クラス | アサインされたリソース,なし,月,月次,,2007-01-R | 2006-01-R,https://www.ibm.com/docs/ja/tririga/11.6.0?topic=metrics-my-target-service-costs-metric
M067,My 時間内のサービス対応度 (ターンアラウンド時間),稼働,運用パフォーマンス,サービス契約、一括注文、および不動産リース契約の契約条件で定義されているサービス・レベル・メトリックに基づいて、ログインしている IBM® TRIRIGA® ユーザーのパフォーマンスを決定します。 個人の作業または個人の報告先の組織のパフォーマンスが、顧客の期待を外れているか、あるいは顧客の期待を外れる傾向にあるかを判別します。 時間傾向分析を使用して、季節によるピーク、異常、および傾向を比較します。,個々のサービス技術員のパフォーマンス状況を、そのサービス技術員に通知します。 顧客となる企業または機関は、合意および契約で指定されている時間内にサービスが実施されることを期待しています。 これらの期待は、要求されたサービス、要求組織、および要求の地域またはロケーションに基づいて、合意および契約に関連付けられたサービス・マトリックスに記録されます。 この組み合わせにより、要求への応答時間、要求を満たす時間、および要求者をフォローアップする時間に基づいて、サービス・レベル時間枠がタスクに追加されます。 このメトリックは、実際の完了時刻に焦点を合わせています。,(「実際の完了日時」<=「ベースラインの予定日時」となる完了済みタスクの数) / 完了済みタスクの総数,Customer Focus Group,OP,運用・保守管理,明記,IBM TRIRIGA 操作,タスク管理 | サービス管理 | サービス・マトリックス項目を持つ契約管理,OP サービス・マネージャー | OP サービス技術員,,値ベース: グループ化横棒グラフ (%) (収集期間: グループ化縦棒グラフ (%)) | スコア・ベース: 横棒積み上げグラフ (収集期間: 積み上げ縦棒グラフ),下限しきい値: .6 (60%) | 下限しきい値: .85 (85%) | 範囲 1: 悪い/負/赤色 | 範囲 2: パフォーマンス不十分/注意/黄色 | 範囲 3: 良好/正/緑色,triTaskDetailFact,triTaskDetailFact - メトリック - My 時間内のサービス対応度、triTaskDetailFact - メトリック - My 時間内のサービス対応度 (スコア),地域 | ロケーション | アサインされたリソース | 要求クラス | 担当組織 | 収集期間,地域 | ロケーション | 担当組織 | 要求クラス | アサインされたリソース,コスト・タイプ分類 = メンテナンス,月,月次,,2007-01-R | 2006-01-R,https://www.ibm.com/docs/ja/tririga/11.6.0?topic=pmm-my-time-service-responsiveness-turn-around-time-metric
M068,My サービス満足度調査,カスタマー,顧客パフォーマンス,送信された否定的な調査回答の根本原因を判別します。 改善の機会、サービス・レベルのずれ、期待のギャップ、および利用者の意識を特定します。 優良な顧客サービスを認識します。,施設占有者の要求を満たすという点において、組織がどの程度効果的であるかを個々のサービス技術員に通知します。 これは返された調査フォームの集計スコアに基づきます。,調査回答スコアの合計 / 調査の最大スコアの合計,Customer Focus Group,OP | RC,運用・保守管理 | リクエスト・セントラル,明記,IBM TRIRIGA 操作 | リクエスト・セントラル,タスク管理 | サービス管理 | 要求管理,OP エグゼクティブ | OP サービス・マネージャー | OP サービス技術員,OP エグゼクティブ,値ベース: グループ化横棒グラフ (%) (収集期間: グループ化縦棒グラフ (%)) | スコア・ベース: 横棒積み上げグラフ (収集期間: 積み上げ縦棒グラフ),下限しきい値: .58 (58%) | 上限しきい値: .78 (78%) | 範囲 1: 悪い/負/赤色 | 範囲 2: パフォーマンス不十分/注意/黄色 | 範囲 3: 良好/正/緑色,triSurveyFact,triSurveyFact - メトリック - My サービス満足度調査 triSurveyFact - メトリック - My サービス満足度調査 (スコア),地域 | ロケーション | 担当組織 | 要求クラス | 質問カテゴリー | 収集期間,地域 | ロケーション | 担当組織 | 要求クラス | 質問カテゴリー,なし,月,月次,,2008-01-R,https://www.ibm.com/docs/ja/tririga/11.6.0?topic=metrics-my-overall-customer-satisfaction-operations-metric
M069,My プロジェクト予算,財務,財務パフォーマンス,プロジェクト予算と予測に基づいて、ログインした IBM® TRIRIGA® ユーザーのパフォーマンスを決定します。,現在の予算対最終予測予算をプロジェクト別に比較します。 このメトリックは資本プロジェクトのみに関連します。,現在の予算と最終予測予算を表示してプロジェクトをリストします,Customer Focus Group,CP,資本プロジェクト管理,明記,IBM TRIRIGA Capital Projects Manager,資本プロジェクト | 予算 | 変更要求管理,PR マネージャー,,値ベース: グループ化横棒グラフ,下限しきい値: 未使用 | 上限しきい値: 未使用 | 範囲 1: 未使用 | 範囲 2: 未使用 | 範囲 3: 未使用,triCapitalProjectFact,triCapitalProjectFact - メトリック - My プロジェクト予算,プログラム | プロジェクト | 収集期間,組織 | 地域 | 予算分類 (資本、運用) | ロケーション,状況: アクティブ・プロジェクトと修正中のプロジェクトのみ,月,月次,2014-01-R,2079-01-R,https://www.ibm.com/docs/ja/tririga/11.6.0?topic=metrics-my-project-budget-metric
M070,My サービス時間使用率,稼働,運用パフォーマンス,保守リソースがどの程度適切に利用されているかを判別します。 観察された傾向に基づいてプログラムを経時的に表示、分析、および調整します。 このメトリックは、保守組織内における作業者の生産性および有効性を分析するために重要です。,サービス技術員がタスクに費やした時間が、ダウン時間や休日あるいは休暇などの非作業時間と比較して、どの程度有効であるかをサービス技術員に通知します。,タスク関連の時間エントリーの合計時間 / 合計標準時間 (作業スケジュールに基づく),Customer Focus Group,OP | RC,運用・保守管理 | リクエスト・セントラル,明記,IBM® TRIRIGA® 操作 | リクエスト・セントラル,タスク管理 | サービス管理 | 時間エントリー,OP サービス技術員,,値ベース: グループ化横棒グラフ (%) (収集期間: グループ化縦棒グラフ (%)) | スコア・ベース: 横棒積み上げグラフ (収集期間: 積み上げ縦棒グラフ),下限しきい値: .65 (65%) | 下限しきい値: .8 (80%) | 範囲 1: 悪い/負/赤色 | 範囲 2: パフォーマンス不十分/注意/黄色 | 範囲 3: 良好/正/緑色,triResourceFact,triResourceFact - メトリック - My サービス時間使用率、triResourceFact - メトリック - My サービス時間使用率 (スコア),地域 | ロケーション | 組織 | アサインされたリソース | 収集期間,地域 | ロケーション | 組織 | アサインされたリソース,なし,月,月次,,,https://www.ibm.com/docs/ja/tririga/11.6.0?topic=metrics-my-service-time-utilization-metric
M071,新築コスト / 面積 (資本プロジェクトのみ),財務,財務パフォーマンス,平均建築コストを超える事業単位またはプログラムを特定し、プロジェクト・コストにドリルインして原因を特定します。,平方フィートあたりの平均新築コストを可視化します。 この情報は、正確な新築見積を提示するのに役立ちます。 また、これによって管理担当者は平均コストがあまりに高いプロジェクトまたはチームに注意を集中することができます。 このメトリックは、将来のコスト変化の予測に役立つ価格の経時的な増減を確認するためのゲージを提供します。,発生した実コスト (新築プロジェクトのみ) / プロジェクト建設総面積 (またはプロジェクトの利用可能面積),Customer Focus Group,CP,資本プロジェクト管理,推定（ロールから）,,,PR エグゼクティブ | PR マネージャー,PR エグゼクティブ,値ベース: グループ化横棒グラフ,下限しきい値: $225/SF | 上限しきい値: $300/SF | 範囲 1: 低い/正/緑色 | 範囲 2: 中/注意/黄色 | 範囲 3: 高い/負/赤色,triCapitalProjectFact,triCapitalProjectFact - メトリック - 新築コスト (USD/GSF)、triCapitalProjectFact - メトリック - 新築コスト (USD/USF),プログラム | 地域 | プロジェクト | プロジェクト・マネージャー | クライアント | 収集期間,組織 | 地域 | ロケーション,状況: 完了プロジェクト プロジェクトの分類: 新築,月,月次,2015-01-R,2079-01-R,https://www.ibm.com/docs/ja/tririga/11.6.0?topic=metrics-new-construction-cost-area-metric
M072,占有率 (%),ポートフォリオ,ポートフォリオ・パフォーマンス,例外条件の根本原因を判明するために重点的に調査すべき建物およびフロア・ロケーションを判別します。 より詳しい分析を行うために、スペースの分類にドリルインします。 占有率を組織別にレビューし、改善の機会を有する占有者を判別します。 時間傾向分析を使用して、季節によるピーク、異常、および傾向を比較します。,内部傾向分析と外部のベンチマークのための建物の占有およびレイアウトの効率の比較を容易にします。,使用スペース / 使用可能スペース,IFMA,FA,施設・スペース管理,推定（ロールから）,,,EN ワークプレース・エグゼクティブ | FA 移動マネージャー/プランナー | FA スペース・マネージャー/プランナー,EN ワークプレース・エグゼクティブ,値ベース: グループ化横棒グラフ (%) (収集期間: グループ化縦棒グラフ (%)) | スコア・ベース: 横棒積み上げグラフ (収集期間: 積み上げ縦棒グラフ),下限しきい値: .9 (90%) | 上限しきい値: 未使用 | 範囲 1: 使用不十分/負/赤色 | 範囲 2: 良好な使用/正/緑色 | 範囲 3: 未使用,triSpaceFact,triSpaceFact - メトリック - 占有率 (%) メトリック、triSpaceFact - メトリック - 占有率 (%) メトリック (スコア),地域 | ロケーション | スペース・クラス | 収集期間,地域 | ロケーション | スペース・クラス | 地域 | ロケーション | スペース・クラス | 物件タイプ | 物件用途,アクティブな建物 アクティブなフロア アクティブなスペース,月,月次,,,https://www.ibm.com/docs/ja/tririga/11.6.0?topic=metrics-occupancy-rate-metric
M073,目標どおりのサービス・コスト,稼働,運用パフォーマンス,個人の作業または個人の報告先の組織のパフォーマンスが、顧客の期待を外れているか、あるいは期待を外れる傾向にあるかを判別します。 時間傾向分析を使用して、季節によるピーク、異常、および傾向を比較します。,内部サービス・プロバイダー、外部サービス・プロバイダー、またはその両方のパフォーマンス状況と、タスク見積もりの正確さを管理担当者に通知します。 顧客となる企業または機関は、合意および契約で指定されているコスト内でサービスが実施されることを期待しています。 これらの期待は、要求されたサービス、要求組織、および要求の地域またはロケーションに基づいて、合意および契約に関連付けられたサービス・マトリックスに記録されます。 この組み合わせにより、計画済みのコストがタスクに追加されます。,実際のタスク・コスト / 計画済みタスク・コスト,Customer Focus Group,OP,運用・保守管理,明記,IBM® TRIRIGA® 操作,タスク管理 | サービス管理 | サービス・マトリックス項目を持つ契約管理,EN ワークプレース・エグゼクティブ | FA 移動マネージャー/プランナー | FA スペース・マネージャー/プランナー | OP エグゼクティブ | OP サービス・マネージャー | PR エグゼクティブ | PR マネージャー,EN ワークプレース・エグゼクティブ | OP エグゼクティブ | PR エグゼクティブ,値ベース: グループ化横棒グラフ (%) (収集期間: グループ化縦棒グラフ (%)) | スコア・ベース: 横棒積み上げグラフ (収集期間: 積み上げ縦棒グラフ),下限しきい値: .8 (80%) | 上限しきい値: 1 (100%) | 範囲 1: 目標以下/注意/黄色 | 範囲 2: 目標どおり/正/緑色 | 範囲 3: 目標以上/負/赤色,triTaskResourceFact,triTaskResourceFact - メトリック - 目標どおりのサービス・コスト、triTaskResourceFact - メトリック - 目標どおりのサービス・コスト (スコア),地域 | ロケーション | アサインされたリソース | 要求クラス | 担当組織 | 収集期間,地域 | ロケーション | 担当組織 | 要求クラス | アサインされたリソース,なし,月,月次,,2003-01-R | 2002-01-R,https://www.ibm.com/docs/ja/tririga/11.6.0?topic=metrics-target-service-costs-metric
M074,時間内のサービス対応度 (ターンアラウンド時間),稼働,運用パフォーマンス,サービス契約、一括注文、および不動産リース契約の条件に定義されているサービス・レベル・メトリックに基づき、内部および外部のサービス・プロバイダーのパフォーマンスの状況を判別します。 サービス・プロバイダーのパフォーマンスが、顧客の期待を外れているか、あるいは顧客の期待を外れる傾向にあるかを判別します。 時間傾向分析を使用して、季節によるピーク、異常、および傾向を比較します。,内部サービス・プロバイダー、外部サービス・プロバイダー、またはその両方のパフォーマンス状況を管理担当者に通知します。 顧客となる企業または機関は、合意および契約で指定されている時間内にサービスが実施されることを期待しています。 これらの期待は、要求されたサービス、要求組織、および要求の地域またはロケーションに基づいて、合意および契約に関連付けられたサービス・マトリックスに記録されます。 この組み合わせにより、要求への応答時間、要求を満たす時間、および要求者をフォローアップする時間に基づいて、サービス・レベル時間枠がタスクに追加されます。 このメトリックは、実際の完了時刻に焦点を合わせています。,(「実際の完了日時」<=「ベースラインの予定日時」となる完了済みタスクの数) / 完了済みタスクの総数,Customer Focus Group,OP,運用・保守管理,明記,IBM® TRIRIGA® 操作,タスク管理 | サービス管理 | サービス・マトリックス項目を持つ契約管理,EN ワークプレース・エグゼクティブ | FA 移動マネージャー/プランナー | FA スペース・マネージャー/プランナー | OP エグゼクティブ | OP サービス・マネージャー | PR エグゼクティブ | PR マネージャー,EN ワークプレース・エグゼクティブ | OP エグゼクティブ | PR エグゼクティブ,値ベース: グループ化横棒グラフ (%) (収集期間: グループ化縦棒グラフ (%)) | スコア・ベース: 横棒積み上げグラフ (収集期間: 積み上げ縦棒グラフ),下限しきい値: .6 (60%) | 下限しきい値: .85 (85%) | 範囲 1: 悪い/負/赤色 | 範囲 2: パフォーマンス不十分/注意/黄色 | 範囲 3: 良好/正/緑色,triTaskResourceFact,triTaskResourceFact - メトリック - 時間内のサービス対応度、triTaskResourceFact - メトリック- 時間内のサービス対応度 (スコア),地域 | ロケーション | アサインされたリソース | 要求クラス | 担当組織 | 収集期間,地域 | ロケーション | 担当組織 | 要求クラス | アサインされたリソース,コスト・タイプ分類 = メンテナンス,月,月次,,2003-01-R | 2002-01-R,https://www.ibm.com/docs/ja/tririga/11.6.0?topic=metrics-time-service-responsiveness-turn-around-time-metric
M075,運用コスト (実績 vs 予算),財務,財務パフォーマンス,目標内にある建物や、予算目標に対してパフォーマンスの悪い建物を判別します。 時間傾向分析を使用して、季節によるピーク、異常、および傾向を比較します。,IBM® TRIRIGA® のコスト・コードで表される予算コストに対する実際のコストの測定を容易にします。,運用コスト (実績 vs 予算),IFMA、BOMA、APPA,FA | OP,施設・スペース管理 | 運用・保守管理,推定（ロールから）,,,EN ワークプレース・エグゼクティブ | FA 移動マネージャー/プランナー | FA スペース・マネージャー/プランナー | OP エグゼクティブ | OP サービス・マネージャー | OP 施設アセスメント・マネージャー/プランナー,EN ワークプレース・エグゼクティブ | OP エグゼクティブ,収集期間: グループ化横棒グラフ (%) (収集期間: グループ化縦棒グラフ (%)),下限しきい値: $.85/RSF | 上限しきい値: $1.50/RSF | 範囲 1: 予算以下/注意/黄色 | 範囲 2: 目標どおり/正/緑色 | 範囲 3: 予算以上/負/赤色,triBuildingCostFact,triBuildingCostFact - メトリック - 運用コスト比率 (実際/予算) メトリック,地域 | ロケーション | サービス・クラス | 収集期間,地域 | ロケーション | サービス・クラス | 建物保有権 (リース/所有) | 組織 (コスト・コード組織から) | 地域 | ロケーション | サービス・クラス | 物件タイプ | 物件用途 | ミッション依存関係 | 法定金利 | 組織 (コスト・コード組織から),コスト・タイプ = 運用,月,毎月: 月末が過ぎると財務データを終了してスケジュール・ロード,,2001-01-R | 2077-01-R,https://www.ibm.com/docs/ja/tririga/11.6.0?topic=metrics-operating-cost-actual-vs-budget-metric
M076,運用コスト (予算、実際、予測の比較),財務,財務パフォーマンス,目標内にある建物や、予算目標に対してパフォーマンスの悪い建物を判別します。 時間傾向分析を使用して、季節によるピーク、異常、および傾向を比較します。,IBM® TRIRIGA® のコスト・コードで表される予算コストに対する実際のコストの測定を容易にします。,運用コスト (予算、実際、予測の比較),IFMA、BOMA、APPA,ES | FA | OP,不動産環境維持管理 | 施設・スペース管理 | 運用・保守管理,推定（ロールから）,,,EN ワークプレース・エグゼクティブ | ES マネージャー/プランナー | FA 移動マネージャー/プランナー | FA スペース・マネージャー/プランナー | OP エグゼクティブ | OP サービス・マネージャー | OP 施設アセスメント・マネージャー/プランナー,EN ワークプレース・エグゼクティブ | OP エグゼクティブ,収集期間: 折れ線グラフ/棒グラフ,なし,triBuildingCostFact,triBuildingCostFact - メトリック - 運用コスト (予算 vs 実際) メトリック,収集期間,地域 | ロケーション | 時刻 | サービス・クラス | 建物保有権 (リース/所有) | 組織 (コスト・コード組織から),コスト・タイプ = 運用,月,毎月: 月末が過ぎると財務データを終了してスケジュール・ロード,,2001-01-R | 2077-01-R,https://www.ibm.com/docs/ja/tririga/11.6.0?topic=pmm-operating-cost-budget-vs-actual-vs-forecast-metric
M077,当初の予算対予測,財務,財務パフォーマンス,予算以上のしきい値を超えているプロジェクトを特定します。,予算差異目標を超えたプロジェクトと、それらのプロジェクトが当初予算をどれだけ超過したかを特定します。 また、ユーザーは特定のプロジェクトにドリルインし、プロジェクト・コスト・コード・レベルで差異を特定することもできます。,当初プロジェクト予算 / 最終予測予算,Customer Focus Group,CP,資本プロジェクト管理,明記,IBM® TRIRIGA® Capital Projects Manager,資本プロジェクト | 予算 | 変更要求管理,PR エグゼクティブ | PR マネージャー,PR エグゼクティブ,値ベース: グループ化横棒グラフ (%),下限しきい値: 0 (0%) | 上限しきい値: .1 (10%) | 範囲 1: 良好/正/緑色 | 範囲 2: パフォーマンス不十分/注意/黄色 | 範囲 3: 悪い/負/赤色,triCapitalProjectFact,triCapitalProjectFact - メトリック - 当初の予算対予測,プログラム | 地域 | プロジェクト | プロジェクト・タイプ | プロジェクトの分類 | 収集期間,地域 | 組織 | 予算分類 (資本、運用) | プログラム,状況: アクティブ・プロジェクトと修正中のプロジェクトのみ,月,月次,2013-01-R,2079-01-R,https://www.ibm.com/docs/ja/tririga/11.6.0?topic=metrics-original-budget-forecast-metric
M078,外部委託率,分析レポート,分析レポート,外部委託された作業と社内作業のコストを比較することによって、保守リソースがどの程度適切に利用されているかを判別します。 このメトリックを経時的に表示して、観察された傾向に基づいてプログラムを表示、分析、および調整します。 このメトリックは、契約者の使用状況および有効性をモニターするために使用できます。 契約者がある種の作業を行うときの請求料金が、同じ作業を行うための社内コストを超えている場合、価格交渉を検討することができます。 あるいは、その作業を社内作業に戻すよう決定することもできます。,外部サービス・プロバイダーに外部委託されているタスク作業の量を管理担当者に通知します。,タスクの合計契約コスト / 合計タスク・コスト,IFMA,OP,運用・保守管理,明記,IBM® TRIRIGA® 操作,タスク管理 | サービス管理,OP エグゼクティブ | OP サービス・マネージャー | OP 施設アセスメント・マネージャー/プランナー,OP エグゼクティブ,値ベース: グループ化横棒グラフ (%) (収集期間: グループ化縦棒グラフ (%)),下限しきい値: .3 (30%) | 上限しきい値: .5 (50%) | 範囲 1: 低い/注意/黄色 | 範囲 2: 目標どおり/正/緑色 | 範囲 3: 高い/注意/黄色,triTaskDetailFact,triTaskDetailFact - メトリック - 外部委託率,地域 | ロケーション | 担当組織 | 建物クラス | 収集期間,地域 | ロケーション | 担当組織 | 責任者,アクティブ状況のディメンションのみを含む,月,月次,,2007-01-R | 2006-01-R,https://www.ibm.com/docs/ja/tririga/11.6.0?topic=metrics-outsource-ratio-metric
M079,ワークプレース総合顧客満足度,カスタマー,顧客パフォーマンス,送信された否定的な調査回答の根本原因、改善の機会、サービス・レベルのずれ、期待のギャップ、および利用者の意識を特定します。 多くの場合にサービスの質を測る上で最も重要な、優良な顧客サービスを認識して報奨します。 スコア・カードでは、これは重要な顧客メトリックです。 このメトリックはさまざまな施設、不動産、および運用評価を集計し、すべてのワークプレース・サービス機能にわたるビューを提供します。,組織がどれだけ効果的に施設占有者の要求を満たしているかを管理担当者に通知します。 返送された評価フォームの総計スコアに基づいています。,合計調査回答スコア / 合計調査質問予想スコア,Customer Focus Group,RE | FA | OP,不動産管理 | 施設・スペース管理 | 運用・保守管理,明記,IBM® TRIRIGA® 不動産 | IBM TRIRIGA 施設 | IBM TRIRIGA 操作 (またはサブセット),不動産業: RE ポートフォリオ・マネージャー評価および RE 優先プロバイダー評価のための不動産トランザクション管理 | 施設管理: 施設サービスおよび移動サービス・プロバイダー評価のためのタスク管理、サービス管理、要求管理、移動管理 | 運用管理: 運用サービス・プロバイダー評価のためのタスク管理、サービス管理、および要求管理,EN ワークプレース・エグゼクティブ,EN ワークプレース・エグゼクティブ,値ベース: グループ化横棒グラフ (%) (収集期間: グループ化縦棒グラフ (%)) | スコア・ベース: グループ化横棒グラフ (%) (収集期間: 積み上げ縦棒グラフ (%)),下限しきい値: 58% | 上限しきい値: 78% | 範囲 1: 悪い/負/赤色 | 範囲 2: パフォーマンス不十分/注意/黄色 | 範囲 3: 良好/正/緑色,triSurveyFact,triSurveyFact - メトリック - 顧客満足度 (%) メトリック – エンタープライズ、triSurveyFact - メトリック - 顧客満足度 (%) メトリック - エンタープライズ (スコア),値ベース: 地域、ロケーション、収集期間、調査タイプ、質問カテゴリー、担当組織、調査 | スコア・ベース: 地域、ロケーション、収集期間、調査タイプ、質問カテゴリー、担当組織、調査,値ベース: 地域、ロケーション、担当組織、調査タイプ、要求クラス | スコア・ベース: 地域、ロケーション、担当組織、調査タイプ、要求クラス,なし,月,月次,,2008-01-R,https://www.ibm.com/docs/ja/tririga/11.6.0?topic=metrics-overall-customer-satisfaction-all-workplace-organizations-metric
M080,総合顧客満足度 – ポートフォリオ・マネージャー,カスタマー,顧客パフォーマンス,送信された否定的な調査回答の根本原因を判別します。,ポートフォリオ・マネージャー評価の平均スコアについて管理担当者に通知します。,合計調査回答スコア / 合計調査質問予想スコア,Customer Focus Group,RE | FA,不動産管理 | 施設・スペース管理,明記,不動産業 | 施設,スペース利用契約 (不動産業) | スペース割り振り (施設),EN ワークプレース・エグゼクティブ | RE エグゼクティブ,EN ワークプレース・エグゼクティブ | RE エグゼクティブ,スコア・ベース: 横棒積み上げグラフ (収集期間: 積み上げ縦棒グラフ),下限しきい値: .58 (58%) | 上限しきい値: .78 (78%) | 範囲 1: 悪い/負/赤色 | 範囲 2: パフォーマンス不十分/注意/黄色 | 範囲 3: 良好/正/緑色,triSurveyFact,triSurveyFact - メトリック - 総合顧客満足度 - ポートフォリオ・マネージャー (スコア),地域 | ポートフォリオ・マネージャー | 質問カテゴリー | 収集期間,地域 | 質問カテゴリー | ポートフォリオ・マネージャー,調査タイプ = 不動産業 調査用紙名 = ポートフォリオ・マネージャー評価調査,月,月次,2050-01-R,2008-01-R,https://www.ibm.com/docs/ja/tririga/11.6.0?topic=metrics-overall-customer-satisfaction-portfolio-managers-metric
M081,総合顧客満足度 – 優先プロバイダー,カスタマー,顧客パフォーマンス,送信された否定的な調査回答の根本原因を判別します。,優先プロバイダー評価の平均スコアについて管理担当者に通知します。,合計調査回答スコア / 合計調査質問予想スコア,Customer Focus Group,RE | FA,不動産管理 | 施設・スペース管理,明記,不動産業 | 施設,スペース利用契約 (不動産業) | スペース割り振り (施設),EN ワークプレース・エグゼクティブ | RE エグゼクティブ,EN ワークプレース・エグゼクティブ | RE エグゼクティブ,スコア・ベース: 横棒積み上げグラフ (収集期間: 積み上げ縦棒グラフ),下限しきい値: .58 (58%) | 上限しきい値: .78 (78%) | 範囲 1: 悪い/負/赤色 | 範囲 2: パフォーマンス不十分/注意/黄色 | 範囲 3: 良好/正/緑色,triSurveyFact,triSurveyFact - メトリック - 総合顧客満足度 - 優先プロバイダー (スコア),地域 | 優先プロバイダー | 質問カテゴリー | 収集期間,地域 | 質問カテゴリー | 優先プロバイダー,調査タイプ = 不動産業 調査用紙名 = ポートフォリオ・マネージャー評価調査,月,月次,2051-01-R,2008-01-R,https://www.ibm.com/docs/ja/tririga/11.6.0?topic=metrics-overall-customer-satisfaction-preferred-providers-metric
M082,総合顧客満足度 – 優先プロバイダー – My プロジェクト,カスタマー,顧客パフォーマンス,送信された否定的な調査回答の根本原因を判別します。,優先プロバイダー評価の平均スコアについて、ログインしている不動産トランザクション・マネージャーに通知します。,合計調査回答スコア / 合計調査質問予想スコア,Customer Focus Group,RE | FA,不動産管理 | 施設・スペース管理,明記,不動産業 | 施設,スペース利用契約 (不動産業) | スペース割り振り (施設),RE トランザクション・マネージャー,,スコア・ベース: 横棒積み上げグラフ (収集期間: 積み上げ縦棒グラフ),下限しきい値: .58 (58%) | 上限しきい値: .78 (78%) | 範囲 1: 悪い/負/赤色 | 範囲 2: パフォーマンス不十分/注意/黄色 | 範囲 3: 良好/正/緑色,triSurveyFact,triSurveyFact - メトリック - 総合顧客満足度 - 優先プロバイダー - My プロジェクト (スコア),地域 | 優先プロバイダー | 質問カテゴリー | 収集期間,組織 | 質問カテゴリー | 優先プロバイダー,データ・ポイントの更新期間に完了した不動産プロジェクト、アクティブなユーザー (USERID) = プロジェクト・マネージャー,月,月次,,2008-01-R,https://www.ibm.com/docs/ja/tririga/11.6.0?topic=pmm-overall-customer-satisfaction-preferred-providers-my-projects-metric
M083,時間外使用率,稼働,運用パフォーマンス,保守リソースがどの程度適切に利用されているかを判別します。 このメトリックを経時的に表示して、観察された傾向に基づいてプログラムを表示、分析、および調整します。 このメトリックは、保守組織内における作業者の生産性および有効性を分析するために重要です。 このメトリックは必ずしも保守プログラムの有効性を測る直接的な指標ではありませんが、場合によっては役立ちます。 一部の組織では、時間外勤務は故障または緊急作業に対して発生します。 時間外勤務時間のレートが高い場合、潜在的にメンテナンス・プログラムの効率が悪いことを示している可能性があります。,時間外勤務が必要な作業の量を管理担当者に通知します。,時間外勤務時間 / 合計時間,Customer Focus Group,OP | RC,運用・保守管理 | リクエスト・セントラル,明記,IBM® TRIRIGA® 操作 | リクエスト・セントラル,タスク管理 | サービス管理 | 時間エントリー,OP サービス・マネージャー,,値ベース: グループ化横棒グラフ (%) (収集期間: グループ化縦棒グラフ (%)) | スコア・ベース: 横棒積み上げグラフ (収集期間: 積み上げ縦棒グラフ),下限しきい値: .1 (10%) | 下限しきい値: .25 (25%) | 範囲 1: 良好/正/緑色 | 範囲 2: 目標どおり/注意/黄色 | 範囲 3: 悪い/負/赤色,triResourceFact,triResourceFact - メトリック - 時間外勤務時間 (OT) 使用率、triResourceFact - メトリック - 時間外勤務時間 (OT) 使用率 (スコア),地域 | ロケーション | 組織 | アサインされたリソース | 収集期間,地域 | ロケーション | 組織 | アサインされたリソース,なし,月,月次,,,https://www.ibm.com/docs/ja/tririga/11.6.0?topic=metrics-overtime-utilization-rate-metric
M084,予算超過プロジェクト率,財務,財務パフォーマンス,予算超過のプロジェクトのパーセンテージが経時的に上昇傾向の場合、全般的な運用上の問題または課題を特定します。,組織が予算に対してプロジェクトをどの程度適切に管理しているかを示す全体像を管理担当者に提供します。 プロジェクトをプログラムにロールアップしたり、このメトリックを地域別またはプロジェクト・タイプ別に表示したりすることによって、管理担当者は予算の問題の発生元を切り分けることができます。,予算超過のプロジェクト数 / プロジェクト数の合計,Customer Focus Group,CP,資本プロジェクト管理,明記,IBM® TRIRIGA® Capital Projects Manager,資本プロジェクト、予算、変更要求管理,EN ワークプレース・エグゼクティブ | PR エグゼクティブ | PR マネージャー,EN ワークプレース・エグゼクティブ | PR エグゼクティブ,スコア・ベース: 横棒積み上げグラフ (収集期間: 積み上げ縦棒グラフ),下限しきい値: .1 (10%) | 上限しきい値: 未使用 | 範囲 1: 良好/正/緑色 | 範囲 2: 悪い/負/赤色 | 範囲 3: 未使用,triCapitalProjectFact,triCapitalProjectFact - メトリック - 予算超過プロジェクト率 (スコア),プログラム | 地域 | プロジェクト・クラス | 収集期間,組織 (プロジェクト・マネージャーの役割を持つ人の主要組織) | 地域 | プロジェクト・タイプ,状況: アクティブ・プロジェクトと修正中のプロジェクトのみ。,月,月次,2012-01-R,2079-01-R,https://www.ibm.com/docs/ja/tririga/11.6.0?topic=metrics-percent-projects-over-budget-metric
M085,スケジュール超過プロジェクト (%),稼働,運用パフォーマンス,スケジュール超過のプロジェクトのパーセンテージが経時的に上昇傾向の場合、全般的な運用上の問題または課題を特定します。,スケジュールを超過したプロジェクトの数の概要を提供します。プロジェクト内で遅延しているタスクを表示するためのドリルダウン機能があります。 しきい値機能により、管理者は地域別またはプロジェクト・タイプ別に知ることができます。 例えば、ある割合を超えるプロジェクトが遅れている場合などです。,スケジュール超過プロジェクトの数 (計画上の終了日 < 予想終了日) / プロジェクト数の合計,Customer Focus Group,CP,資本プロジェクト管理,推定（ロールから）,,,EN ワークプレース・エグゼクティブ | PR エグゼクティブ | PR マネージャー,EN ワークプレース・エグゼクティブ | PR エグゼクティブ,スコア・ベース: 横棒積み上げグラフ,下限しきい値: .5 (5%) | 上限しきい値: 未使用 | 範囲 1: 良好/正/緑色 | 範囲 2: 悪い/負/赤色 | 範囲 3: 未使用,triCapitalProjectFact,triCapitalProjectFact – メトリック – スケジュール超過プロジェクト率 (スコア),プログラム | 地域 | プロジェクト | プロジェクトの分類 | 収集期間,地域 | 組織,状況: アクティブ・プロジェクトのみ。完了プロジェクトを含まない。,月,月次,2019-01-R,2079-01-R,https://www.ibm.com/docs/ja/tririga/11.6.0?topic=metrics-percent-projects-over-schedule-metric
M086,情報要求の期限切れ率,稼働,運用パフォーマンス,期限切れ情報要求の数が通常よりも多く、注意を必要とするプロジェクトを特定します。,期限切れ情報要求が最も多いプロジェクトを表示したり、プロジェクト・レベルで最も期限超過している情報要求を表示したりすることによって、注意を払う必要があるプロジェクトをプロジェクト・マネージャーが特定するのに役立ちます。,期限切れ情報要求の合計 / 情報要求の合計,Customer Focus Group,CP,資本プロジェクト管理,推定（ロールから）,,,PR マネージャー,,値ベース: グループ化横棒グラフ (%),下限しきい値: .1 (10%) | 上限しきい値: 未使用 | 範囲 1: 良好/正/緑色 | 範囲 2: 悪い/負/赤色 | 範囲 3: 未使用,triRFIFact,triRFIFact – メトリック – 情報要求の期限切れ率,プログラム | プロジェクトの分類 | プロジェクト | プロジェクト・マネージャー | 収集期間,地域 | 組織,アクティブ・プロジェクト アクティブな情報要求,月,月次,2021-01-R,,https://www.ibm.com/docs/ja/tririga/11.6.0?topic=metrics-percent-rfi-overdue-metric
M087,予防保全タスク完了率,稼働,運用パフォーマンス,報告期間中にスケジュールされた予防保全タスクに対し、同期間中に完了した予防保全タスクのパーセンテージを判別します。 このメトリックを長期間にわたってチェックし、観測された傾向に基づいて、予防プログラムを表示、分析、および調整します。 グラフには、完了率が上昇するにつれて故障および緊急作業が減少することが示されています。 正確に追跡した場合、相関関係は明白であり、予防保全プログラムに対するサポートを得るために使用できます。,計画された予防保全プログラムを組織がどれだけ効果的に実施しているかについて、管理担当者に通知します。 効果的でない予防保全プログラムを目立たせるのに役立ちます。,完了した予防保全タスクの総数 / スケジュール済みの予防保全タスクの総数,Customer Focus Group,OP,運用・保守管理,明記,IBM® TRIRIGA® 操作,タスク管理 | サービス管理 | 予防保全ジョブ計画 | PM スケジュール,OP サービス・マネージャー | OP 施設アセスメント・マネージャー/プランナー,,値ベース: グループ化横棒グラフ (%) (収集期間: グループ化縦棒グラフ (%)) | スコア・ベース: 横棒積み上げグラフ (収集期間: 積み上げ縦棒グラフ),下限しきい値: .6 (60%) | 上限しきい値: .9 (90%) | 範囲 1: 低い/負/赤色 | 範囲 2: 目標どおり/注意/黄色 | 範囲 3: 良好/正/緑色,triTaskDetailFact,triTaskDetailFact - メトリック - 予防保全タスク完了率 、triTaskDetailFact - メトリック - 予防保全タスク完了率 (スコア),地域 | ロケーション | 担当組織 | 収集期間,地域 | ロケーション | 担当組織 | タスク・タイプ,タスク・タイプ = 予防 タスク (「担当組織」セクションがあるタスク・タイプのみ),月,月次,,2007-01-R | 2006-01-R,https://www.ibm.com/docs/ja/tririga/11.6.0?topic=metrics-preventive-maintenance-task-completion-ratio-metric
M088,予防保全コストと修理メンテナンス・コストとの比率,稼働,運用パフォーマンス,メンテナンス・コストの使用方法、予防保全プログラムに費やされた実コストのパーセンテージ、およびそれらの支出が改良修理作業に及ぼす影響を判別します。 このメトリックを長期間にわたってチェックし、観測された傾向に基づいて、予防プログラムを表示、分析、および調整します。,プロアクティブな予防保全プログラムとリアクティブな改良メンテナンスに対してメンテナンス・コストがどのように配分されているかを管理担当者に通知します。 これを施設状態指数 (FCI) などの他のメトリックや他のファイナンシャル・メトリックと組み合わせて使用して、予防保全プログラムの効果を判別します。,完了済み予防タスクの合計コスト / 完了済み修理タスクの合計コスト,Customer Focus Group,OP,運用・保守管理,明記,IBM® TRIRIGA® 操作,タスク管理 | サービス管理 | 予防保全ジョブ計画 | PM スケジュール,OP サービス・マネージャー | OP 施設アセスメント・マネージャー/プランナー,,値ベース: グループ化横棒グラフ (%) (収集期間: グループ化縦棒グラフ (%)) | スコア・ベース: 横棒積み上げグラフ (収集期間: 積み上げ縦棒グラフ),下限しきい値: .4 (40%) | 上限しきい値: .6 (60%) | 範囲 1: 低い/注意/黄色 | 範囲 2: 目標どおり/正/緑色 | 範囲 3: 高い/負/赤色,triTaskDetailFact,triTaskDetailFact - メトリック - 予防保全コストと修理メンテナンス・コストとの比率、triTaskDetailFact - メトリック - 予防保全コストと修理メンテナンス・コストとの比率 (スコア),地域 | ロケーション | 担当組織 | 収集期間,地域 | ロケーション | 担当組織 | タスク・タイプ,「タスク・タイプ」=「改良」または「予防」 タスク (「担当組織」セクションがあるタスク・タイプのみ) 状況 = 「完了」または「クローズ済み」のタスク,月,月次,,2007-01-R | 2006-01-R,https://www.ibm.com/docs/ja/tririga/11.6.0?topic=metrics-preventive-maintenance-repair-maintenance-cost-ratio-metric
M089,プロジェクト・オンタイム完了率,稼働,運用パフォーマンス,オンタイムで完了したプロジェクトのパーセンテージを測定します。 目標は、完了率をできるだけ 100% に近づけることです。,プロジェクト・オンタイム完了率を知ることは、プロジェクトの効率を改善するための開始点としての役割を果たします。この情報は、経時的に追跡することができます。 傾向により、プロジェクトのオンタイムでの完了に関して組織が改善されつつあるのかそうでないのかがわかります。,オンタイムで完了したプロジェクトの総数 / プロジェクトの総数,Customer Focus Group,CP,資本プロジェクト管理,推定（ロールから）,,,PR マネージャー,,スコア・ベース: 横棒積み上げグラフ,下限しきい値: .85 (85%) | 上限しきい値: 未使用 | 範囲 1: 悪い/負/赤色 | 範囲 2: 良好/正/緑色 | 範囲 3: 未使用,triCapitalProjectFact,triCapitalProjectFact – メトリック – プロジェクト・オンタイム完了率 (スコア),プログラム | プロジェクト | プロジェクト・マネージャー | 収集期間,地域 | 組織 | プロジェクトの分類 | プロジェクト名 | プログラム,完了プロジェクト,月,月次,2022-01-R,2079-01-R,https://www.ibm.com/docs/ja/tririga/11.6.0?topic=metrics-project-time-completion-rate-metric
M090,プロジェクト・スケジュール差異,稼働,運用パフォーマンス,スケジュール超過のプロジェクトのパーセントが経時的に上昇傾向の場合、全般的な運用上の問題または課題を特定します。,実際のプロジェクト・スケジュールを当初のスケジュールと比較してどのようであるかを示し、プロジェクトまたはプロジェクトのグループが当初のスケジュールと比べてどの程度遅れているかを示します。 ドリルダウン機能により、ユーザーはプロジェクト内で遅延しているタスクを確認することができます。 しきい値機能によって、管理担当者はプロジェクトが特定の遅延量を超えたかどうかを知ることができます。,計画上の終了日 – 予想終了日,Customer Focus Group,CP,資本プロジェクト管理,推定（ロールから）,,,PR エグゼクティブ | PR マネージャー,PR エグゼクティブ,値ベース: グループ化横棒グラフ (%),下限しきい値: .1 (10%) | 上限しきい値: .2 (20%) | 範囲 1: 良好/正/緑色 | 範囲 2: パフォーマンス不十分/注意/黄色 | 範囲 3: 悪い/負/赤色,triCapitalProjectFact,triCapitalProjectFact – メトリック – プロジェクト・スケジュール差異,プログラム | 地域 | プロジェクト | プロジェクト・クラス | 収集期間,地域 | 組織,状況: アクティブ・プロジェクトのみ。完了プロジェクトを含まない。,月,月次,2020-01-R,2079-01-R,https://www.ibm.com/docs/ja/tririga/11.6.0?topic=metrics-project-schedule-variance-metric
M091,不動産契約使用率 – スペース利用契約,ポートフォリオ,ポートフォリオ・パフォーマンス,計画値を外れた契約を判別し、契約の処分または終了が望ましいかどうかを示します。 時間傾向を使用して一定期間にわたって比較し、異常や傾向を特定します。,組織は使用率を低く抑えようと努力しています。 空き率が高いことは、スペースの品質が容認できないか、サービス・デリバリーが不適切であるか、地理的ロケーションが悪いことを示している場合があります。,SUA 賃貸可能面積合計 / 合計賃貸可能面積,BOMA、GSA,RE | FA,不動産管理 | 施設・スペース管理,明記,不動産業 | 施設,スペース利用契約 (不動産業) | スペース割り振り (施設),RE 契約マネージャー,,スコア・ベース: 横棒積み上げグラフ (収集期間: 積み上げ縦棒グラフ),下限しきい値: .05 (5%) | 上限しきい値: .08 (8%) | 範囲 1: 低い/正/緑色 | 範囲 2: 中/注意/黄色 | 範囲 3: 高い/負/赤色,triREContractFact,triREContractFact - メトリック - 不動産契約使用状況 - スペース利用契約 (スコア),地域 | 組織 | 契約タイプ | 収集期間,地域 | 組織 | 契約タイプ | 主要用途 | 地域 | 組織 | 契約タイプ | 物件タイプ | 物件用途 | ミッション依存関係,アクティブな不動産契約 (開始日 < = 今日および満了日> = 今日以降、状況 NOT IN (「リタイア済み」、「解約済み」)),月,月次,2059-01-R | 2060-01-R,2036-01-R | 2037-01-R | 2038-01-R | 2039-01-R,https://www.ibm.com/docs/ja/tririga/11.6.0?topic=pmm-real-estate-contract-utilization-space-use-agreement-metric
M092,再生可能エネルギー比率 (%),環境,環境パフォーマンス,施設内で再生可能エネルギー源から購入したエネルギーの比率を、エネルギー合計使用量のパーセンテージとして測定します。,比率を測定することにより、内部の傾向分析と外部のベンチマークを容易に実行できるようにします。,再生可能エネルギー源からのエネルギー合計使用量 / すべてのエネルギー源のエネルギー合計使用量,Customer Focus Group、コンサルティング会社、EO 13423、GRI,ES,不動産環境維持管理,明記,IBM® TRIRIGA® 不動産環境の持続可能性,エネルギー・ログ,EN ワークプレース・エグゼクティブ | ES マネージャー/プランナー | OP エグゼクティブ,EN ワークプレース・エグゼクティブ | OP エグゼクティブ,値ベース: グループ化横棒グラフ (デフォルト表示) | スコア・ベース: グループ化横棒グラフ | 時間傾向: グループ化縦棒グラフ,下限しきい値: 0.05 | 上限しきい値: 0.2 | 範囲 1: 目標以下/負/赤色 | 範囲 2: 目標以内/注意/黄色 | 範囲 3: 良好/正/緑色,triEnergyLogFact,triEnergyLogFact – メトリック – 再生可能エネルギー比率 (%) (%) triEnergyLogFact – メトリック – 再生可能エネルギー比率 (%) (スコア) triEnergyLogFact – メトリック – 再生可能エネルギー比率 - GIS (%) triEnergyLogFact – メトリック – 再生可能エネルギー比率 – 米国政府 (%),値ベース: 地域、ロケーション、収集期間、エネルギー・タイプ | スコア・ベース: ロケーション、地域、収集期間、エネルギー・タイプ,値ベース: ロケーション、地域、エネルギー・タイプ | スコア・ベース: ロケーション、地域、エネルギー・タイプ 米国連邦政府用: | 値ベース: ロケーション、地域、エネルギー・タイプ、物件タイプ、物件用途、法定金利、ミッション依存関係,アクティブな土地 アクティブな建物 アクティブ構造物 アクティブな小売ロケーション アクティブなエネルギー・ログ・レコード,月,月次,,,https://www.ibm.com/docs/ja/tririga/11.6.0?topic=metrics-renewable-energy-ratio-energy-type-metric
M093,再生可能エネルギー比率 (%),環境,環境パフォーマンス,施設内で再生可能エネルギー源から購入したエネルギーの比率を、エネルギー合計使用量のパーセンテージとして測定します。,比率を測定することにより、内部の傾向分析と外部のベンチマークを容易に実行できるようにします。,再生可能エネルギー源からのエネルギー合計使用量 / すべてのエネルギー源のエネルギー合計使用量,Customer Focus Group、コンサルティング会社、EO 13423、GRI,ES,不動産環境維持管理,明記,IBM® TRIRIGA® 不動産環境の持続可能性,エネルギー・ログ,EN ワークプレース・エグゼクティブ | ES マネージャー/プランナー | OP エグゼクティブ,EN ワークプレース・エグゼクティブ | OP エグゼクティブ,値ベース: グループ化横棒グラフ (デフォルト表示) | スコア・ベース: グループ化横棒グラフ | 時間傾向: グループ化縦棒グラフ,下限しきい値: 0.05 | 上限しきい値: 0.2 | 範囲 1: 目標以下/負/赤色 | 範囲 2: 目標以内/注意/黄色 | 範囲 3: 良好/正/緑色,triLocationFact,triLocationFact – メトリック – 再生可能エネルギー比率 (%) triLocationFact – メトリック – 再生可能エネルギー比率 (%) (スコア) triLocationFact – メトリック – 再生可能エネルギー比率 - GIS (%) triLocationFact – メトリック – 再生可能エネルギー比率 – 米国政府 (%),値ベース: 地域、ロケーション、収集期間 | スコア・ベース: ロケーション、地域、収集期間,値ベース: ロケーション、地域 | スコア・ベース: ロケーション、地域 米国連邦政府用: | 値ベース: ロケーション、地域、物件タイプ、物件用途、法定金利、ミッション依存関係,アクティブな土地 アクティブな建物 アクティブ構造物 アクティブな小売ロケーション アクティブなエネルギー・ログ・レコード,月,月次,,,https://www.ibm.com/docs/ja/tririga/11.6.0?topic=metrics-renewable-energy-ratio-metric
M094,改築コスト / 面積 (資本プロジェクトのみ),財務,財務パフォーマンス,平均建築コストを超える事業単位またはプログラムを特定し、プロジェクト・コストにドリルインして原因を特定します。,平方フィートあたりの平均改築コストを可視化します。 この情報は、より正確な見積を行うために役立ちます。これにより、管理担当者が平均コストの高すぎるプロジェクトまたはチームに集中できるようになります。また、将来のコスト見積の予測に役立つ、経時的な価格の傾向を見るためのゲージが提供されます。,発生した実際のコスト (改築プロジェクトのみ)/プロジェクト総建設面積 (またはプロジェクトの利用可能面積),Customer Focus Group,CP,資本プロジェクト管理,推定（ロールから）,,,PR エグゼクティブ | PR マネージャー,PR エグゼクティブ,値ベース: グループ化横棒グラフ,下限しきい値: $150/SF | 上限しきい値: $200/SF | 範囲 1: 低い/正/緑色 | 範囲 2: 中/注意/黄色 | 範囲 3: 高い/負/赤色,triCapitalProjectFact,triCapitalProjectFact - メトリック - 改築コスト (USD/GSF)、triCapitalProjectFact - メトリック - 改築コスト (USD/USF),プログラム | 地域 | プロジェクト | プロジェクト・マネージャー | クライアント | 収集期間,地域 | 組織 | ロケーション,状況: 完了プロジェクト プロジェクトの分類: 改築,月,月次,2016-01-R,2079-01-R,https://www.ibm.com/docs/ja/tririga/11.6.0?topic=metrics-renovation-cost-area-metric
M095,収益/炭素排出量 (USD/トン CO2),財務,財務パフォーマンス,施設内での炭素排出量の比率を、生み出される全体的な事業収益のパーセンテージとして測定します。,炭素排出量を事業収益合計の関数として等式化することによって、内部傾向分析および外部のベンチマークを容易に実行できるようにします。 エグゼクティブは、さまざまな環境イニシアチブのコスト内訳の分析を可能にする他のファイナンシャル・メトリックと一緒に、このメトリックを使用することができます。,事業収益合計 / 合計 CO2e 出資比率報告、合計 CO2 出資比率報告、合計輸送出資比率報告、合計廃棄物出資比率報告,Customer Focus Group、コンサルティング会社、GRI,ES,不動産環境維持管理,明記,IBM® TRIRIGA® 不動産環境の持続可能性,輸送ログ | 廃棄物ログ | 財務状況の概要 | 炭素フットプリント・ログ,EN ワークプレース・エグゼクティブ | ES マネージャー/プランナー,EN ワークプレース・エグゼクティブ,値ベース: 横棒積み上げグラフ (デフォルト表示) | スコア・ベース: 積み上げ縦棒グラフ | 時間傾向: 積み上げ縦棒グラフ,下限しきい値: 80 | 上限しきい値: 91 | 範囲 1: 良好/正/緑色 | 範囲 2: 目標以内/注意/黄色 | 範囲 3: 過剰/負/赤色,triLocationFact,triLocationFact – メトリック – 収益/炭素排出量 (USD/トン CO2)、triLocationFact – メトリック – 収益/炭素排出量 (USD/トン CO2) (スコア),値ベース: 収集期間 | スコア・ベース: 収集期間,値ベース: ロケーション、地域 | スコア・ベース: ロケーション、地域,アクティブな土地 アクティブな建物 アクティブ構造物 アクティブな小売ロケーション アクティブな炭素フットプリント・ログ・レコード,月,月次,,,https://www.ibm.com/docs/ja/tririga/11.6.0?topic=metrics-revenue-carbon-emissions-usd-tons-co2-metric
M096,目標までの収益週,稼働,運用パフォーマンス,収益目標が達成される見込みかどうかを判別します。,スケジュールどおりにトランザクション計画を達成することによる、収益への影響を特定します。,計算上の収益週数の合計 / 計画上の収益週数の合計,Customer Focus Group,RE | FA,不動産管理 | 施設・スペース管理,明記,不動産業 | 施設,スペース利用契約 (不動産業) | スペース割り振り (施設),RE エグゼクティブ | RE トランザクション・マネージャー,RE エグゼクティブ,値ベース: グループ化横棒グラフ (%) (収集期間: グループ化縦棒グラフ (%)),下限しきい値: .8 (80%) | 上限しきい値: .9 (90%) | 範囲 1: 悪い/負/赤色 | 範囲 2: パフォーマンス不十分/注意/黄色 | 範囲 3: 目標どおり/正/緑色,triRETransactionPlanFact,triRETransactionPlanFact - メトリック - 目標までの収益週 (%),地域 | ポートフォリオ・マネージャー | 収集期間,地域 | ポートフォリオ・マネージャー,アクティブ・トランザクション計画,月,月次,2053-01-R,,https://www.ibm.com/docs/ja/tririga/11.6.0?topic=metrics-revenue-weeks-target-metric
M097,情報要求応答時間,稼働,運用パフォーマンス,情報要求応答時間が長いことは顧客サービスが悪いことを示します。 応答時間が長いという問題を抱えるプロジェクト・リードを特定することができ、その結果、是正措置を実行できます。,平均の情報要求応答時間が長いプロジェクト・リードまたはプロジェクトを特定します。,各情報要求に応答する平均時間 / 情報要求の総数,Customer Focus Group,CP,資本プロジェクト管理,推定（ロールから）,,,PR マネージャー,,値ベース: グループ化横棒グラフ,下限しきい値: 3 日 | 上限しきい値: 未使用 | 範囲 1: 低い/正/緑色 | 範囲 2: 高い/負/赤色 | 範囲 3: 未使用,triRFIFact,triRFIFact – メトリック – 情報要求応答時間,プログラム | プロジェクト | プロジェクト・マネージャー | 収集期間,地域 | 組織,なし,月,月次,2021-01-R,,https://www.ibm.com/docs/ja/tririga/11.6.0?topic=metrics-rfi-response-time-metric
M098,席占有率 (%) – 不動産契約,ポートフォリオ,ポートフォリオ・パフォーマンス,処分が望ましいかどうかを示す、計画値を外れた契約を判別します。 時間傾向を使用して一定期間にわたって比較し、異常や傾向を特定します。,組織は 1 人あたりの席数の比率を低く抑えようと努力しています。 1 人あたりの席数が多いことは、スペースの品質が容認できないか、サービス・デリバリーが不適切であるか、地理的ロケーションが悪いことを示している場合があります。,合計人数 / 合計席数,BOMA、GSA,RE | FA,不動産管理 | 施設・スペース管理,明記,不動産業 | 施設,スペース利用契約 (不動産業) | スペース割り振り (施設),RE トランザクション・マネージャー,,スコア・ベース: 横棒積み上げグラフ (収集期間: 積み上げ縦棒グラフ),下限しきい値: .8 (80%) | 上限しきい値: 未使用 | 範囲 1: 使用不十分/負/赤色 | 範囲 2: 良好な使用/正/緑色 | 範囲 3: 未使用,triREContractFact,triREContractFact - メトリック - 席占有率 (%) - 不動産契約 (スコア),地域 | 組織 | 契約タイプ | 収集期間,地域 | 組織 | 契約タイプ | 主要用途 | 地域 | 組織 | 契約タイプ | 物件タイプ | 物件用途 | ミッション依存関係,アクティブな不動産契約 (開始日 < = 今日および満了日> = 今日以降、状況 NOT IN (「リタイア済み」、「解約済み」)),月,月次,2044-01-R | 2045-01-R,2036-01-R | 2037-01-R | 2038-01-R | 2039-01-R,https://www.ibm.com/docs/ja/tririga/11.6.0?topic=metrics-seat-occupancy-re-contracts-metric
M099,1 人あたりの席数 – 不動産契約,ポートフォリオ,ポートフォリオ・パフォーマンス,処分が望ましいかどうかを示す、計画値を外れた契約を判別します。 時間傾向を使用して一定期間にわたって比較し、異常や傾向を特定します。,組織は 1 人あたりの席数の比率を高く維持しようと努力しています。 1 人あたりの席数が少ないことは、スペースの品質が容認できないか、サービス・デリバリーが不適切であるか、地理的ロケーションが悪いことを示している場合があります。,合計席数 / 合計人数,BOMA、GSA,RE | FA,不動産管理 | 施設・スペース管理,明記,不動産業 | 施設,スペース利用契約 (不動産業) | スペース割り振り (施設),RE トランザクション・マネージャー,,スコア・ベース: 横棒積み上げグラフ (収集期間: 積み上げ縦棒グラフ),下限しきい値: 1.1 席/人 | 上限しきい値: 1.25 席/人 | 範囲 1: 低い/正/緑色 | 範囲 2: 中/注意/黄色 | 範囲 3: 高い/負/赤色,triREContractFact,triREContractFact - メトリック - 1 人あたりの席数 - 不動産契約 (スコア),地域 | 組織 | 契約タイプ | 収集期間,地域 | 組織 | 契約タイプ | 主要用途 | 地域 | 組織 | 契約タイプ | 物件タイプ | 物件用途 | ミッション依存関係,アクティブな不動産契約 (開始日 < = 今日および満了日> = 今日以降、状況 NOT IN (「リタイア済み」、「解約済み」)),月,月次,2040-01-R | 2041-01-R,2036-01-R | 2037-01-R | 2038-01-R | 2039-01-R,https://www.ibm.com/docs/ja/tririga/11.6.0?topic=metrics-seats-per-person-re-contracts-metric
M100,セキュリティー・コスト / メンテナンス対象面積,財務,財務パフォーマンス,セキュリティー・コスト効率が優れている施設と劣っている施設を判別します。 時間傾向分析を使用して、季節によるピーク、異常、および傾向を比較します。,業界ベンチマークと比較してどのようであるかを管理担当者に通知し、管理者が複数の地域、施設、および建物タイプにわたってセキュリティー・コストを比較できるようにします。 このメトリックは、総面積でなくメンテナンス対象の実面積のみ含むという点で、「メンテナンス・コスト/面積」メトリックとは異なります。,セキュリティー・コスト合計 / メンテナンス対象面積合計,IFMA,OP,運用・保守管理,明記,IBM® TRIRIGA® 操作,建物 (面積の計算) | 外部の企業システムからの財務データ,OP エグゼクティブ | OP サービス・マネージャー | OP 施設アセスメント・マネージャー/プランナー | OP サービス技術員,OP エグゼクティブ,値ベース: グループ化横棒グラフ (収集期間: グループ化縦棒グラフ) | スコア・ベース: 横棒積み上げグラフ (収集期間: 積み上げ縦棒グラフ),下限しきい値: $.50/ メンテナンス対象面積 | 上限しきい値: $.90/ メンテナンス対象面積 | 範囲 1: 低い/注意/黄色 | 範囲 2: 中/正/緑色 | 範囲 3: 高い/負/赤色,triBuildingFact,triBuildingFact - メトリック - セキュリティー・コスト / メンテナンス対象面積 (金額/面積)、triBuildingFact - メトリック - セキュリティー・コスト / メンテナンス対象面積 (金額/面積) (スコア),地域 | ロケーション | 収集期間,地域 | ロケーション | 建物クラス | 建物保有権 | 地域 | ロケーション | 物件タイプ | 物件用途 | ミッション依存関係 | 法定金利,コスト・タイプ分類 = メンテナンス,月,月次,,2024-01-R | 2025-01-R | 2026-01-R,https://www.ibm.com/docs/ja/tririga/11.6.0?topic=metrics-security-costs-area-maintained-metric
M101,サービス・タスク・コスト,分析レポート,分析レポート,コスト計画およびリソース・ニーズを理解するために、要求クラスおよびロケーション全体におけるサービス・タスク・コストと内訳を分析します。,タスク・コストおよび傾向の分析に使用されるサービス・タスク・ボリュームのデータをグラフ化します。,タスク・コストの合計,Customer Focus Group,OP,運用・保守管理,明記,IBM® TRIRIGA® 操作,サービス管理 | サービス・タスク | 取り込まれたタスク・コスト・データ,OP エグゼクティブ | OP サービス・マネージャー | OP 施設アセスメント・マネージャー/プランナー,OP エグゼクティブ,値ベース: グループ化横棒グラフ (収集期間: グループ化縦棒グラフ),下限しきい値: 未使用 | 上限しきい値: 未使用 | 範囲 1: 未使用 | 範囲 2: 未使用 | 範囲 3: 未使用,triTaskResourceFact,triTaskResourceFact - メトリック - サービス・タスク・コスト,地域 | ロケーション | 要求クラス | 要求者の組織 | 収集期間,地域 | ロケーション | アサインされたリソース | 要求クラス | 担当組織,アクティブ状況のディメンションのみを含む,月,月次,2005-01-R | 2004-01-R,2003-01-R | 2002-01-R,https://www.ibm.com/docs/ja/tririga/11.6.0?topic=metrics-service-task-cost-metric
M102,サービス・タスク・ボリューム,分析レポート,分析レポート,ワークロードおよびリソース・ニーズを理解するために、要求クラスおよびロケーション全体におけるサービス・タスク・ボリュームと内訳を分析します。,タスク・ボリュームおよび傾向の分析に使用されるサービス・タスク・ボリュームのデータをグラフ化します。,タスク数,Customer Focus Group,OP,運用・保守管理,明記,IBM® TRIRIGA® 操作,サービス管理 | サービス・タスク,OP サービス・マネージャー | OP 施設アセスメント・マネージャー/プランナー,,値ベース: グループ化横棒グラフ (収集期間: グループ化縦棒グラフ),下限しきい値: 未使用 | 上限しきい値: 未使用 | 範囲 1: 未使用 | 範囲 2: 未使用 | 範囲 3: 未使用,triTaskResourceFact,triTaskResourceFact - メトリック - サービス・タスク・ボリューム,地域 | ロケーション | 要求クラス | 要求者の組織 | 担当組織 | 収集期間,地域 | ロケーション | アサインされたリソース | 要求クラス | 担当組織,アクティブ状況のディメンションのみを含む,月,月次,,2003-01-R | 2002-01-R,https://www.ibm.com/docs/ja/tririga/11.6.0?topic=metrics-service-task-volume-metric
M103,サービス時間使用率,稼働,運用パフォーマンス,保守リソースがどの程度適切に利用されているかを判別します。 このメトリックを経時的に表示して、観察された傾向に基づいてプログラムを表示、分析、および調整します。 このメトリックは、保守組織内における作業者の生産性および有効性を分析するために重要です。,タスクの割り当てとリソースの使用がどの程度効果的であるかを管理担当者に通知します。 多くの場合、メンテナンス作業グループでは 「レンチタイム」(作業時間) 、サービス提供企業では支払請求可能レートと呼ばれています。,タスクの合計時間 / 合計標準時間 (作業スケジュールに基づく),Customer Focus Group,OP | RC,運用・保守管理 | リクエスト・セントラル,明記,IBM® TRIRIGA® 操作 | リクエスト・セントラル,タスク管理 | サービス管理 | 時間エントリー,EN ワークプレース・エグゼクティブ | OP エグゼクティブ | OP サービス・マネージャー,EN ワークプレース・エグゼクティブ | OP エグゼクティブ,値ベース: グループ化横棒グラフ (%) (収集期間: グループ化縦棒グラフ (%)) | スコア・ベース: 横棒積み上げグラフ (収集期間: 積み上げ縦棒グラフ),下限しきい値: .65 (65%) | 下限しきい値: .8 (80%) | 範囲 1: 悪い/負/赤色 | 範囲 2: パフォーマンス不十分/注意/黄色 | 範囲 3: 良好/正/緑色,triResourceFact,triResourceFact - メトリック - サービス時間使用率、 triResourceFact - メトリック - サービス時間使用率 (スコア),地域 | ロケーション | 組織 | アサインされたリソース | 収集期間,地域 | ロケーション | 組織 | アサインされたリソース,なし,月,月次,,,https://www.ibm.com/docs/ja/tririga/11.6.0?topic=metrics-service-time-utilization-metric
M104,サービス顧客満足度 - 運営,カスタマー,顧客パフォーマンス,送信された否定的な調査回答の根本原因、改善の機会、サービス・レベルのずれ、期待のギャップ、および利用者の意識を特定します。 多くの場合にサービスの質を測る上で最も重要な、優良な顧客サービスを認識して報奨します。 スコア・カードでは、これは重要な顧客メトリックです。,組織がどれだけ効果的に施設占有者の要求を満たしているかを管理担当者に通知します。 これは返された調査フォームの集計スコアに基づきます。,調査回答スコアの合計 / 調査の最大スコアの合計,Customer Focus Group,OP | RC,運用・保守管理 | リクエスト・セントラル,明記,IBM® TRIRIGA® 操作 | リクエスト・セントラル,タスク管理 | サービス管理 | 要求管理,EN ワークプレース・エグゼクティブ | OP エグゼクティブ | OP サービス・マネージャー | OP 施設アセスメント・マネージャー/プランナー,EN ワークプレース・エグゼクティブ | OP エグゼクティブ,値ベース: グループ化横棒グラフ (%) (収集期間: グループ化縦棒グラフ (%)) | スコア・ベース: 横棒積み上げグラフ (収集期間: 積み上げ縦棒グラフ),下限しきい値: .58 (58%) | 上限しきい値: .78 (78%) | 範囲 1: 悪い/負/赤色 | 範囲 2: パフォーマンス不十分/注意/黄色 | 範囲 3: 良好/正/緑色,triSurveyFact,triSurveyFact - メトリック - サービス満足度調査、 triSurveyFact - メトリック - サービス満足度調査 (スコア),地域 | ロケーション | 担当組織 | 要求クラス | 質問カテゴリー | 収集期間,地域 | ロケーション | 担当組織 | 要求クラス | 質問カテゴリー,なし,月,月次,,2008-01-R,https://www.ibm.com/docs/ja/tririga/11.6.0?topic=metrics-services-customer-satisfaction-operations-metric
M105,固形廃棄物,環境,環境パフォーマンス,固形廃棄物管理プログラムが良好な施設と悪い施設を判別します。 時間傾向分析を使用して、異常または傾向を比較して見つけます。,固形廃棄物の消費量 (トン) を判別します。,廃棄物の合計,Customer Focus Group、EO 13423、GRI,ES,不動産環境維持管理,明記,IBM® TRIRIGA® 不動産環境の持続可能性,廃棄物ログ,ES マネージャー/プランナー,,値ベース: グループ化横棒グラフ | 時間傾向: グループ化縦棒グラフ,なし,triWasteLogFact,triWasteLogFact – メトリック – 固形廃棄物、triWasteLogFact – メトリック – 固形廃棄物 – 米国政府,値ベース: 地域、ロケーション、収集期間、廃棄物タイプ,値ベース: 地域、ロケーション、建物クラス、建物保有権 (リース/所有)、廃棄物タイプ 米国連邦政府用: | 値ベース: 地域、ロケーション、物件タイプ、物件用途、ミッション依存関係、法定金利、廃棄物タイプ,アクティブな土地 アクティブな建物 アクティブ構造物 アクティブな小売ロケーション アクティブな廃棄物ログ・レコード,月,月次,,,https://www.ibm.com/docs/ja/tririga/11.6.0?topic=metrics-solid-waste-metric
M106,固形廃棄物,環境,環境パフォーマンス,固形廃棄物管理プログラムが良好な施設と悪い施設を判別します。 時間傾向分析を使用して、異常または傾向を比較して見つけます。,固形廃棄物の消費量 (トン) を判別します。,固形廃棄物合計 (固形廃棄物合計、回収量/リサイクル量、および廃棄量による内訳),Customer Focus Group、EO 13423、GRI,ES,不動産環境維持管理,明記,IBM® TRIRIGA® 不動産環境の持続可能性,固形廃棄物ログ,ES マネージャー/プランナー,,値ベース: 廃棄物タイプ別の横棒積み上げグラフ | 時間傾向: 積み上げ縦棒グラフ,なし,triLocationFact,triLocationFact – メトリック – 固形廃棄物、triLocationFact – メトリック – 固形廃棄物 – 米国政府,値ベース: 地域、ロケーション、収集期間,値ベース: 地域、ロケーション、建物クラス、建物保有権 (リース/所有) 米国連邦政府用: | 値ベース: 地域、ロケーション、物件タイプ、物件用途、ミッション依存関係、法定金利,アクティブな土地 アクティブな建物 アクティブ構造物 アクティブな小売ロケーション アクティブな廃棄物ログ・レコード,月,月次,,,https://www.ibm.com/docs/ja/tririga/11.6.0?topic=metrics-solid-waste-type-metric
M107,固形廃棄物回収 (%),環境,環境パフォーマンス,固形廃棄物管理プログラムが良好な施設と悪い施設を判別します。 時間傾向分析を使用して、異常または傾向を比較して見つけます。,施設の固形廃棄物回収の処理の効率を判別します。,回収された固形廃棄物の合計 / 廃棄物使用の合計,Customer Focus Group、EO 13423、GRI,ES,不動産環境維持管理,明記,IBM® TRIRIGA® 不動産環境の持続可能性,廃棄物ログ,ES マネージャー/プランナー,,値ベース: グループ化横棒グラフ (デフォルト表示) | スコア・ベース: グループ化横棒グラフ | 時間傾向: グループ化縦棒グラフ,下限しきい値: 0.1 | 上限しきい値: 0.3 | 範囲 1: 悪い/負/赤色 | 範囲 2: 目標以内/注意/黄色 | 範囲 3: 良好/正/緑色,triWasteLogFact,triWasteLogFact – メトリック – 固形廃棄物回収 (%) triWasteLogFact – メトリック – 固形廃棄物回収 (%) (スコア) triWasteLogFact – メトリック – 固形廃棄物回収 (%) - GIS triWasteLogFact – メトリック – 固形廃棄物回収 (%) – 米国政府 triWasteLogFact – メトリック – 固形廃棄物回収 (%) – 米国政府 (スコア) triWasteLogFact – メトリック – 固形廃棄物回収 (%) – 米国政府 - GIS,値ベース: 地域、ロケーション、収集期間、廃棄物タイプ | スコア・ベース: 地域、ロケーション、収集期間、廃棄物タイプ,値ベース: 地域、ロケーション、建物クラス、建物保有権 (リース/所有)、廃棄物タイプ | スコア・ベース: 地域、ロケーション、建物クラス、建物保有権 (リース/所有)、廃棄物タイプ 米国連邦政府用: | 値ベース: 地域、ロケーション、物件タイプ、物件用途、ミッション依存関係、法定金利、廃棄物タイプ | スコア・ベース: 地域、ロケーション、物件タイプ、物件用途、ミッション依存関係、法定金利、廃棄物タイプ,アクティブな土地 アクティブな建物 アクティブ構造物 アクティブな小売ロケーション アクティブな廃棄物ログ・レコード,月,月次,,,https://www.ibm.com/docs/ja/tririga/11.6.0?topic=metrics-solid-waste-recovery-metric
M108,固形廃棄物回収 (%),環境,環境パフォーマンス,固形廃棄物管理プログラムが良好な施設と悪い施設を判別します。 時間傾向分析を使用して、異常または傾向を比較して見つけます。,施設の固形廃棄物回収の処理の効率を判別します。,回収された固形廃棄物の合計 / 固形廃棄物の合計,Customer Focus Group、EO 13423、GRI,ES,不動産環境維持管理,明記,IBM® TRIRIGA® 不動産環境の持続可能性,固形廃棄物ログ,ES マネージャー/プランナー,,値ベース: 横棒積み上げグラフ (デフォルト表示) | スコア・ベース: 横棒積み上げグラフ | 時間傾向: 積み上げ縦棒グラフ,下限しきい値: 0.1 | 上限しきい値: 0.3 | 範囲 1: 悪い/負/赤色 | 範囲 2: 目標以内/注意/黄色 | 範囲 3: 良好/正/緑色,triLocationFact,triLocationFact – メトリック – 固形廃棄物回収 (%) triLocationFact – メトリック – 固形廃棄物回収 (%) (スコア) triLocationFact – メトリック – 固形廃棄物回収 (%) - GIS triLocationFact – メトリック – 固形廃棄物回収 (%) – 米国政府 triLocationFact – メトリック – 固形廃棄物回収 (%) – 米国政府 (スコア) triLocationFact – メトリック – 固形廃棄物回収 (%) – 米国政府 - GIS,値ベース: 地域、ロケーション、収集期間 | スコア・ベース: 地域、ロケーション、収集期間,値ベース: 地域、ロケーション、建物クラス、建物保有権 (リース/所有) | スコア・ベース: 地域、ロケーション、建物クラス、建物保有権 (リース/所有) 米国連邦政府用: | 値ベース: 地域、ロケーション、物件タイプ、物件用途、ミッション依存関係、法定金利 | スコア・ベース: 地域、ロケーション、物件タイプ、物件用途、ミッション依存関係、法定金利,アクティブな土地 アクティブな建物 アクティブ構造物 アクティブな小売ロケーション アクティブな廃棄物ログ・レコード,月,月次,,,https://www.ibm.com/docs/ja/tririga/11.6.0?topic=metrics-solid-waste-recovery-type-metric
M109,スペース・クラス内訳 (%),ポートフォリオ,ポートフォリオ・パフォーマンス,例外条件の根本原因を判明するために重点的に調査すべき建物およびフロア・ロケーションを判別します。 より詳しい分析を行うために、スペースの分類にドリルインします。 時間傾向分析を使用して、季節によるピーク、異常、改善した傾向、または傾向を比較します。,内部傾向分析と外部のベンチマークのための建物のレイアウトの効率の比較を容易にします。,スペース・クラス別の面積,Customer Focus Group,FA,施設・スペース管理,推定（ロールから）,,,FA 移動マネージャー/プランナー | FA スペース・マネージャー/プランナー,,値ベース: グループ化横棒グラフ (収集期間: グループ化縦棒グラフ),下限しきい値: 未使用 | 上限しきい値: 未使用 | 範囲 1: 未使用 | 範囲 2: 未使用 | 範囲 3: 未使用,triSpaceAllocationFact,triSpaceAllocationFact - メトリック - スペース・クラス内訳 (%) メトリック,地域 | ロケーション | スペース・クラス | 組織 | 収集期間,地域 | ロケーション | スペース・クラス | 組織 | 地域 | ロケーション | スペース・クラス | 組織 | 物件タイプ | 物件用途,アクティブな建物 アクティブなフロア アクティブなスペース,月,月次,,2027-01-R | 2031-01-R | 2032-01-R | 2030-01-R | 2028-01-R | 2029-01-R,https://www.ibm.com/docs/ja/tririga/11.6.0?topic=metrics-space-class-breakdown-metric
M110,時間使用率サマリー (タイム・カード追跡),分析レポート,分析レポート,労働の内訳を分析して、リソースの需要および効率を理解します。,さまざまなディメンションにわたる、タイム・カードの労働時間の内訳を判別します。,時間エントリー時間の合計,Customer Focus Group,OP,運用・保守管理,明記,IBM® TRIRIGA® 操作,操作 | タイム・カード,OP エグゼクティブ | OP サービス・マネージャー | OP 施設アセスメント・マネージャー/プランナー,OP エグゼクティブ,値ベース: グループ化横棒グラフ (収集期間: グループ化縦棒グラフ),下限しきい値: .65 (65%) | 下限しきい値: .8 (80%) | 範囲 1: 悪い/負/赤色 | 範囲 2: パフォーマンス不十分/注意/黄色 | 範囲 3: 良好/正/緑色,triTimeEntryFact,triTimeEntryFact - メトリック - 時間使用率,地域 | ロケーション | 担当組織 | アサインされたリソース | 収集期間,地域 | ロケーション | 担当組織 | タイム・キーパー,アクティブ状況のディメンションのみを含む,月,月次,2009-01-R,,https://www.ibm.com/docs/ja/tririga/11.6.0?topic=metrics-time-utilization-summary-metric
M111,作業場合計運用コスト ($) / ビジネス運営経費合計 ($),財務,財務パフォーマンス,施設内での運用投資の比率を、全体的なビジネス運営コストのパーセンテージとして測定します。,作業場運営コストをビジネス運営経費合計の関数として等式化することによって、内部の傾向分析と外部のベンチマークを容易に実行できるようにします。 エグゼクティブは、このメトリックを他のファイナンシャル・メトリックと一緒に使用することにより、さまざまな作業場サービスのコスト内訳を分析することができます。,作業場運用コスト合計 / ビジネス運用コスト合計,Customer Focus Group,WPM,ワークプレース・パフォーマンス管理,明記,IBM® TRIRIGA® エンタープライズ・パフォーマンス管理,コスト・コード | 地域 | ロケーション | 組織,EN ワークプレース・エグゼクティブ,EN ワークプレース・エグゼクティブ,値ベース: グループ化横棒グラフ (収集期間: グループ化縦棒グラフ) | スコア・ベース: 横棒積み上げグラフ (収集期間: 積み上げ縦棒グラフ),このメトリックは業界および企業/機関に固有であり、しきい値はセットアップ中に各企業/機関が決定する必要があります。,triBuildingFact,triBuildingFact - メトリック - 作業場合計運用コスト ($) / ビジネス運営経費 ($) メトリック、triBuildingFact - メトリック - 作業場合計運用コスト ($) / ビジネス総収益 ($) メトリック (スコア),値ベース: 地域、ロケーション、収集期間 | スコア・ベース: 地域、ロケーション、収集期間,値ベース: 地域、ロケーション | スコア・ベース: 地域、ロケーション | 収集期間: 地域、ロケーション,アクティブな建物 アクティブなコスト・コード,月,月次,,2024-01-R | 2025-01-R | 2026-01-R,https://www.ibm.com/docs/ja/tririga/11.6.0?topic=pmm-total-cost-operations-total-business-operating-expense-metric
M112,運用コスト合計/炭素排出量 (USD/トン CO2),財務,財務パフォーマンス,施設での炭素排出量の比率を、運用コスト合計 (TCO) のパーセンテージとして測定します。,炭素排出量を、施設を運営するためのコスト合計の関数として等式化することによって、内部の傾向分析と外部のベンチマークを容易に実行できるようにします。 エグゼクティブは、このメトリックを他のファイナンシャル・メトリックと一緒に使用することにより、さまざまな環境イニシアチブのコスト内訳を分析することができます。,運用コスト合計 (TCO) / 合計 CO2e 出資比率報告、合計 CO2 出資比率報告、合計輸送出資比率報告、合計廃棄物出資比率報告,Customer Focus Group、コンサルティング会社、GRI,ES,不動産環境維持管理,明記,IBM® TRIRIGA® 不動産環境の持続可能性,輸送ログ | 廃棄物ログ | 財務状況の概要 | 炭素フットプリント・ログ,EN ワークプレース・エグゼクティブ | ES マネージャー/プランナー,EN ワークプレース・エグゼクティブ,値ベース: 横棒積み上げグラフ (デフォルト表示) | スコア・ベース: 横棒積み上げグラフ | 時間傾向: 積み上げ縦棒グラフ,下限しきい値: 80 | 上限しきい値: 91 | 範囲 1: 良好/正/緑色 | 範囲 2: 目標以内/注意/黄色 | 範囲 3: 過剰/負/赤色,triLocationFact,triLocationFact – メトリック – 運用コスト合計/炭素排出量 (USD/トン CO2)、triLocationFact – メトリック – 運用コスト合計/炭素排出量 (USD/トン CO2) (スコア),値ベース: ロケーション、地域、収集期間 | スコア・ベース: ロケーション、地域、収集期間,値ベース: ロケーション、地域 | スコア・ベース: ロケーション、地域,アクティブな土地 アクティブな建物 アクティブ構造物 アクティブな小売ロケーション アクティブな炭素フットプリント・ログ・レコード,月,月次,,,https://www.ibm.com/docs/ja/tririga/11.6.0?topic=pmm-total-cost-operations-carbon-emissions-usd-tons-co2-metric
M113,合計占有コスト (TCO) ($/面積),財務,財務パフォーマンス,コスト効率が良好な建物と悪い建物を判別します。 どの特定の建物の占有コストが非効率の原因となっているかを判別します。 時間傾向分析を使用して、季節によるピーク、異常、および傾向を比較します。,運用コストを管理対象面積の関数として等式化することによって、内部の傾向分析と外部のベンチマークを容易に実行できるようにします。 占有コストは、 IBM® TRIRIGA® のコスト・コードで表される、サブコンポーネント・レベルおよび各種操作プロセスでの、全体的な操作コストの合計として評価されます。,(運用コスト合計 + 固定資産提供コスト) / 合計賃貸可能面積,IFMA、BOMA、APPA,FA | OP,施設・スペース管理 | 運用・保守管理,推定（ロールから）,,,EN ワークプレース・エグゼクティブ | FA 移動マネージャー/プランナー | FA スペース・マネージャー/プランナー | OP エグゼクティブ,EN ワークプレース・エグゼクティブ | OP エグゼクティブ,値ベース: グループ化横棒グラフ (収集期間: グループ化縦棒グラフ) | スコア・ベース: 横棒積み上げグラフ (収集期間: 積み上げ縦棒グラフ),下限しきい値: $5/RSF | 上限しきい値: $12/RSF | 範囲 1: 低い/注意/黄色 | 範囲 2: 中/正/緑色 | 範囲 3: 高い/負/赤色,triBuildingFact,triBuildingFact - メトリック - 合計占有コスト ($ / 面積) メトリック triBuildingFact - メトリック - 合計占有コスト ($ / 面積) メトリック (スコア),地域 | ロケーション | 収集期間,地域 | ロケーション | 時刻 | 建物クラス | 建物保有権 (リース/所有) | 地域 | ロケーション | 時刻 | 物件タイプ | 物件用途 | ミッション依存関係 | 法定金利 | 建物保有権 (リース/所有),アクティブな建物,月,月次 月末が過ぎると財務データを終了してスケジュール・ロード,,2024-01-R | 2025-01-R | 2026-01-R,https://www.ibm.com/docs/ja/tririga/11.6.0?topic=metrics-total-occupancy-cost-tco-area-metric
M114,合計占有コスト (TCO) ($/人),財務,財務パフォーマンス,コスト効率が良好な建物と悪い建物を判別します。 どの特定の建物の占有コストが非効率の原因となっているかを判別します。 時間傾向分析を使用して、季節によるピーク、異常、および傾向を比較します。,施設占有者の人口を基準として運用コストを扱うことにより、内部の傾向分析と外部のベンチマークを容易に実行できるようにします。 占有コストは、 IBM® TRIRIGA® のコスト・コードで表される、サブコンポーネント・レベルおよび各種操作プロセスでの、全体的な操作コストの合計として評価されます。,(運用コスト合計 + 固定資産提供コスト) / 作業者数の合計,IFMA、BOMA、APPA、内部,FA | OP,施設・スペース管理 | 運用・保守管理,推定（ロールから）,,,FA 移動マネージャー/プランナー | OP エグゼクティブ,OP エグゼクティブ,値ベース: グループ化横棒グラフ (収集期間: グループ化縦棒グラフ) | スコア・ベース: 横棒積み上げグラフ (収集期間: 積み上げ縦棒グラフ),下限しきい値: $2000/ 人 | 上限しきい値: $4800/ 人 | 範囲 1: 低い/注意/黄色 | 範囲 2: 中/正/緑色 | 範囲 3: 高い/負/赤色,triBuildingFact,triBuildingFact - メトリック - 合計占有コスト ($ / 人) メトリック、triBuildingFact - メトリック - 合計占有コスト ($ / 人) メトリック (スコア),地域 | ロケーション | 収集期間,地域 | ロケーション | 時刻 | 建物クラス | 建物保有権 (リース/所有) | 地域 | ロケーション | 時刻 | 物件タイプ | 物件用途 | ミッション依存関係 | 法定金利,アクティブな建物,月,月次 月末が過ぎると財務データを終了してスケジュール・ロード,,2024-01-R | 2025-01-R | 2026-01-R,https://www.ibm.com/docs/ja/tririga/11.6.0?topic=metrics-total-occupancy-cost-tco-person-metric
M115,合計占有コスト (TCO) (サービス・タイプ別),財務,財務パフォーマンス,コスト効率が良好な建物と悪い建物を判別します。 どの特定の建物の占有コストが非効率の原因となっているかを判別します。 時間傾向分析を使用して、季節によるピーク、異常、および傾向を比較します。,提供されるサービスを基準として運用コストを扱うことにより、内部の傾向分析と外部のベンチマークを容易に実行できるようにします。 占有コストは、 IBM® TRIRIGA® のコスト・コードで表される、サブコンポーネント・レベルおよび各種操作プロセスでの、全体的な操作コストの合計として評価されます。,運用コスト合計 + 固定資産提供コスト,IFMA、BOMA、APPA、内部,FA | OP,施設・スペース管理 | 運用・保守管理,推定（ロールから）,,,FA 移動マネージャー/プランナー | OP エグゼクティブ,OP エグゼクティブ,値ベース: 横棒積み上げグラフ (収集期間: 積み上げ縦棒グラフ),下限しきい値: 未使用 | 上限しきい値: 未使用 | 範囲 1: 未使用 | 範囲 2: 未使用 | 範囲 3: 未使用,triBuildingCostFact,triBuildingCostFact - メトリック - 運用コスト合計 ($ / サービス・タイプ) メトリック,地域 | ロケーション | サービス・クラス | 組織 | 収集期間,地域 | ロケーション | 時刻 | 建物クラス | 建物保有権 (リース/所有) | 組織 | 地域 | ロケーション | 時刻 | 物件タイプ | 物件用途 | ミッション依存関係 | 法定金利 | 組織,アクティブな建物,月,月次 月末が過ぎると財務データを終了してスケジュール・ロード,,2001-01-R | 2077-01-R,https://www.ibm.com/docs/ja/tririga/11.6.0?topic=pmm-total-occupancy-cost-tco-by-service-type-metric
M116,公共料金 / 面積 ($/面積),財務,財務パフォーマンス,コスト効率が優れている施設と劣っている施設を判別します。 どの特定の公共料金が非効率の原因となっているかを判別します。 時間傾向分析を使用して、季節によるピーク、異常、および傾向を比較します。,業界ベンチマークと釣り合わせるための方法を管理担当者に通知します。これにより、マネージャーは地域、施設、および建物タイプ全体で公共料金を比較することができます。,公共料金合計 / 施設面積合計,IFMA,OP,運用・保守管理,明記,IBM® TRIRIGA® 操作,建物 (面積の計算) | 外部の企業システムからの財務データ,OP エグゼクティブ | OP サービス・マネージャー,OP エグゼクティブ,値ベース: 横棒積み上げグラフ (収集期間: 積み上げ縦棒グラフ) | スコア・ベース: 横棒積み上げグラフ (収集期間: 積み上げ縦棒グラフ),下限しきい値: $1.00/RSF | 上限しきい値: $2.5/RSF | 範囲 1: 低い/注意/黄色 | 範囲 2: 中/正/緑色 | 範囲 3: 高い/負/赤色,triBuildingFact,triBuildingFact - メトリック - 公共料金 / 面積 ($/面積)、triBuildingFact - メトリック - 公共料金 / 面積 ($/面積) (スコア),地域 | ロケーション | 収集期間,地域 | ロケーション | 建物クラス | 建物保有権 | 地域 | ロケーション | 物件タイプ | 物件用途 | ミッション依存関係 | 法定金利,コスト・タイプ分類 = 公共料金,月,月次,,2024-01-R | 2025-01-R | 2026-01-R,https://www.ibm.com/docs/ja/tririga/11.6.0?topic=metrics-utilities-costs-area-area-metric
M117,空きコスト – 不動産契約,財務,財務パフォーマンス,計画値を外れた建物を判別し、建物の処分が望ましいかどうかを示します。 時間傾向を使用して一定期間にわたって比較し、異常や傾向を特定します。,組織は空きコストを低く抑えようと努力しています。 空きコストが高いことは、スペースの品質が容認できないか、サービス・デリバリーが不適切であるか、地理的ロケーションが悪いことを示している場合があります。,面積あたりのコスト / 空き面積合計,BOMA、GSA,RE | FA,不動産管理 | 施設・スペース管理,明記,不動産業 | 施設,スペース利用契約 (不動産業) | スペース割り振り (施設),RE エグゼクティブ,RE エグゼクティブ,値ベース: グループ化横棒グラフ (収集期間: グループ化縦棒グラフ),下限しきい値: 未使用 | 上限しきい値: 未使用 | 範囲 1: 未使用 | 範囲 2: 未使用 | 範囲 3: 未使用,triREContractFact,triREContractFact - メトリック - 空きコスト,地域 | 組織 | 契約タイプ | 収集期間,地域 | 組織 | 契約名 | 契約タイプ,アクティブな不動産契約 (開始日 < = 今日および満了日> = 今日以降、状況 NOT IN (「リタイア済み」、「解約済み」)),月,月次,2046-01-R | 2047-01-R,2036-01-R | 2037-01-R | 2038-01-R | 2039-01-R,https://www.ibm.com/docs/ja/tririga/11.6.0?topic=metrics-vacancy-cost-re-contracts-metric
M118,空き率 – 不動産契約,ポートフォリオ,ポートフォリオ・パフォーマンス,計画値を外れた建物を判別し、建物の処分が望ましいかどうかを示します。 時間傾向を使用して一定期間にわたって比較し、異常や傾向を特定します。,組織は空き率を低く抑えようと努力しています。 空き率が高いことは、スペースの品質が容認できないか、サービス・デリバリーが不適切であるか、地理的ロケーションが悪いことを示している場合があります。,空き面積合計 / 合計賃貸可能面積,BOMA、GSA,RE | FA,不動産管理 | 施設・スペース管理,明記,不動産業 | 施設,スペース利用契約 (不動産業) | スペース割り振り (施設),RE エグゼクティブ | RE トランザクション・マネージャー,RE エグゼクティブ,スコア・ベース: 横棒積み上げグラフ (収集期間: グループ化縦棒グラフ),下限しきい値: 10 | 上限しきい値: 11.34 | 範囲 1: 良好/正/緑色 | 範囲 2: 目標どおり/注意/黄色 | 範囲 3: 悪い/負/赤色,triREContractFact,triREContractFact – メトリック – 空き率 (スコア),地域 | 組織 | 契約タイプ | 主要用途 | 収集期間,地域 | 組織 | 主要用途 | 契約タイプ | 地域 | 組織 | 物件タイプ | 物件用途 | ミッション依存関係 | 契約タイプ,アクティブな不動産契約 (開始日 < = 今日および満了日> = 今日以降、状況 NOT IN (「リタイア済み」、「解約済み」)),月,月次,2033-01-R | 2034-01-R,2036-01-R | 2037-01-R | 2038-01-R | 2039-01-R,https://www.ibm.com/docs/ja/tririga/11.6.0?topic=metrics-vacancy-rate-re-contracts-metric
M119,水利用,環境,環境パフォーマンス,水利用が良好な施設と悪い施設を判別します。 時間傾向分析を使用して、季節によるピーク、異常、および傾向を比較します。,水の消費量をガロン単位で測定します。,水利用の合計 (水タイプ別),Customer Focus Group、EO 13423、GRI,ES,不動産環境維持管理,明記,IBM® TRIRIGA® 不動産環境の持続可能性,水位ログ,ES マネージャー/プランナー,,値ベース: 水タイプ別の横棒積み上げグラフ | 時間傾向: 積み上げ縦棒グラフ,なし,triLocationFact,triLocationFact – メトリック – 水利用、triLocationFact – メトリック – 水利用 – 米国政府,値ベース: 地域、ロケーション、収集期間 | スコア・ベース: 地域、ロケーション、収集期間,値ベース: 地域、ロケーション、建物クラス、建物保有権 (リース/所有) 米国連邦政府用: | 値ベース: 地域、ロケーション、物件タイプ、物件用途、ミッション依存関係、法定金利,アクティブな土地 アクティブな建物 アクティブ構造物 アクティブな小売ロケーション アクティブな水ログ・レコード,月,月次,,,https://www.ibm.com/docs/ja/tririga/11.6.0?topic=metrics-water-use-metric
M120,水使用強度 (CF/GSF),環境,環境パフォーマンス,水利用が良好な施設と悪い施設を判別します。 時間傾向分析を使用して、季節によるピーク、異常、および傾向を比較します。,建物サイズに基づいて正規化された水利用を測定します。,水利用の合計 / GSF,Customer Focus Group、EO 13423、GRI,ES,不動産環境維持管理,明記,IBM® TRIRIGA® 不動産環境の持続可能性,水位ログ,ES マネージャー/プランナー,,値ベース: 横棒積み上げグラフ (デフォルト表示) | スコア・ベース: 横棒積み上げグラフ | 時間傾向: 積み上げ縦棒グラフ,下限しきい値: 0.25 | 上限しきい値: 0.75 | 範囲 1: 良好/正/緑色 | 範囲 2: 目標以内/注意/黄色 | 範囲 3: 過剰/負/赤色,triLocationFact,triLocationFact – メトリック – 水使用強度 (CF/GSF) triLocationFact – メトリック – 水使用強度 (CF/GSF) (スコア) triLocationFact – メトリック – 水使用強度 GIS (CF/GSF) triLocationFact – メトリック – 水使用強度 – 米国政府 (CF / GSF) triLocationFact – メトリック – 水使用強度 – 米国政府 (CF / GSF) (スコア) triLocationFact – メトリック – 水使用強度 – 米国政府 - GIS (CF / GSF),値ベース: 地域、ロケーション、収集期間 | スコア・ベース: 地域、ロケーション、収集期間,値ベース: 地域、ロケーション、建物クラス、建物保有権 (リース/所有) | スコア・ベース: 地域、ロケーション、建物クラス、建物保有権 (リース/所有) 米国連邦政府用: | 値ベース: 地域、ロケーション、物件タイプ、物件用途、ミッション依存関係、法定金利 | スコア・ベース: 地域、ロケーション、物件タイプ、物件用途、ミッション依存関係、法定金利,土地の除外 アクティブな建物 アクティブ構造物 アクティブな小売ロケーション アクティブな水ログ・レコード,月,月次,,,https://www.ibm.com/docs/ja/tririga/11.6.0?topic=metrics-water-use-intensity-cf-gsf-metric
M121,占有者あたりの水使用強度 (CF),環境,環境パフォーマンス,水利用が良好な施設と悪い施設を判別します。 時間傾向分析を使用して、季節によるピーク、異常、および傾向を比較します。,占有者あたりの水の消費量をガロン単位で測定します。,水利用の合計 / 占有者,Customer Focus Group、EO 13423、GRI,ES,不動産環境維持管理,明記,IBM® TRIRIGA® 不動産環境の持続可能性,水位ログ,ES マネージャー/プランナー,,値ベース: 横棒積み上げグラフ (デフォルト表示) | スコア・ベース: 横棒積み上げグラフ | 時間傾向: 積み上げ縦棒グラフ,下限しきい値: 500 | 上限しきい値: 2000 | 範囲 1: 良好/正/緑色 | 範囲 2: 目標以内/注意/黄色 | 範囲 3: 過剰/負/赤色,triLocationFact,triLocationFact – メトリック – 占有者あたりの水使用強度 (CF) triLocationFact – メトリック – 占有者あたりの水使用強度 (CF) (スコア) triLocationFact – メトリック – 占有者あたりの水使用強度 GIS (CF) triLocationFact – メトリック – 占有者あたりの水使用強度 – 米国政府 (CF) triLocationFact – メトリック – 占有者あたりの水使用強度 – 米国政府 (CF)(スコア) triLocationFact – メトリック – 占有者あたりの水使用強度 – 米国政府 - GIS (CF),値ベース: 地域、ロケーション、収集期間 | スコア・ベース: 地域、ロケーション、収集期間,値ベース: 地域、ロケーション、建物クラス、建物保有権 (リース/所有) | スコア・ベース: 地域、ロケーション、建物クラス、建物保有権 (リース/所有) 米国連邦政府用: | 値ベース: 地域、ロケーション、物件タイプ、物件用途、ミッション依存関係、法定金利 | スコア・ベース: 地域、ロケーション、物件タイプ、物件用途、ミッション依存関係、法定金利,土地の除外 アクティブな建物 アクティブ構造物 アクティブな小売ロケーション アクティブな水ログ・レコード,月,月次,,,https://www.ibm.com/docs/ja/tririga/11.6.0?topic=metrics-water-use-intensity-per-occupant-cf-metric
M122,作業配分率,稼働,運用パフォーマンス,メンテナンス・リソースがどのように使用されているか、および緊急タスク、予防タスク、改良タスク、移動タスクの配分を判別します。 このメトリックを経時的に表示して、観察された傾向に基づいてプログラムを表示、分析、および調整します。 このメトリックは、保守組織内における作業配分を分析するために重要です。 このメトリックは十分な柔軟性を備えているため、傾向を綿密に分析し、問題を早期に検出し、計画に対してバランスを欠いた配分を組織が行わないよう予防的な手段を実行できます。,改良作業、予防作業、移動作業、またはその他のタスク作業の間でメンテナンス・コストがどのように配分されているかを管理担当者に通知します。 これを施設状態指数 (FCI) などの他のメトリックや他のファイナンシャル・メトリックと組み合わせて使用して、メンテナンス・プログラムの全体的な効果を判別します。,タスク・タイプごとの完了済みタスクの合計コスト / 完了済みタスクの合計コスト,Customer Focus Group,OP,運用・保守管理,明記,IBM® TRIRIGA® 操作,タスク管理 | サービス管理,OP サービス・マネージャー | OP 施設アセスメント・マネージャー/プランナー,,値ベース: グループ化横棒グラフ (収集期間: グループ化縦棒グラフ),下限しきい値: 未使用 | 上限しきい値: 未使用 | 範囲 1: 未使用 | 範囲 2: 未使用 | 範囲 3: 未使用,triTaskResourceFact,triTaskResourceFact - メトリック - 作業配分率,地域 | ロケーション | 担当組織 | 責任者 | アサインされたリソース | 契約 | タスク・タイプ | 収集期間,地域 | ロケーション | アサインされたリソース | 契約 | 担当組織,アクティブ状況のディメンションのみを含む,月,月次,,2003-01-R | 2002-01-R,https://www.ibm.com/docs/ja/tririga/11.6.0?topic=metrics-work-distribution-ratio-metric
M123,作業者使用率 (%),ポートフォリオ,ポートフォリオ・パフォーマンス,例外条件の根本原因を判明するために重点的に調査すべき建物およびフロア・ロケーションを判別します。 より詳しい分析を行うために、スペースの分類にドリルインします。 使用状況メトリックを組織別にレビューし、改善の機会を有する占有者を判別します。 時間傾向分析を使用して、季節によるピーク、異常、改善した傾向、または傾向を比較します。,内部傾向分析と外部のベンチマークのためのワークステーションおよび作業ポイントの占有効率の比較を容易にします。,作業者数の合計 / 作業ポイント数の合計,IFMA,FA,施設・スペース管理,推定（ロールから）,,,FA 移動マネージャー/プランナー | FA スペース・マネージャー/プランナー,,値ベース: グループ化横棒グラフ (%) (収集期間: グループ化縦棒グラフ (%)) | スコア・ベース: 横棒積み上げグラフ (収集期間: 積み上げ縦棒グラフ),下限しきい値: .8 (80%) | 上限しきい値: 未使用 | 範囲 1: 使用不十分/負/赤色 | 範囲 2: 良好な使用/正/緑色 | 範囲 3: 未使用,triSpacePeopleFact,triSpacePeopleFact - メトリック - ワーカー使用率（%） メトリック、 triSpacePeopleFact - メトリック - ワーカー使用率（%） メトリック（スコア）,地域 | ロケーション | スペース・クラス | 組織 | 収集期間,地域 | ロケーション | スペース・クラス | 組織 | 作業者タイプ | 地域 | ロケーション | スペース・クラス | 組織 | 作業者タイプ | 物件タイプ | 物件用途,アクティブな建物 アクティブなフロア アクティブなスペース オフィス・ワーカー,月,月次,,,https://www.ibm.com/docs/ja/tririga/11.6.0?topic=metrics-worker-utilization-rate-metric
M124,作業場合計運用コスト ($) /ビジネス総収益 ($),財務,財務パフォーマンス,施設内での運用投資の比率を、生み出される全体的な事業収益のパーセンテージとして測定します。,運用コストを事業収益合計の関数として等式化することによって、内部傾向分析および外部のベンチマークを容易に実行できるようにします。 このメトリックを他のファイナンシャル・メトリックと一緒に使用することにより、作業場サービスのコスト内訳を分析することができます。,作業場運用コスト合計/事業収益合計,Customer Focus Group,WPM,ワークプレース・パフォーマンス管理,明記,IBM® TRIRIGA® エンタープライズ・パフォーマンス管理,コスト・コード | 地域 | ロケーション | 組織,EN ワークプレース・エグゼクティブ,EN ワークプレース・エグゼクティブ,値ベース: グループ化横棒グラフ (収集期間: グループ化縦棒グラフ) | スコア・ベース: 横棒積み上げグラフ (収集期間: 積み上げ縦棒グラフ),このメトリックは業界および企業/機関に固有であり、しきい値はセットアップ中に各企業/機関が決定する必要があります。,triBuildingFact,triBuildingFact - メトリック - 作業場合計運用コスト ($) / ビジネス総収益 ($) メトリック、triBuildingFact - メトリック - 作業場合計運用コスト ($) / ビジネス総収益 ($) メトリック (スコア),値ベース: 地域、ロケーション、収集期間 | スコア・ベース: 地域、ロケーション、収集期間,値ベース: 地域、ロケーション | スコア・ベース: 地域、ロケーション | 収集期間: 地域、ロケーション,アクティブな建物 アクティブなコスト・コード,月,月次,,2024-01-R | 2025-01-R | 2026-01-R,https://www.ibm.com/docs/ja/tririga/11.6.0?topic=pmm-workplace-total-cost-operations-business-total-revenue-metric
M125,作業ポイントの使用率 (%),ポートフォリオ,ポートフォリオ・パフォーマンス,例外条件の根本原因を判明するために重点的に調査すべき建物およびフロア・ロケーションを判別します。 より詳しい分析を行うために、スペースの分類にドリルインします。 使用状況メトリックを組織別にレビューし、改善の機会を有する占有者を判別します。 時間傾向分析を使用して、季節によるピーク、異常、および傾向を比較します。,内部傾向分析と外部のベンチマークのための建物のオフィス・スペース占有効率の比較を容易にします。,使用作業ポイント数/使用可能作業ポイント数の合計,IFMA,FA,施設・スペース管理,推定（ロールから）,,,FA 移動マネージャー/プランナー | FA スペース・マネージャー/プランナー,,値ベース: グループ化横棒グラフ (%) (収集期間: グループ化縦棒グラフ (%)) | スコア・ベース: 横棒積み上げグラフ (収集期間: 積み上げ縦棒グラフ),下限しきい値: .8 (80%) | 上限しきい値: 未使用 | 範囲 1: 使用不十分/負/赤色 | 範囲 2: 良好な使用/正/緑色 | 範囲 3: 未使用,triSpaceFact,triSpaceFact - メトリック - 作業ポイントの使用率 (%) メトリック、triSpaceFact - メトリック - 作業ポイントの使用率 (%) メトリック (スコア),地域 | ロケーション | スペース・クラス | 収集期間,地域 | ロケーション | スペース・クラス | 地域 | ロケーション | スペース・クラス | 物件タイプ | 物件用途,アクティブな建物 アクティブなフロア アクティブなスペース,月,月次,,,https://www.ibm.com/docs/ja/tririga/11.6.0?topic=metrics-workpoint-utilization-rate-metric
