サービスID,サービス名,指標ID,指標名,カテゴリー,経営陣向け,サービス関連付け根拠,材料種別,レコード／モジュール,項目,出典URL
RE,不動産管理,M001,オンタイム引渡 (%) - My プロジェクト,稼働,,明記,計算式,,実現したオンタイム引渡,https://www.ibm.com/docs/ja/tririga/11.6.0?topic=metrics-time-delivery-my-projects-metric
RE,不動産管理,M001,オンタイム引渡 (%) - My プロジェクト,稼働,,明記,従属データ,不動産プロジェクト,不動産プロジェクトの実終了日,https://www.ibm.com/docs/ja/tririga/11.6.0?topic=metrics-time-delivery-my-projects-metric
RE,不動産管理,M001,オンタイム引渡 (%) - My プロジェクト,稼働,,明記,従属データ,不動産プロジェクト,不動産プロジェクトの計画上の終了日,https://www.ibm.com/docs/ja/tririga/11.6.0?topic=metrics-time-delivery-my-projects-metric
RE,不動産管理,M001,オンタイム引渡 (%) - My プロジェクト,稼働,,明記,データを生む業務,,スペース利用契約 (不動産業),https://www.ibm.com/docs/ja/tririga/11.6.0?topic=metrics-time-delivery-my-projects-metric
RE,不動産管理,M001,オンタイム引渡 (%) - My プロジェクト,稼働,,明記,データを生む業務,,スペース割り振り (施設),https://www.ibm.com/docs/ja/tririga/11.6.0?topic=metrics-time-delivery-my-projects-metric
RE,不動産管理,M001,オンタイム引渡 (%) - My プロジェクト,稼働,,明記,格納先（ファクトBO）,triMetricFact,triREProjectFact,https://www.ibm.com/docs/ja/tririga/11.6.0?topic=metrics-time-delivery-my-projects-metric
RE,不動産管理,M002,オンタイム引渡 (%) - My タスク,稼働,,明記,計算式,,実現したオンタイム引渡,https://www.ibm.com/docs/ja/tririga/11.6.0?topic=metrics-time-delivery-my-tasks-metric
RE,不動産管理,M002,オンタイム引渡 (%) - My タスク,稼働,,明記,従属データ,タスク,実終了日,https://www.ibm.com/docs/ja/tririga/11.6.0?topic=metrics-time-delivery-my-tasks-metric
RE,不動産管理,M002,オンタイム引渡 (%) - My タスク,稼働,,明記,従属データ,タスク,計画上の終了日,https://www.ibm.com/docs/ja/tririga/11.6.0?topic=metrics-time-delivery-my-tasks-metric
RE,不動産管理,M002,オンタイム引渡 (%) - My タスク,稼働,,明記,データを生む業務,,スペース利用契約 (不動産業),https://www.ibm.com/docs/ja/tririga/11.6.0?topic=metrics-time-delivery-my-tasks-metric
RE,不動産管理,M002,オンタイム引渡 (%) - My タスク,稼働,,明記,データを生む業務,,スペース割り振り (施設),https://www.ibm.com/docs/ja/tririga/11.6.0?topic=metrics-time-delivery-my-tasks-metric
RE,不動産管理,M002,オンタイム引渡 (%) - My タスク,稼働,,明記,格納先（ファクトBO）,triMetricFact,triREProjectFact,https://www.ibm.com/docs/ja/tririga/11.6.0?topic=metrics-time-delivery-my-tasks-metric
RE,不動産管理,M003,オンタイム引渡 (%) - 不動産プロジェクト,稼働,Y,明記,計算式,,実現したオンタイム引渡,https://www.ibm.com/docs/ja/tririga/11.6.0?topic=metrics-time-delivery-real-estate-projects-metric
RE,不動産管理,M003,オンタイム引渡 (%) - 不動産プロジェクト,稼働,Y,明記,従属データ,不動産プロジェクト,不動産プロジェクトの実終了日,https://www.ibm.com/docs/ja/tririga/11.6.0?topic=metrics-time-delivery-real-estate-projects-metric
RE,不動産管理,M003,オンタイム引渡 (%) - 不動産プロジェクト,稼働,Y,明記,従属データ,不動産プロジェクト,不動産プロジェクトの計画上の終了日,https://www.ibm.com/docs/ja/tririga/11.6.0?topic=metrics-time-delivery-real-estate-projects-metric
RE,不動産管理,M003,オンタイム引渡 (%) - 不動産プロジェクト,稼働,Y,明記,データを生む業務,,スペース利用契約 (不動産業),https://www.ibm.com/docs/ja/tririga/11.6.0?topic=metrics-time-delivery-real-estate-projects-metric
RE,不動産管理,M003,オンタイム引渡 (%) - 不動産プロジェクト,稼働,Y,明記,データを生む業務,,スペース割り振り (施設),https://www.ibm.com/docs/ja/tririga/11.6.0?topic=metrics-time-delivery-real-estate-projects-metric
RE,不動産管理,M003,オンタイム引渡 (%) - 不動産プロジェクト,稼働,Y,明記,格納先（ファクトBO）,triMetricFact,triREProjectFact,https://www.ibm.com/docs/ja/tririga/11.6.0?topic=metrics-time-delivery-real-estate-projects-metric
RE,不動産管理,M004,オンタイム支払 (%) - My 不動産契約,稼働,,明記,計算式,,オンタイム支払の件数,https://www.ibm.com/docs/ja/tririga/11.6.0?topic=metrics-time-payments-my-real-estate-contracts-metric
RE,不動産管理,M004,オンタイム支払 (%) - My 不動産契約,稼働,,明記,計算式,,支払件数の合計,https://www.ibm.com/docs/ja/tririga/11.6.0?topic=metrics-time-payments-my-real-estate-contracts-metric
RE,不動産管理,M004,オンタイム支払 (%) - My 不動産契約,稼働,,明記,従属データ,不動産契約,支払品目,https://www.ibm.com/docs/ja/tririga/11.6.0?topic=metrics-time-payments-my-real-estate-contracts-metric
RE,不動産管理,M004,オンタイム支払 (%) - My 不動産契約,稼働,,明記,従属データ,不動産契約,期限,https://www.ibm.com/docs/ja/tririga/11.6.0?topic=metrics-time-payments-my-real-estate-contracts-metric
RE,不動産管理,M004,オンタイム支払 (%) - My 不動産契約,稼働,,明記,従属データ,不動産契約,支払日,https://www.ibm.com/docs/ja/tririga/11.6.0?topic=metrics-time-payments-my-real-estate-contracts-metric
RE,不動産管理,M004,オンタイム支払 (%) - My 不動産契約,稼働,,明記,データを生む業務,,スペース利用契約 (不動産業),https://www.ibm.com/docs/ja/tririga/11.6.0?topic=metrics-time-payments-my-real-estate-contracts-metric
RE,不動産管理,M004,オンタイム支払 (%) - My 不動産契約,稼働,,明記,データを生む業務,,スペース割り振り (施設),https://www.ibm.com/docs/ja/tririga/11.6.0?topic=metrics-time-payments-my-real-estate-contracts-metric
RE,不動産管理,M004,オンタイム支払 (%) - My 不動産契約,稼働,,明記,格納先（ファクトBO）,triMetricFact,triREPaymentFact,https://www.ibm.com/docs/ja/tririga/11.6.0?topic=metrics-time-payments-my-real-estate-contracts-metric
RE,不動産管理,M005,ポートフォリオ・リース (%) (% Portfolio Leased),ポートフォリオ,Y,明記,計算式,,賃貸可能面積の合計 (アクティブな不動産リース),https://www.ibm.com/docs/ja/tririga/11.6.0?topic=metrics-portfolio-leased-metric
RE,不動産管理,M005,ポートフォリオ・リース (%) (% Portfolio Leased),ポートフォリオ,Y,明記,計算式,,賃貸可能面積の合計 (すべてのアクティブな不動産契約),https://www.ibm.com/docs/ja/tririga/11.6.0?topic=metrics-portfolio-leased-metric
RE,不動産管理,M005,ポートフォリオ・リース (%) (% Portfolio Leased),ポートフォリオ,Y,明記,従属データ,不動産契約,不動産リースからの賃貸可能面積の合計,https://www.ibm.com/docs/ja/tririga/11.6.0?topic=metrics-portfolio-leased-metric
RE,不動産管理,M005,ポートフォリオ・リース (%) (% Portfolio Leased),ポートフォリオ,Y,明記,従属データ,不動産契約,すべてのアクティブな不動産契約からの賃貸可能面積の合計 (所有物件 + リース),https://www.ibm.com/docs/ja/tririga/11.6.0?topic=metrics-portfolio-leased-metric
RE,不動産管理,M005,ポートフォリオ・リース (%) (% Portfolio Leased),ポートフォリオ,Y,明記,データを生む業務,,スペース利用契約 (不動産業),https://www.ibm.com/docs/ja/tririga/11.6.0?topic=metrics-portfolio-leased-metric
RE,不動産管理,M005,ポートフォリオ・リース (%) (% Portfolio Leased),ポートフォリオ,Y,明記,データを生む業務,,スペース割り振り (施設),https://www.ibm.com/docs/ja/tririga/11.6.0?topic=metrics-portfolio-leased-metric
RE,不動産管理,M005,ポートフォリオ・リース (%) (% Portfolio Leased),ポートフォリオ,Y,明記,格納先（ファクトBO）,triMetricFact,triREContractFact,https://www.ibm.com/docs/ja/tririga/11.6.0?topic=metrics-portfolio-leased-metric
RE,不動産管理,M006,監査からの削減 (%),稼働,,明記,計算式,,支払差額の合計,https://www.ibm.com/docs/ja/tririga/11.6.0?topic=metrics-savings-from-audits
RE,不動産管理,M006,監査からの削減 (%),稼働,,明記,計算式,,貸主あたりの合計請求金額,https://www.ibm.com/docs/ja/tririga/11.6.0?topic=metrics-savings-from-audits
RE,不動産管理,M006,監査からの削減 (%),稼働,,明記,従属データ,支払調整,貸主あたりの請求金額,https://www.ibm.com/docs/ja/tririga/11.6.0?topic=metrics-savings-from-audits
RE,不動産管理,M006,監査からの削減 (%),稼働,,明記,従属データ,支払調整,支払差額,https://www.ibm.com/docs/ja/tririga/11.6.0?topic=metrics-savings-from-audits
RE,不動産管理,M006,監査からの削減 (%),稼働,,明記,データを生む業務,,スペース利用契約 (不動産業),https://www.ibm.com/docs/ja/tririga/11.6.0?topic=metrics-savings-from-audits
RE,不動産管理,M006,監査からの削減 (%),稼働,,明記,データを生む業務,,スペース割り振り (施設),https://www.ibm.com/docs/ja/tririga/11.6.0?topic=metrics-savings-from-audits
RE,不動産管理,M006,監査からの削減 (%),稼働,,明記,格納先（ファクトBO）,triMetricFact,triREPaymentReconciliationFact,https://www.ibm.com/docs/ja/tririga/11.6.0?topic=metrics-savings-from-audits
RE,不動産管理,M007,1 人あたりの面積 - 不動産契約,ポートフォリオ,,明記,計算式,,合計賃貸可能面積,https://www.ibm.com/docs/ja/tririga/11.6.0?topic=metrics-area-per-person-re-contracts-metric
RE,不動産管理,M007,1 人あたりの面積 - 不動産契約,ポートフォリオ,,明記,計算式,,合計人数,https://www.ibm.com/docs/ja/tririga/11.6.0?topic=metrics-area-per-person-re-contracts-metric
RE,不動産管理,M007,1 人あたりの面積 - 不動産契約,ポートフォリオ,,明記,従属データ,不動産契約 (triREContract),合計賃貸可能面積,https://www.ibm.com/docs/ja/tririga/11.6.0?topic=metrics-area-per-person-re-contracts-metric
RE,不動産管理,M007,1 人あたりの面積 - 不動産契約,ポートフォリオ,,明記,従属データ,不動産契約 (triREContract),合計人数,https://www.ibm.com/docs/ja/tririga/11.6.0?topic=metrics-area-per-person-re-contracts-metric
RE,不動産管理,M007,1 人あたりの面積 - 不動産契約,ポートフォリオ,,明記,データを生む業務,,スペース利用契約,https://www.ibm.com/docs/ja/tririga/11.6.0?topic=metrics-area-per-person-re-contracts-metric
RE,不動産管理,M007,1 人あたりの面積 - 不動産契約,ポートフォリオ,,明記,データを生む業務,,スペース割り振り,https://www.ibm.com/docs/ja/tririga/11.6.0?topic=metrics-area-per-person-re-contracts-metric
RE,不動産管理,M007,1 人あたりの面積 - 不動産契約,ポートフォリオ,,明記,格納先（ファクトBO）,triMetricFact,triREContractFact,https://www.ibm.com/docs/ja/tririga/11.6.0?topic=metrics-area-per-person-re-contracts-metric
RE,不動産管理,M008,平均未処理日数,稼働,,明記,計算式,,未処理売掛金の平均 (今日から支払期日まで),https://www.ibm.com/docs/ja/tririga/11.6.0?topic=metrics-average-days-outstanding-metric
RE,不動産管理,M008,平均未処理日数,稼働,,明記,判定条件,支払品目,未処理売掛金 = 支払品目 (期日が今日以前で、かつ支払われた日付が NULL),https://www.ibm.com/docs/ja/tririga/11.6.0?topic=metrics-average-days-outstanding-metric
RE,不動産管理,M008,平均未処理日数,稼働,,明記,従属データ,支払品目,支払期日,https://www.ibm.com/docs/ja/tririga/11.6.0?topic=metrics-average-days-outstanding-metric
RE,不動産管理,M008,平均未処理日数,稼働,,明記,従属データ,支払品目,支払日,https://www.ibm.com/docs/ja/tririga/11.6.0?topic=metrics-average-days-outstanding-metric
RE,不動産管理,M008,平均未処理日数,稼働,,明記,データを生む業務,,スペース利用契約 (不動産業),https://www.ibm.com/docs/ja/tririga/11.6.0?topic=metrics-average-days-outstanding-metric
RE,不動産管理,M008,平均未処理日数,稼働,,明記,データを生む業務,,スペース割り振り (施設),https://www.ibm.com/docs/ja/tririga/11.6.0?topic=metrics-average-days-outstanding-metric
RE,不動産管理,M008,平均未処理日数,稼働,,明記,格納先（ファクトBO）,triMetricFact,triREPaymentFact,https://www.ibm.com/docs/ja/tririga/11.6.0?topic=metrics-average-days-outstanding-metric
RE,不動産管理,M009,総合トランザクション平均スコア,稼働,Y,明記,計算式,,総合シグマ・スコア,https://www.ibm.com/docs/ja/tririga/11.6.0?topic=metrics-average-overall-transaction-score-metric
RE,不動産管理,M009,総合トランザクション平均スコア,稼働,Y,明記,従属データ,不動産プロジェクト,総合シグマ・スコア,https://www.ibm.com/docs/ja/tririga/11.6.0?topic=metrics-average-overall-transaction-score-metric
RE,不動産管理,M009,総合トランザクション平均スコア,稼働,Y,明記,データを生む業務,,スペース利用契約 (不動産業),https://www.ibm.com/docs/ja/tririga/11.6.0?topic=metrics-average-overall-transaction-score-metric
RE,不動産管理,M009,総合トランザクション平均スコア,稼働,Y,明記,格納先（ファクトBO）,triMetricFact,triREProjectFact,https://www.ibm.com/docs/ja/tririga/11.6.0?topic=metrics-average-overall-transaction-score-metric
RE,不動産管理,M010,総合トランザクション平均スコア - My プロジェクト,稼働,,明記,計算式,,総合シグマ・スコア,https://www.ibm.com/docs/ja/tririga/11.6.0?topic=metrics-average-overall-transaction-score-my-projects-metric
RE,不動産管理,M010,総合トランザクション平均スコア - My プロジェクト,稼働,,明記,従属データ,不動産プロジェクト,総合シグマ・スコア,https://www.ibm.com/docs/ja/tririga/11.6.0?topic=metrics-average-overall-transaction-score-my-projects-metric
RE,不動産管理,M010,総合トランザクション平均スコア - My プロジェクト,稼働,,明記,データを生む業務,,スペース利用契約 (不動産業),https://www.ibm.com/docs/ja/tririga/11.6.0?topic=metrics-average-overall-transaction-score-my-projects-metric
RE,不動産管理,M010,総合トランザクション平均スコア - My プロジェクト,稼働,,明記,データを生む業務,,スペース割り振り (施設),https://www.ibm.com/docs/ja/tririga/11.6.0?topic=metrics-average-overall-transaction-score-my-projects-metric
RE,不動産管理,M010,総合トランザクション平均スコア - My プロジェクト,稼働,,明記,格納先（ファクトBO）,triMetricFact,triREProjectFact,https://www.ibm.com/docs/ja/tririga/11.6.0?topic=metrics-average-overall-transaction-score-my-projects-metric
RE,不動産管理,M024,面積あたりのコスト (リース済み) - 不動産契約,財務,,明記,計算式,,合計不動産コスト (リース済み) / 合計賃貸可能面積,https://www.ibm.com/docs/ja/tririga/11.6.0?topic=metrics-cost-per-area-leased-re-contracts-metric
RE,不動産管理,M024,面積あたりのコスト (リース済み) - 不動産契約,財務,,明記,従属データ,合計不動産コスト,支払品目から取り込まれたリース不動産コスト,https://www.ibm.com/docs/ja/tririga/11.6.0?topic=metrics-cost-per-area-leased-re-contracts-metric
RE,不動産管理,M024,面積あたりのコスト (リース済み) - 不動産契約,財務,,明記,従属データ,不動産リース (triREContract),合計賃貸可能面積,https://www.ibm.com/docs/ja/tririga/11.6.0?topic=metrics-cost-per-area-leased-re-contracts-metric
RE,不動産管理,M024,面積あたりのコスト (リース済み) - 不動産契約,財務,,明記,データを生む業務,,スペース利用契約 (不動産業),https://www.ibm.com/docs/ja/tririga/11.6.0?topic=metrics-cost-per-area-leased-re-contracts-metric
RE,不動産管理,M024,面積あたりのコスト (リース済み) - 不動産契約,財務,,明記,データを生む業務,,スペース割り振り (施設),https://www.ibm.com/docs/ja/tririga/11.6.0?topic=metrics-cost-per-area-leased-re-contracts-metric
RE,不動産管理,M024,面積あたりのコスト (リース済み) - 不動産契約,財務,,明記,格納先（ファクトBO）,triMetricFact,triREContractFact,https://www.ibm.com/docs/ja/tririga/11.6.0?topic=metrics-cost-per-area-leased-re-contracts-metric
RE,不動産管理,M025,面積あたりのコスト (所有) - 不動産契約,財務,,明記,計算式,,合計不動産コスト (所有) / 合計賃貸可能面積,https://www.ibm.com/docs/ja/tririga/11.6.0?topic=metrics-cost-per-area-owned-re-contracts-metric
RE,不動産管理,M025,面積あたりのコスト (所有) - 不動産契約,財務,,明記,従属データ,合計不動産コスト,支払品目から取り込まれた所有物件不動産コスト,https://www.ibm.com/docs/ja/tririga/11.6.0?topic=metrics-cost-per-area-owned-re-contracts-metric
RE,不動産管理,M025,面積あたりのコスト (所有) - 不動産契約,財務,,明記,従属データ,所有物件,合計賃貸可能面積,https://www.ibm.com/docs/ja/tririga/11.6.0?topic=metrics-cost-per-area-owned-re-contracts-metric
RE,不動産管理,M025,面積あたりのコスト (所有) - 不動産契約,財務,,明記,データを生む業務,,スペース利用契約 (不動産業),https://www.ibm.com/docs/ja/tririga/11.6.0?topic=metrics-cost-per-area-owned-re-contracts-metric
RE,不動産管理,M025,面積あたりのコスト (所有) - 不動産契約,財務,,明記,データを生む業務,,スペース割り振り (施設),https://www.ibm.com/docs/ja/tririga/11.6.0?topic=metrics-cost-per-area-owned-re-contracts-metric
RE,不動産管理,M025,面積あたりのコスト (所有) - 不動産契約,財務,,明記,格納先（ファクトBO）,triMetricFact,triREContractFact,https://www.ibm.com/docs/ja/tririga/11.6.0?topic=metrics-cost-per-area-owned-re-contracts-metric
RE,不動産管理,M026,1 人あたりのコスト - 不動産契約,財務,Y,明記,計算式,,不動産コスト合計 / 合計人数,https://www.ibm.com/docs/ja/tririga/11.6.0?topic=metrics-cost-per-person-re-contracts-metric
RE,不動産管理,M026,1 人あたりのコスト - 不動産契約,財務,Y,明記,従属データ,合計不動産コスト,支払品目から取り込まれた不動産コスト,https://www.ibm.com/docs/ja/tririga/11.6.0?topic=metrics-cost-per-person-re-contracts-metric
RE,不動産管理,M026,1 人あたりのコスト - 不動産契約,財務,Y,明記,従属データ,不動産契約,合計人数,https://www.ibm.com/docs/ja/tririga/11.6.0?topic=metrics-cost-per-person-re-contracts-metric
RE,不動産管理,M026,1 人あたりのコスト - 不動産契約,財務,Y,明記,データを生む業務,,スペース利用契約 (不動産業),https://www.ibm.com/docs/ja/tririga/11.6.0?topic=metrics-cost-per-person-re-contracts-metric
RE,不動産管理,M026,1 人あたりのコスト - 不動産契約,財務,Y,明記,データを生む業務,,スペース割り振り (施設),https://www.ibm.com/docs/ja/tririga/11.6.0?topic=metrics-cost-per-person-re-contracts-metric
RE,不動産管理,M026,1 人あたりのコスト - 不動産契約,財務,Y,明記,格納先（ファクトBO）,triMetricFact,triREContractFact,https://www.ibm.com/docs/ja/tririga/11.6.0?topic=metrics-cost-per-person-re-contracts-metric
RE,不動産管理,M027,席あたりのコスト – 不動産契約,財務,,明記,計算式,,不動産コスト合計 / 合計席数,https://www.ibm.com/docs/ja/tririga/11.6.0?topic=metrics-cost-per-seat-re-contracts-metric
RE,不動産管理,M027,席あたりのコスト – 不動産契約,財務,,明記,従属データ,合計不動産コスト,支払品目から取り込まれた不動産リース・コスト,https://www.ibm.com/docs/ja/tririga/11.6.0?topic=metrics-cost-per-seat-re-contracts-metric
RE,不動産管理,M027,席あたりのコスト – 不動産契約,財務,,明記,従属データ,不動産契約,合計席数,https://www.ibm.com/docs/ja/tririga/11.6.0?topic=metrics-cost-per-seat-re-contracts-metric
RE,不動産管理,M027,席あたりのコスト – 不動産契約,財務,,明記,データを生む業務,,スペース利用契約 (不動産業),https://www.ibm.com/docs/ja/tririga/11.6.0?topic=metrics-cost-per-seat-re-contracts-metric
RE,不動産管理,M027,席あたりのコスト – 不動産契約,財務,,明記,データを生む業務,,スペース割り振り (施設),https://www.ibm.com/docs/ja/tririga/11.6.0?topic=metrics-cost-per-seat-re-contracts-metric
RE,不動産管理,M027,席あたりのコスト – 不動産契約,財務,,明記,格納先（ファクトBO）,triMetricFact,triREContractFact,https://www.ibm.com/docs/ja/tririga/11.6.0?topic=metrics-cost-per-seat-re-contracts-metric
RE,不動産管理,M057,履行計画の節減進捗,稼働,Y,明記,計算式,,完了トランザクションからの合計削減 / 合計削減目標,https://www.ibm.com/docs/ja/tririga/11.6.0?topic=metrics-implementation-plan-savings-progress-metric
RE,不動産管理,M057,履行計画の節減進捗,稼働,Y,明記,従属データ,,履行計画,https://www.ibm.com/docs/ja/tririga/11.6.0?topic=metrics-implementation-plan-savings-progress-metric
RE,不動産管理,M057,履行計画の節減進捗,稼働,Y,明記,判定条件,,合計削減目標 = 年間節減額 + その他の年間節減額 + 生産性節減額 + 現金収入,https://www.ibm.com/docs/ja/tririga/11.6.0?topic=metrics-implementation-plan-savings-progress-metric
RE,不動産管理,M057,履行計画の節減進捗,稼働,Y,明記,従属データ,,不動産プロジェクト (triREProject),https://www.ibm.com/docs/ja/tririga/11.6.0?topic=metrics-implementation-plan-savings-progress-metric
RE,不動産管理,M057,履行計画の節減進捗,稼働,Y,明記,判定条件,,完了トランザクションからの合計削減 = 合計年間節減額 + 生産性節減額 + 現金収入,https://www.ibm.com/docs/ja/tririga/11.6.0?topic=metrics-implementation-plan-savings-progress-metric
RE,不動産管理,M057,履行計画の節減進捗,稼働,Y,明記,データを生む業務,,スペース利用契約 (不動産業),https://www.ibm.com/docs/ja/tririga/11.6.0?topic=metrics-implementation-plan-savings-progress-metric
RE,不動産管理,M057,履行計画の節減進捗,稼働,Y,明記,データを生む業務,,スペース割り振り (施設),https://www.ibm.com/docs/ja/tririga/11.6.0?topic=metrics-implementation-plan-savings-progress-metric
RE,不動産管理,M057,履行計画の節減進捗,稼働,Y,明記,格納先（ファクトBO）,triMetricFact,triREImplementationPlanFact,https://www.ibm.com/docs/ja/tririga/11.6.0?topic=metrics-implementation-plan-savings-progress-metric
RE,不動産管理,M058,面積あたりの収入 (賃貸リース),財務,,明記,計算式,,合計不動産収入 (賃貸リース) / 合計賃貸可能面積,https://www.ibm.com/docs/ja/tririga/11.6.0?topic=metrics-income-per-area-ar-leases-metric
RE,不動産管理,M058,面積あたりの収入 (賃貸リース),財務,,明記,従属データ,合計不動産収入,所有物件不動産収入,https://www.ibm.com/docs/ja/tririga/11.6.0?topic=metrics-income-per-area-ar-leases-metric
RE,不動産管理,M058,面積あたりの収入 (賃貸リース),財務,,明記,従属データ,所有物件,合計賃貸可能面積,https://www.ibm.com/docs/ja/tririga/11.6.0?topic=metrics-income-per-area-ar-leases-metric
RE,不動産管理,M058,面積あたりの収入 (賃貸リース),財務,,明記,データを生む業務,,スペース利用契約 (不動産業),https://www.ibm.com/docs/ja/tririga/11.6.0?topic=metrics-income-per-area-ar-leases-metric
RE,不動産管理,M058,面積あたりの収入 (賃貸リース),財務,,明記,データを生む業務,,スペース割り振り (施設),https://www.ibm.com/docs/ja/tririga/11.6.0?topic=metrics-income-per-area-ar-leases-metric
RE,不動産管理,M058,面積あたりの収入 (賃貸リース),財務,,明記,格納先（ファクトBO）,triMetricFact,triREContractFact,https://www.ibm.com/docs/ja/tririga/11.6.0?topic=metrics-income-per-area-ar-leases-metric
RE,不動産管理,M065,My 平均トランザクション・サイクル・タイム,稼働,,明記,計算式,,(実際の終了 - 実際の開始) / 完了プロジェクト数の合計,https://www.ibm.com/docs/ja/tririga/11.6.0?topic=metrics-my-average-transaction-cycle-time-metric
RE,不動産管理,M065,My 平均トランザクション・サイクル・タイム,稼働,,明記,従属データ,不動産プロジェクト,不動産プロジェクトの実開始日,https://www.ibm.com/docs/ja/tririga/11.6.0?topic=metrics-my-average-transaction-cycle-time-metric
RE,不動産管理,M065,My 平均トランザクション・サイクル・タイム,稼働,,明記,従属データ,不動産プロジェクト,不動産プロジェクトの実終了日,https://www.ibm.com/docs/ja/tririga/11.6.0?topic=metrics-my-average-transaction-cycle-time-metric
RE,不動産管理,M065,My 平均トランザクション・サイクル・タイム,稼働,,明記,データを生む業務,,スペース利用契約 (不動産業),https://www.ibm.com/docs/ja/tririga/11.6.0?topic=metrics-my-average-transaction-cycle-time-metric
RE,不動産管理,M065,My 平均トランザクション・サイクル・タイム,稼働,,明記,データを生む業務,,スペース割り振り (施設),https://www.ibm.com/docs/ja/tririga/11.6.0?topic=metrics-my-average-transaction-cycle-time-metric
RE,不動産管理,M065,My 平均トランザクション・サイクル・タイム,稼働,,明記,格納先（ファクトBO）,triMetricFact,triREProjectFact,https://www.ibm.com/docs/ja/tririga/11.6.0?topic=metrics-my-average-transaction-cycle-time-metric
RE,不動産管理,M079,ワークプレース総合顧客満足度,カスタマー,Y,明記,計算式,,合計調査回答スコア / 合計調査質問予想スコア,https://www.ibm.com/docs/ja/tririga/11.6.0?topic=metrics-overall-customer-satisfaction-all-workplace-organizations-metric
RE,不動産管理,M079,ワークプレース総合顧客満足度,カスタマー,Y,明記,データを生む業務,,不動産業: RE ポートフォリオ・マネージャー評価および RE 優先プロバイダー評価のための不動産トランザクション管理,https://www.ibm.com/docs/ja/tririga/11.6.0?topic=metrics-overall-customer-satisfaction-all-workplace-organizations-metric
RE,不動産管理,M079,ワークプレース総合顧客満足度,カスタマー,Y,明記,データを生む業務,,施設管理: 施設サービスおよび移動サービス・プロバイダー評価のためのタスク管理、サービス管理、要求管理、移動管理,https://www.ibm.com/docs/ja/tririga/11.6.0?topic=metrics-overall-customer-satisfaction-all-workplace-organizations-metric
RE,不動産管理,M079,ワークプレース総合顧客満足度,カスタマー,Y,明記,データを生む業務,,運用管理: 運用サービス・プロバイダー評価のためのタスク管理、サービス管理、および要求管理,https://www.ibm.com/docs/ja/tririga/11.6.0?topic=metrics-overall-customer-satisfaction-all-workplace-organizations-metric
RE,不動産管理,M079,ワークプレース総合顧客満足度,カスタマー,Y,明記,格納先（ファクトBO）,triMetricFact,triSurveyFact,https://www.ibm.com/docs/ja/tririga/11.6.0?topic=metrics-overall-customer-satisfaction-all-workplace-organizations-metric
RE,不動産管理,M080,総合顧客満足度 – ポートフォリオ・マネージャー,カスタマー,Y,明記,計算式,,合計調査回答スコア / 合計調査質問予想スコア,https://www.ibm.com/docs/ja/tririga/11.6.0?topic=metrics-overall-customer-satisfaction-portfolio-managers-metric
RE,不動産管理,M080,総合顧客満足度 – ポートフォリオ・マネージャー,カスタマー,Y,明記,従属データ,,ポートフォリオ・マネージャー評価:,https://www.ibm.com/docs/ja/tririga/11.6.0?topic=metrics-overall-customer-satisfaction-portfolio-managers-metric
RE,不動産管理,M080,総合顧客満足度 – ポートフォリオ・マネージャー,カスタマー,Y,明記,従属データ,,合計調査回答スコア,https://www.ibm.com/docs/ja/tririga/11.6.0?topic=metrics-overall-customer-satisfaction-portfolio-managers-metric
RE,不動産管理,M080,総合顧客満足度 – ポートフォリオ・マネージャー,カスタマー,Y,明記,従属データ,,合計調査質問予想スコア,https://www.ibm.com/docs/ja/tririga/11.6.0?topic=metrics-overall-customer-satisfaction-portfolio-managers-metric
RE,不動産管理,M080,総合顧客満足度 – ポートフォリオ・マネージャー,カスタマー,Y,明記,データを生む業務,,スペース利用契約 (不動産業),https://www.ibm.com/docs/ja/tririga/11.6.0?topic=metrics-overall-customer-satisfaction-portfolio-managers-metric
RE,不動産管理,M080,総合顧客満足度 – ポートフォリオ・マネージャー,カスタマー,Y,明記,データを生む業務,,スペース割り振り (施設),https://www.ibm.com/docs/ja/tririga/11.6.0?topic=metrics-overall-customer-satisfaction-portfolio-managers-metric
RE,不動産管理,M080,総合顧客満足度 – ポートフォリオ・マネージャー,カスタマー,Y,明記,格納先（ファクトBO）,triMetricFact,triSurveyFact,https://www.ibm.com/docs/ja/tririga/11.6.0?topic=metrics-overall-customer-satisfaction-portfolio-managers-metric
RE,不動産管理,M081,総合顧客満足度 – 優先プロバイダー,カスタマー,Y,明記,計算式,,合計調査回答スコア / 合計調査質問予想スコア,https://www.ibm.com/docs/ja/tririga/11.6.0?topic=metrics-overall-customer-satisfaction-preferred-providers-metric
RE,不動産管理,M081,総合顧客満足度 – 優先プロバイダー,カスタマー,Y,明記,従属データ,優先プロバイダー評価,合計調査回答スコア,https://www.ibm.com/docs/ja/tririga/11.6.0?topic=metrics-overall-customer-satisfaction-preferred-providers-metric
RE,不動産管理,M081,総合顧客満足度 – 優先プロバイダー,カスタマー,Y,明記,従属データ,優先プロバイダー評価,合計調査質問予想スコア,https://www.ibm.com/docs/ja/tririga/11.6.0?topic=metrics-overall-customer-satisfaction-preferred-providers-metric
RE,不動産管理,M081,総合顧客満足度 – 優先プロバイダー,カスタマー,Y,明記,データを生む業務,,スペース利用契約 (不動産業),https://www.ibm.com/docs/ja/tririga/11.6.0?topic=metrics-overall-customer-satisfaction-preferred-providers-metric
RE,不動産管理,M081,総合顧客満足度 – 優先プロバイダー,カスタマー,Y,明記,データを生む業務,,スペース割り振り (施設),https://www.ibm.com/docs/ja/tririga/11.6.0?topic=metrics-overall-customer-satisfaction-preferred-providers-metric
RE,不動産管理,M081,総合顧客満足度 – 優先プロバイダー,カスタマー,Y,明記,格納先（ファクトBO）,triMetricFact,triSurveyFact,https://www.ibm.com/docs/ja/tririga/11.6.0?topic=metrics-overall-customer-satisfaction-preferred-providers-metric
RE,不動産管理,M082,総合顧客満足度 – 優先プロバイダー – My プロジェクト,カスタマー,,明記,計算式,,合計調査回答スコア / 合計調査質問予想スコア,https://www.ibm.com/docs/ja/tririga/11.6.0?topic=pmm-overall-customer-satisfaction-preferred-providers-my-projects-metric
RE,不動産管理,M082,総合顧客満足度 – 優先プロバイダー – My プロジェクト,カスタマー,,明記,従属データ,優先プロバイダー評価,合計調査回答スコア,https://www.ibm.com/docs/ja/tririga/11.6.0?topic=pmm-overall-customer-satisfaction-preferred-providers-my-projects-metric
RE,不動産管理,M082,総合顧客満足度 – 優先プロバイダー – My プロジェクト,カスタマー,,明記,従属データ,優先プロバイダー評価,合計調査質問予想スコア,https://www.ibm.com/docs/ja/tririga/11.6.0?topic=pmm-overall-customer-satisfaction-preferred-providers-my-projects-metric
RE,不動産管理,M082,総合顧客満足度 – 優先プロバイダー – My プロジェクト,カスタマー,,明記,データを生む業務,,スペース利用契約 (不動産業),https://www.ibm.com/docs/ja/tririga/11.6.0?topic=pmm-overall-customer-satisfaction-preferred-providers-my-projects-metric
RE,不動産管理,M082,総合顧客満足度 – 優先プロバイダー – My プロジェクト,カスタマー,,明記,データを生む業務,,スペース割り振り (施設),https://www.ibm.com/docs/ja/tririga/11.6.0?topic=pmm-overall-customer-satisfaction-preferred-providers-my-projects-metric
RE,不動産管理,M082,総合顧客満足度 – 優先プロバイダー – My プロジェクト,カスタマー,,明記,格納先（ファクトBO）,triMetricFact,triSurveyFact,https://www.ibm.com/docs/ja/tririga/11.6.0?topic=pmm-overall-customer-satisfaction-preferred-providers-my-projects-metric
RE,不動産管理,M091,不動産契約使用率 – スペース利用契約,ポートフォリオ,,明記,計算式,,SUA 賃貸可能面積合計 / 合計賃貸可能面積,https://www.ibm.com/docs/ja/tririga/11.6.0?topic=pmm-real-estate-contract-utilization-space-use-agreement-metric
RE,不動産管理,M091,不動産契約使用率 – スペース利用契約,ポートフォリオ,,明記,従属データ,スペース利用契約,SUA 賃貸可能面積,https://www.ibm.com/docs/ja/tririga/11.6.0?topic=pmm-real-estate-contract-utilization-space-use-agreement-metric
RE,不動産管理,M091,不動産契約使用率 – スペース利用契約,ポートフォリオ,,明記,従属データ,スペース利用契約,不動産契約:,https://www.ibm.com/docs/ja/tririga/11.6.0?topic=pmm-real-estate-contract-utilization-space-use-agreement-metric
RE,不動産管理,M091,不動産契約使用率 – スペース利用契約,ポートフォリオ,,明記,従属データ,スペース利用契約,合計賃貸可能面積,https://www.ibm.com/docs/ja/tririga/11.6.0?topic=pmm-real-estate-contract-utilization-space-use-agreement-metric
RE,不動産管理,M091,不動産契約使用率 – スペース利用契約,ポートフォリオ,,明記,データを生む業務,,スペース利用契約 (不動産業),https://www.ibm.com/docs/ja/tririga/11.6.0?topic=pmm-real-estate-contract-utilization-space-use-agreement-metric
RE,不動産管理,M091,不動産契約使用率 – スペース利用契約,ポートフォリオ,,明記,データを生む業務,,スペース割り振り (施設),https://www.ibm.com/docs/ja/tririga/11.6.0?topic=pmm-real-estate-contract-utilization-space-use-agreement-metric
RE,不動産管理,M091,不動産契約使用率 – スペース利用契約,ポートフォリオ,,明記,格納先（ファクトBO）,triMetricFact,triREContractFact,https://www.ibm.com/docs/ja/tririga/11.6.0?topic=pmm-real-estate-contract-utilization-space-use-agreement-metric
RE,不動産管理,M096,目標までの収益週,稼働,Y,明記,計算式,,計算上の収益週数の合計 / 計画上の収益週数の合計,https://www.ibm.com/docs/ja/tririga/11.6.0?topic=metrics-revenue-weeks-target-metric
RE,不動産管理,M096,目標までの収益週,稼働,Y,明記,判定条件,不動産トランザクション計画,計画上の収益週数 = (会計年の終了日 – 不動産プロジェクトの計画上の終了日) の合計,https://www.ibm.com/docs/ja/tririga/11.6.0?topic=metrics-revenue-weeks-target-metric
RE,不動産管理,M096,目標までの収益週,稼働,Y,明記,判定条件,不動産トランザクション計画,計算上の収益週数 = (会計年の終了日 – 不動産プロジェクトの計算上の終了日) の合計,https://www.ibm.com/docs/ja/tririga/11.6.0?topic=metrics-revenue-weeks-target-metric
RE,不動産管理,M096,目標までの収益週,稼働,Y,明記,データを生む業務,,スペース利用契約 (不動産業),https://www.ibm.com/docs/ja/tririga/11.6.0?topic=metrics-revenue-weeks-target-metric
RE,不動産管理,M096,目標までの収益週,稼働,Y,明記,データを生む業務,,スペース割り振り (施設),https://www.ibm.com/docs/ja/tririga/11.6.0?topic=metrics-revenue-weeks-target-metric
RE,不動産管理,M096,目標までの収益週,稼働,Y,明記,格納先（ファクトBO）,triMetricFact,triRETransactionPlanFact,https://www.ibm.com/docs/ja/tririga/11.6.0?topic=metrics-revenue-weeks-target-metric
RE,不動産管理,M098,席占有率 (%) – 不動産契約,ポートフォリオ,,明記,計算式,,合計人数 / 合計席数,https://www.ibm.com/docs/ja/tririga/11.6.0?topic=metrics-seat-occupancy-re-contracts-metric
RE,不動産管理,M098,席占有率 (%) – 不動産契約,ポートフォリオ,,明記,従属データ,不動産契約,合計人数,https://www.ibm.com/docs/ja/tririga/11.6.0?topic=metrics-seat-occupancy-re-contracts-metric
RE,不動産管理,M098,席占有率 (%) – 不動産契約,ポートフォリオ,,明記,従属データ,不動産契約,合計席数,https://www.ibm.com/docs/ja/tririga/11.6.0?topic=metrics-seat-occupancy-re-contracts-metric
RE,不動産管理,M098,席占有率 (%) – 不動産契約,ポートフォリオ,,明記,データを生む業務,,スペース利用契約 (不動産業),https://www.ibm.com/docs/ja/tririga/11.6.0?topic=metrics-seat-occupancy-re-contracts-metric
RE,不動産管理,M098,席占有率 (%) – 不動産契約,ポートフォリオ,,明記,データを生む業務,,スペース割り振り (施設),https://www.ibm.com/docs/ja/tririga/11.6.0?topic=metrics-seat-occupancy-re-contracts-metric
RE,不動産管理,M098,席占有率 (%) – 不動産契約,ポートフォリオ,,明記,格納先（ファクトBO）,triMetricFact,triREContractFact,https://www.ibm.com/docs/ja/tririga/11.6.0?topic=metrics-seat-occupancy-re-contracts-metric
RE,不動産管理,M099,1 人あたりの席数 – 不動産契約,ポートフォリオ,,明記,計算式,,合計席数 / 合計人数,https://www.ibm.com/docs/ja/tririga/11.6.0?topic=metrics-seats-per-person-re-contracts-metric
RE,不動産管理,M099,1 人あたりの席数 – 不動産契約,ポートフォリオ,,明記,従属データ,不動産契約,合計人数,https://www.ibm.com/docs/ja/tririga/11.6.0?topic=metrics-seats-per-person-re-contracts-metric
RE,不動産管理,M099,1 人あたりの席数 – 不動産契約,ポートフォリオ,,明記,従属データ,不動産契約,合計席数,https://www.ibm.com/docs/ja/tririga/11.6.0?topic=metrics-seats-per-person-re-contracts-metric
RE,不動産管理,M099,1 人あたりの席数 – 不動産契約,ポートフォリオ,,明記,データを生む業務,,スペース利用契約 (不動産業),https://www.ibm.com/docs/ja/tririga/11.6.0?topic=metrics-seats-per-person-re-contracts-metric
RE,不動産管理,M099,1 人あたりの席数 – 不動産契約,ポートフォリオ,,明記,データを生む業務,,スペース割り振り (施設),https://www.ibm.com/docs/ja/tririga/11.6.0?topic=metrics-seats-per-person-re-contracts-metric
RE,不動産管理,M099,1 人あたりの席数 – 不動産契約,ポートフォリオ,,明記,格納先（ファクトBO）,triMetricFact,triREContractFact,https://www.ibm.com/docs/ja/tririga/11.6.0?topic=metrics-seats-per-person-re-contracts-metric
RE,不動産管理,M117,空きコスト – 不動産契約,財務,Y,明記,計算式,,面積あたりのコスト / 空き面積合計,https://www.ibm.com/docs/ja/tririga/11.6.0?topic=metrics-vacancy-cost-re-contracts-metric
RE,不動産管理,M117,空きコスト – 不動産契約,財務,Y,明記,判定条件,,面積あたりのコスト = 合計不動産コスト: 支払品目から取り込まれた不動産コスト (時間でフィルタリングされたもの) / 不動産契約: 合計賃貸可能面積,https://www.ibm.com/docs/ja/tririga/11.6.0?topic=metrics-vacancy-cost-re-contracts-metric
RE,不動産管理,M117,空きコスト – 不動産契約,財務,Y,明記,従属データ,,不動産契約:,https://www.ibm.com/docs/ja/tririga/11.6.0?topic=metrics-vacancy-cost-re-contracts-metric
RE,不動産管理,M117,空きコスト – 不動産契約,財務,Y,明記,従属データ,,合計賃貸可能面積,https://www.ibm.com/docs/ja/tririga/11.6.0?topic=metrics-vacancy-cost-re-contracts-metric
RE,不動産管理,M117,空きコスト – 不動産契約,財務,Y,明記,従属データ,,空き合計,https://www.ibm.com/docs/ja/tririga/11.6.0?topic=metrics-vacancy-cost-re-contracts-metric
RE,不動産管理,M117,空きコスト – 不動産契約,財務,Y,明記,データを生む業務,,スペース利用契約 (不動産業),https://www.ibm.com/docs/ja/tririga/11.6.0?topic=metrics-vacancy-cost-re-contracts-metric
RE,不動産管理,M117,空きコスト – 不動産契約,財務,Y,明記,データを生む業務,,スペース割り振り (施設),https://www.ibm.com/docs/ja/tririga/11.6.0?topic=metrics-vacancy-cost-re-contracts-metric
RE,不動産管理,M117,空きコスト – 不動産契約,財務,Y,明記,格納先（ファクトBO）,triMetricFact,triREContractFact,https://www.ibm.com/docs/ja/tririga/11.6.0?topic=metrics-vacancy-cost-re-contracts-metric
RE,不動産管理,M118,空き率 – 不動産契約,ポートフォリオ,Y,明記,計算式,,空き面積合計 / 合計賃貸可能面積,https://www.ibm.com/docs/ja/tririga/11.6.0?topic=metrics-vacancy-rate-re-contracts-metric
RE,不動産管理,M118,空き率 – 不動産契約,ポートフォリオ,Y,明記,従属データ,不動産契約,空き面積合計,https://www.ibm.com/docs/ja/tririga/11.6.0?topic=metrics-vacancy-rate-re-contracts-metric
RE,不動産管理,M118,空き率 – 不動産契約,ポートフォリオ,Y,明記,従属データ,不動産契約,合計賃貸可能面積,https://www.ibm.com/docs/ja/tririga/11.6.0?topic=metrics-vacancy-rate-re-contracts-metric
RE,不動産管理,M118,空き率 – 不動産契約,ポートフォリオ,Y,明記,データを生む業務,,スペース利用契約 (不動産業),https://www.ibm.com/docs/ja/tririga/11.6.0?topic=metrics-vacancy-rate-re-contracts-metric
RE,不動産管理,M118,空き率 – 不動産契約,ポートフォリオ,Y,明記,データを生む業務,,スペース割り振り (施設),https://www.ibm.com/docs/ja/tririga/11.6.0?topic=metrics-vacancy-rate-re-contracts-metric
RE,不動産管理,M118,空き率 – 不動産契約,ポートフォリオ,Y,明記,格納先（ファクトBO）,triMetricFact,triREContractFact,https://www.ibm.com/docs/ja/tririga/11.6.0?topic=metrics-vacancy-rate-re-contracts-metric
FA,施設・スペース管理,M001,オンタイム引渡 (%) - My プロジェクト,稼働,,明記,計算式,,実現したオンタイム引渡,https://www.ibm.com/docs/ja/tririga/11.6.0?topic=metrics-time-delivery-my-projects-metric
FA,施設・スペース管理,M001,オンタイム引渡 (%) - My プロジェクト,稼働,,明記,従属データ,不動産プロジェクト,不動産プロジェクトの実終了日,https://www.ibm.com/docs/ja/tririga/11.6.0?topic=metrics-time-delivery-my-projects-metric
FA,施設・スペース管理,M001,オンタイム引渡 (%) - My プロジェクト,稼働,,明記,従属データ,不動産プロジェクト,不動産プロジェクトの計画上の終了日,https://www.ibm.com/docs/ja/tririga/11.6.0?topic=metrics-time-delivery-my-projects-metric
FA,施設・スペース管理,M001,オンタイム引渡 (%) - My プロジェクト,稼働,,明記,データを生む業務,,スペース利用契約 (不動産業),https://www.ibm.com/docs/ja/tririga/11.6.0?topic=metrics-time-delivery-my-projects-metric
FA,施設・スペース管理,M001,オンタイム引渡 (%) - My プロジェクト,稼働,,明記,データを生む業務,,スペース割り振り (施設),https://www.ibm.com/docs/ja/tririga/11.6.0?topic=metrics-time-delivery-my-projects-metric
FA,施設・スペース管理,M001,オンタイム引渡 (%) - My プロジェクト,稼働,,明記,格納先（ファクトBO）,triMetricFact,triREProjectFact,https://www.ibm.com/docs/ja/tririga/11.6.0?topic=metrics-time-delivery-my-projects-metric
FA,施設・スペース管理,M002,オンタイム引渡 (%) - My タスク,稼働,,明記,計算式,,実現したオンタイム引渡,https://www.ibm.com/docs/ja/tririga/11.6.0?topic=metrics-time-delivery-my-tasks-metric
FA,施設・スペース管理,M002,オンタイム引渡 (%) - My タスク,稼働,,明記,従属データ,タスク,実終了日,https://www.ibm.com/docs/ja/tririga/11.6.0?topic=metrics-time-delivery-my-tasks-metric
FA,施設・スペース管理,M002,オンタイム引渡 (%) - My タスク,稼働,,明記,従属データ,タスク,計画上の終了日,https://www.ibm.com/docs/ja/tririga/11.6.0?topic=metrics-time-delivery-my-tasks-metric
FA,施設・スペース管理,M002,オンタイム引渡 (%) - My タスク,稼働,,明記,データを生む業務,,スペース利用契約 (不動産業),https://www.ibm.com/docs/ja/tririga/11.6.0?topic=metrics-time-delivery-my-tasks-metric
FA,施設・スペース管理,M002,オンタイム引渡 (%) - My タスク,稼働,,明記,データを生む業務,,スペース割り振り (施設),https://www.ibm.com/docs/ja/tririga/11.6.0?topic=metrics-time-delivery-my-tasks-metric
FA,施設・スペース管理,M002,オンタイム引渡 (%) - My タスク,稼働,,明記,格納先（ファクトBO）,triMetricFact,triREProjectFact,https://www.ibm.com/docs/ja/tririga/11.6.0?topic=metrics-time-delivery-my-tasks-metric
FA,施設・スペース管理,M003,オンタイム引渡 (%) - 不動産プロジェクト,稼働,Y,明記,計算式,,実現したオンタイム引渡,https://www.ibm.com/docs/ja/tririga/11.6.0?topic=metrics-time-delivery-real-estate-projects-metric
FA,施設・スペース管理,M003,オンタイム引渡 (%) - 不動産プロジェクト,稼働,Y,明記,従属データ,不動産プロジェクト,不動産プロジェクトの実終了日,https://www.ibm.com/docs/ja/tririga/11.6.0?topic=metrics-time-delivery-real-estate-projects-metric
FA,施設・スペース管理,M003,オンタイム引渡 (%) - 不動産プロジェクト,稼働,Y,明記,従属データ,不動産プロジェクト,不動産プロジェクトの計画上の終了日,https://www.ibm.com/docs/ja/tririga/11.6.0?topic=metrics-time-delivery-real-estate-projects-metric
FA,施設・スペース管理,M003,オンタイム引渡 (%) - 不動産プロジェクト,稼働,Y,明記,データを生む業務,,スペース利用契約 (不動産業),https://www.ibm.com/docs/ja/tririga/11.6.0?topic=metrics-time-delivery-real-estate-projects-metric
FA,施設・スペース管理,M003,オンタイム引渡 (%) - 不動産プロジェクト,稼働,Y,明記,データを生む業務,,スペース割り振り (施設),https://www.ibm.com/docs/ja/tririga/11.6.0?topic=metrics-time-delivery-real-estate-projects-metric
FA,施設・スペース管理,M003,オンタイム引渡 (%) - 不動産プロジェクト,稼働,Y,明記,格納先（ファクトBO）,triMetricFact,triREProjectFact,https://www.ibm.com/docs/ja/tririga/11.6.0?topic=metrics-time-delivery-real-estate-projects-metric
FA,施設・スペース管理,M004,オンタイム支払 (%) - My 不動産契約,稼働,,明記,計算式,,オンタイム支払の件数,https://www.ibm.com/docs/ja/tririga/11.6.0?topic=metrics-time-payments-my-real-estate-contracts-metric
FA,施設・スペース管理,M004,オンタイム支払 (%) - My 不動産契約,稼働,,明記,計算式,,支払件数の合計,https://www.ibm.com/docs/ja/tririga/11.6.0?topic=metrics-time-payments-my-real-estate-contracts-metric
FA,施設・スペース管理,M004,オンタイム支払 (%) - My 不動産契約,稼働,,明記,従属データ,不動産契約,支払品目,https://www.ibm.com/docs/ja/tririga/11.6.0?topic=metrics-time-payments-my-real-estate-contracts-metric
FA,施設・スペース管理,M004,オンタイム支払 (%) - My 不動産契約,稼働,,明記,従属データ,不動産契約,期限,https://www.ibm.com/docs/ja/tririga/11.6.0?topic=metrics-time-payments-my-real-estate-contracts-metric
FA,施設・スペース管理,M004,オンタイム支払 (%) - My 不動産契約,稼働,,明記,従属データ,不動産契約,支払日,https://www.ibm.com/docs/ja/tririga/11.6.0?topic=metrics-time-payments-my-real-estate-contracts-metric
FA,施設・スペース管理,M004,オンタイム支払 (%) - My 不動産契約,稼働,,明記,データを生む業務,,スペース利用契約 (不動産業),https://www.ibm.com/docs/ja/tririga/11.6.0?topic=metrics-time-payments-my-real-estate-contracts-metric
FA,施設・スペース管理,M004,オンタイム支払 (%) - My 不動産契約,稼働,,明記,データを生む業務,,スペース割り振り (施設),https://www.ibm.com/docs/ja/tririga/11.6.0?topic=metrics-time-payments-my-real-estate-contracts-metric
FA,施設・スペース管理,M004,オンタイム支払 (%) - My 不動産契約,稼働,,明記,格納先（ファクトBO）,triMetricFact,triREPaymentFact,https://www.ibm.com/docs/ja/tririga/11.6.0?topic=metrics-time-payments-my-real-estate-contracts-metric
FA,施設・スペース管理,M005,ポートフォリオ・リース (%) (% Portfolio Leased),ポートフォリオ,Y,明記,計算式,,賃貸可能面積の合計 (アクティブな不動産リース),https://www.ibm.com/docs/ja/tririga/11.6.0?topic=metrics-portfolio-leased-metric
FA,施設・スペース管理,M005,ポートフォリオ・リース (%) (% Portfolio Leased),ポートフォリオ,Y,明記,計算式,,賃貸可能面積の合計 (すべてのアクティブな不動産契約),https://www.ibm.com/docs/ja/tririga/11.6.0?topic=metrics-portfolio-leased-metric
FA,施設・スペース管理,M005,ポートフォリオ・リース (%) (% Portfolio Leased),ポートフォリオ,Y,明記,従属データ,不動産契約,不動産リースからの賃貸可能面積の合計,https://www.ibm.com/docs/ja/tririga/11.6.0?topic=metrics-portfolio-leased-metric
FA,施設・スペース管理,M005,ポートフォリオ・リース (%) (% Portfolio Leased),ポートフォリオ,Y,明記,従属データ,不動産契約,すべてのアクティブな不動産契約からの賃貸可能面積の合計 (所有物件 + リース),https://www.ibm.com/docs/ja/tririga/11.6.0?topic=metrics-portfolio-leased-metric
FA,施設・スペース管理,M005,ポートフォリオ・リース (%) (% Portfolio Leased),ポートフォリオ,Y,明記,データを生む業務,,スペース利用契約 (不動産業),https://www.ibm.com/docs/ja/tririga/11.6.0?topic=metrics-portfolio-leased-metric
FA,施設・スペース管理,M005,ポートフォリオ・リース (%) (% Portfolio Leased),ポートフォリオ,Y,明記,データを生む業務,,スペース割り振り (施設),https://www.ibm.com/docs/ja/tririga/11.6.0?topic=metrics-portfolio-leased-metric
FA,施設・スペース管理,M005,ポートフォリオ・リース (%) (% Portfolio Leased),ポートフォリオ,Y,明記,格納先（ファクトBO）,triMetricFact,triREContractFact,https://www.ibm.com/docs/ja/tririga/11.6.0?topic=metrics-portfolio-leased-metric
FA,施設・スペース管理,M006,監査からの削減 (%),稼働,,明記,計算式,,支払差額の合計,https://www.ibm.com/docs/ja/tririga/11.6.0?topic=metrics-savings-from-audits
FA,施設・スペース管理,M006,監査からの削減 (%),稼働,,明記,計算式,,貸主あたりの合計請求金額,https://www.ibm.com/docs/ja/tririga/11.6.0?topic=metrics-savings-from-audits
FA,施設・スペース管理,M006,監査からの削減 (%),稼働,,明記,従属データ,支払調整,貸主あたりの請求金額,https://www.ibm.com/docs/ja/tririga/11.6.0?topic=metrics-savings-from-audits
FA,施設・スペース管理,M006,監査からの削減 (%),稼働,,明記,従属データ,支払調整,支払差額,https://www.ibm.com/docs/ja/tririga/11.6.0?topic=metrics-savings-from-audits
FA,施設・スペース管理,M006,監査からの削減 (%),稼働,,明記,データを生む業務,,スペース利用契約 (不動産業),https://www.ibm.com/docs/ja/tririga/11.6.0?topic=metrics-savings-from-audits
FA,施設・スペース管理,M006,監査からの削減 (%),稼働,,明記,データを生む業務,,スペース割り振り (施設),https://www.ibm.com/docs/ja/tririga/11.6.0?topic=metrics-savings-from-audits
FA,施設・スペース管理,M006,監査からの削減 (%),稼働,,明記,格納先（ファクトBO）,triMetricFact,triREPaymentReconciliationFact,https://www.ibm.com/docs/ja/tririga/11.6.0?topic=metrics-savings-from-audits
FA,施設・スペース管理,M008,平均未処理日数,稼働,,明記,計算式,,未処理売掛金の平均 (今日から支払期日まで),https://www.ibm.com/docs/ja/tririga/11.6.0?topic=metrics-average-days-outstanding-metric
FA,施設・スペース管理,M008,平均未処理日数,稼働,,明記,判定条件,支払品目,未処理売掛金 = 支払品目 (期日が今日以前で、かつ支払われた日付が NULL),https://www.ibm.com/docs/ja/tririga/11.6.0?topic=metrics-average-days-outstanding-metric
FA,施設・スペース管理,M008,平均未処理日数,稼働,,明記,従属データ,支払品目,支払期日,https://www.ibm.com/docs/ja/tririga/11.6.0?topic=metrics-average-days-outstanding-metric
FA,施設・スペース管理,M008,平均未処理日数,稼働,,明記,従属データ,支払品目,支払日,https://www.ibm.com/docs/ja/tririga/11.6.0?topic=metrics-average-days-outstanding-metric
FA,施設・スペース管理,M008,平均未処理日数,稼働,,明記,データを生む業務,,スペース利用契約 (不動産業),https://www.ibm.com/docs/ja/tririga/11.6.0?topic=metrics-average-days-outstanding-metric
FA,施設・スペース管理,M008,平均未処理日数,稼働,,明記,データを生む業務,,スペース割り振り (施設),https://www.ibm.com/docs/ja/tririga/11.6.0?topic=metrics-average-days-outstanding-metric
FA,施設・スペース管理,M008,平均未処理日数,稼働,,明記,格納先（ファクトBO）,triMetricFact,triREPaymentFact,https://www.ibm.com/docs/ja/tririga/11.6.0?topic=metrics-average-days-outstanding-metric
FA,施設・スペース管理,M009,総合トランザクション平均スコア,稼働,Y,明記,計算式,,総合シグマ・スコア,https://www.ibm.com/docs/ja/tririga/11.6.0?topic=metrics-average-overall-transaction-score-metric
FA,施設・スペース管理,M009,総合トランザクション平均スコア,稼働,Y,明記,従属データ,不動産プロジェクト,総合シグマ・スコア,https://www.ibm.com/docs/ja/tririga/11.6.0?topic=metrics-average-overall-transaction-score-metric
FA,施設・スペース管理,M009,総合トランザクション平均スコア,稼働,Y,明記,データを生む業務,,スペース利用契約 (不動産業),https://www.ibm.com/docs/ja/tririga/11.6.0?topic=metrics-average-overall-transaction-score-metric
FA,施設・スペース管理,M009,総合トランザクション平均スコア,稼働,Y,明記,格納先（ファクトBO）,triMetricFact,triREProjectFact,https://www.ibm.com/docs/ja/tririga/11.6.0?topic=metrics-average-overall-transaction-score-metric
FA,施設・スペース管理,M010,総合トランザクション平均スコア - My プロジェクト,稼働,,明記,計算式,,総合シグマ・スコア,https://www.ibm.com/docs/ja/tririga/11.6.0?topic=metrics-average-overall-transaction-score-my-projects-metric
FA,施設・スペース管理,M010,総合トランザクション平均スコア - My プロジェクト,稼働,,明記,従属データ,不動産プロジェクト,総合シグマ・スコア,https://www.ibm.com/docs/ja/tririga/11.6.0?topic=metrics-average-overall-transaction-score-my-projects-metric
FA,施設・スペース管理,M010,総合トランザクション平均スコア - My プロジェクト,稼働,,明記,データを生む業務,,スペース利用契約 (不動産業),https://www.ibm.com/docs/ja/tririga/11.6.0?topic=metrics-average-overall-transaction-score-my-projects-metric
FA,施設・スペース管理,M010,総合トランザクション平均スコア - My プロジェクト,稼働,,明記,データを生む業務,,スペース割り振り (施設),https://www.ibm.com/docs/ja/tririga/11.6.0?topic=metrics-average-overall-transaction-score-my-projects-metric
FA,施設・スペース管理,M010,総合トランザクション平均スコア - My プロジェクト,稼働,,明記,格納先（ファクトBO）,triMetricFact,triREProjectFact,https://www.ibm.com/docs/ja/tririga/11.6.0?topic=metrics-average-overall-transaction-score-my-projects-metric
FA,施設・スペース管理,M012,資本コスト (実績 vs 予算),財務,Y,推定（ロールから）,計算式,,資本コスト (実績 vs 予算),https://www.ibm.com/docs/ja/tririga/11.6.0?topic=metrics-capital-cost-actual-vs-budget-metric
FA,施設・スペース管理,M012,資本コスト (実績 vs 予算),財務,Y,推定（ロールから）,補足,,財務サマリー・オブジェクトは、合計資本コストのサマリー・データを提供します。,https://www.ibm.com/docs/ja/tririga/11.6.0?topic=metrics-capital-cost-actual-vs-budget-metric
FA,施設・スペース管理,M012,資本コスト (実績 vs 予算),財務,Y,推定（ロールから）,格納先（ファクトBO）,triMetricFact,triBuildingCostFact,https://www.ibm.com/docs/ja/tririga/11.6.0?topic=metrics-capital-cost-actual-vs-budget-metric
FA,施設・スペース管理,M013,資本コスト (予算、実際、予測の比較),財務,Y,推定（ロールから）,計算式,,資本コスト (予算、実際、予測の比較),https://www.ibm.com/docs/ja/tririga/11.6.0?topic=pmm-capital-cost-budget-vs-actual-vs-forecast-metric
FA,施設・スペース管理,M013,資本コスト (予算、実際、予測の比較),財務,Y,推定（ロールから）,補足,,財務サマリー・オブジェクトは、合計資本コストのサマリー・データを提供します。,https://www.ibm.com/docs/ja/tririga/11.6.0?topic=pmm-capital-cost-budget-vs-actual-vs-forecast-metric
FA,施設・スペース管理,M013,資本コスト (予算、実際、予測の比較),財務,Y,推定（ロールから）,格納先（ファクトBO）,triMetricFact,triBuildingCostFact,https://www.ibm.com/docs/ja/tririga/11.6.0?topic=pmm-capital-cost-budget-vs-actual-vs-forecast-metric
FA,施設・スペース管理,M017,配置換えの割合 (%),稼働,,推定（ロールから）,計算式,,移動数の合計 / 作業者数の合計,https://www.ibm.com/docs/ja/tririga/11.6.0?topic=metrics-churn-rate-metric
FA,施設・スペース管理,M017,配置換えの割合 (%),稼働,,推定（ロールから）,従属データ,移動,期間ごとの、移動した人物の数 (入出ログより),https://www.ibm.com/docs/ja/tririga/11.6.0?topic=metrics-churn-rate-metric
FA,施設・スペース管理,M017,配置換えの割合 (%),稼働,,推定（ロールから）,従属データ,作業者数の合計,スペースに割り当てられている人物の数,https://www.ibm.com/docs/ja/tririga/11.6.0?topic=metrics-churn-rate-metric
FA,施設・スペース管理,M017,配置換えの割合 (%),稼働,,推定（ロールから）,格納先（ファクトBO）,triMetricFact,triSpaceAllocationFact,https://www.ibm.com/docs/ja/tririga/11.6.0?topic=metrics-churn-rate-metric
FA,施設・スペース管理,M021,運用コスト (金額/面積),財務,Y,推定（ロールから）,計算式,,運用コスト合計 / 面積 (面積単位) 運用コスト合計には、メンテナンス、維持管理、および公共料金が含まれます。,https://www.ibm.com/docs/ja/tririga/11.6.0?topic=metrics-cost-operations-area-metric
FA,施設・スペース管理,M021,運用コスト (金額/面積),財務,Y,推定（ロールから）,従属データ,,財務サマリー・オブジェクトは運用コストのサマリー・データを提供します,https://www.ibm.com/docs/ja/tririga/11.6.0?topic=metrics-cost-operations-area-metric
FA,施設・スペース管理,M021,運用コスト (金額/面積),財務,Y,推定（ロールから）,従属データ,面積,建物の賃貸可能面積 (平方フィートまたは正方形)。 メートル),https://www.ibm.com/docs/ja/tririga/11.6.0?topic=metrics-cost-operations-area-metric
FA,施設・スペース管理,M021,運用コスト (金額/面積),財務,Y,推定（ロールから）,補足,,ファクト・テーブルでは、総面積と利用可能面積の値も取り込みます。,https://www.ibm.com/docs/ja/tririga/11.6.0?topic=metrics-cost-operations-area-metric
FA,施設・スペース管理,M021,運用コスト (金額/面積),財務,Y,推定（ロールから）,格納先（ファクトBO）,triMetricFact,triBuildingFact,https://www.ibm.com/docs/ja/tririga/11.6.0?topic=metrics-cost-operations-area-metric
FA,施設・スペース管理,M022,運用コスト ($/人),財務,Y,推定（ロールから）,計算式,,運用コスト合計 / 作業者数の合計 運用コスト合計には、メンテナンス、維持管理、および公共料金が含まれます。,https://www.ibm.com/docs/ja/tririga/11.6.0?topic=metrics-cost-operations-person-metric
FA,施設・スペース管理,M022,運用コスト ($/人),財務,Y,推定（ロールから）,従属データ,,財務サマリー・オブジェクトは運用コストのサマリー・データを提供します,https://www.ibm.com/docs/ja/tririga/11.6.0?topic=metrics-cost-operations-person-metric
FA,施設・スペース管理,M022,運用コスト ($/人),財務,Y,推定（ロールから）,従属データ,作業者,建物のスペース、フロア、または建物に割り当てられた人。,https://www.ibm.com/docs/ja/tririga/11.6.0?topic=metrics-cost-operations-person-metric
FA,施設・スペース管理,M022,運用コスト ($/人),財務,Y,推定（ロールから）,格納先（ファクトBO）,triMetricFact,triBuildingFact,https://www.ibm.com/docs/ja/tririga/11.6.0?topic=metrics-cost-operations-person-metric
FA,施設・スペース管理,M023,運用コスト (サービス・タイプ別),財務,Y,推定（ロールから）,計算式,,サービス・タイプ別の運用コスト合計 サービス・タイプ別の運用コスト合計には、メンテナンス、維持管理、および公共料金が含まれます。,https://www.ibm.com/docs/ja/tririga/11.6.0?topic=metrics-cost-operations-by-service-type-metric
FA,施設・スペース管理,M023,運用コスト (サービス・タイプ別),財務,Y,推定（ロールから）,補足,,財務サマリー・オブジェクトは運用コストのサマリー・データを提供します,https://www.ibm.com/docs/ja/tririga/11.6.0?topic=metrics-cost-operations-by-service-type-metric
FA,施設・スペース管理,M023,運用コスト (サービス・タイプ別),財務,Y,推定（ロールから）,格納先（ファクトBO）,triMetricFact,triBuildingCostFact,https://www.ibm.com/docs/ja/tririga/11.6.0?topic=metrics-cost-operations-by-service-type-metric
FA,施設・スペース管理,M024,面積あたりのコスト (リース済み) - 不動産契約,財務,,明記,計算式,,合計不動産コスト (リース済み) / 合計賃貸可能面積,https://www.ibm.com/docs/ja/tririga/11.6.0?topic=metrics-cost-per-area-leased-re-contracts-metric
FA,施設・スペース管理,M024,面積あたりのコスト (リース済み) - 不動産契約,財務,,明記,従属データ,合計不動産コスト,支払品目から取り込まれたリース不動産コスト,https://www.ibm.com/docs/ja/tririga/11.6.0?topic=metrics-cost-per-area-leased-re-contracts-metric
FA,施設・スペース管理,M024,面積あたりのコスト (リース済み) - 不動産契約,財務,,明記,従属データ,不動産リース (triREContract),合計賃貸可能面積,https://www.ibm.com/docs/ja/tririga/11.6.0?topic=metrics-cost-per-area-leased-re-contracts-metric
FA,施設・スペース管理,M024,面積あたりのコスト (リース済み) - 不動産契約,財務,,明記,データを生む業務,,スペース利用契約 (不動産業),https://www.ibm.com/docs/ja/tririga/11.6.0?topic=metrics-cost-per-area-leased-re-contracts-metric
FA,施設・スペース管理,M024,面積あたりのコスト (リース済み) - 不動産契約,財務,,明記,データを生む業務,,スペース割り振り (施設),https://www.ibm.com/docs/ja/tririga/11.6.0?topic=metrics-cost-per-area-leased-re-contracts-metric
FA,施設・スペース管理,M024,面積あたりのコスト (リース済み) - 不動産契約,財務,,明記,格納先（ファクトBO）,triMetricFact,triREContractFact,https://www.ibm.com/docs/ja/tririga/11.6.0?topic=metrics-cost-per-area-leased-re-contracts-metric
FA,施設・スペース管理,M025,面積あたりのコスト (所有) - 不動産契約,財務,,明記,計算式,,合計不動産コスト (所有) / 合計賃貸可能面積,https://www.ibm.com/docs/ja/tririga/11.6.0?topic=metrics-cost-per-area-owned-re-contracts-metric
FA,施設・スペース管理,M025,面積あたりのコスト (所有) - 不動産契約,財務,,明記,従属データ,合計不動産コスト,支払品目から取り込まれた所有物件不動産コスト,https://www.ibm.com/docs/ja/tririga/11.6.0?topic=metrics-cost-per-area-owned-re-contracts-metric
FA,施設・スペース管理,M025,面積あたりのコスト (所有) - 不動産契約,財務,,明記,従属データ,所有物件,合計賃貸可能面積,https://www.ibm.com/docs/ja/tririga/11.6.0?topic=metrics-cost-per-area-owned-re-contracts-metric
FA,施設・スペース管理,M025,面積あたりのコスト (所有) - 不動産契約,財務,,明記,データを生む業務,,スペース利用契約 (不動産業),https://www.ibm.com/docs/ja/tririga/11.6.0?topic=metrics-cost-per-area-owned-re-contracts-metric
FA,施設・スペース管理,M025,面積あたりのコスト (所有) - 不動産契約,財務,,明記,データを生む業務,,スペース割り振り (施設),https://www.ibm.com/docs/ja/tririga/11.6.0?topic=metrics-cost-per-area-owned-re-contracts-metric
FA,施設・スペース管理,M025,面積あたりのコスト (所有) - 不動産契約,財務,,明記,格納先（ファクトBO）,triMetricFact,triREContractFact,https://www.ibm.com/docs/ja/tririga/11.6.0?topic=metrics-cost-per-area-owned-re-contracts-metric
FA,施設・スペース管理,M026,1 人あたりのコスト - 不動産契約,財務,Y,明記,計算式,,不動産コスト合計 / 合計人数,https://www.ibm.com/docs/ja/tririga/11.6.0?topic=metrics-cost-per-person-re-contracts-metric
FA,施設・スペース管理,M026,1 人あたりのコスト - 不動産契約,財務,Y,明記,従属データ,合計不動産コスト,支払品目から取り込まれた不動産コスト,https://www.ibm.com/docs/ja/tririga/11.6.0?topic=metrics-cost-per-person-re-contracts-metric
FA,施設・スペース管理,M026,1 人あたりのコスト - 不動産契約,財務,Y,明記,従属データ,不動産契約,合計人数,https://www.ibm.com/docs/ja/tririga/11.6.0?topic=metrics-cost-per-person-re-contracts-metric
FA,施設・スペース管理,M026,1 人あたりのコスト - 不動産契約,財務,Y,明記,データを生む業務,,スペース利用契約 (不動産業),https://www.ibm.com/docs/ja/tririga/11.6.0?topic=metrics-cost-per-person-re-contracts-metric
FA,施設・スペース管理,M026,1 人あたりのコスト - 不動産契約,財務,Y,明記,データを生む業務,,スペース割り振り (施設),https://www.ibm.com/docs/ja/tririga/11.6.0?topic=metrics-cost-per-person-re-contracts-metric
FA,施設・スペース管理,M026,1 人あたりのコスト - 不動産契約,財務,Y,明記,格納先（ファクトBO）,triMetricFact,triREContractFact,https://www.ibm.com/docs/ja/tririga/11.6.0?topic=metrics-cost-per-person-re-contracts-metric
FA,施設・スペース管理,M027,席あたりのコスト – 不動産契約,財務,,明記,計算式,,不動産コスト合計 / 合計席数,https://www.ibm.com/docs/ja/tririga/11.6.0?topic=metrics-cost-per-seat-re-contracts-metric
FA,施設・スペース管理,M027,席あたりのコスト – 不動産契約,財務,,明記,従属データ,合計不動産コスト,支払品目から取り込まれた不動産リース・コスト,https://www.ibm.com/docs/ja/tririga/11.6.0?topic=metrics-cost-per-seat-re-contracts-metric
FA,施設・スペース管理,M027,席あたりのコスト – 不動産契約,財務,,明記,従属データ,不動産契約,合計席数,https://www.ibm.com/docs/ja/tririga/11.6.0?topic=metrics-cost-per-seat-re-contracts-metric
FA,施設・スペース管理,M027,席あたりのコスト – 不動産契約,財務,,明記,データを生む業務,,スペース利用契約 (不動産業),https://www.ibm.com/docs/ja/tririga/11.6.0?topic=metrics-cost-per-seat-re-contracts-metric
FA,施設・スペース管理,M027,席あたりのコスト – 不動産契約,財務,,明記,データを生む業務,,スペース割り振り (施設),https://www.ibm.com/docs/ja/tririga/11.6.0?topic=metrics-cost-per-seat-re-contracts-metric
FA,施設・スペース管理,M027,席あたりのコスト – 不動産契約,財務,,明記,格納先（ファクトBO）,triMetricFact,triREContractFact,https://www.ibm.com/docs/ja/tririga/11.6.0?topic=metrics-cost-per-seat-re-contracts-metric
FA,施設・スペース管理,M030,お客様満足度管理,カスタマー,Y,推定（ロールから）,計算式,,調査回答スコアの合計 / 調査の最大スコアの合計,https://www.ibm.com/docs/ja/tririga/11.6.0?topic=metrics-customer-satisfaction-facilities-metric
FA,施設・スペース管理,M030,お客様満足度管理,カスタマー,Y,推定（ロールから）,格納先（ファクトBO）,triMetricFact,triSurveyFact,https://www.ibm.com/docs/ja/tririga/11.6.0?topic=metrics-customer-satisfaction-facilities-metric
FA,施設・スペース管理,M031,密度 (面積/人),ポートフォリオ,,推定（ロールから）,計算式,,合計面積 / 作業者数の合計,https://www.ibm.com/docs/ja/tririga/11.6.0?topic=metrics-density-areaperson-metric
FA,施設・スペース管理,M031,密度 (面積/人),ポートフォリオ,,推定（ロールから）,従属データ,面積,ドリル・パスまたは対話式フィルターによってフィルタリング/グループ化された面積,https://www.ibm.com/docs/ja/tririga/11.6.0?topic=metrics-density-areaperson-metric
FA,施設・スペース管理,M031,密度 (面積/人),ポートフォリオ,,推定（ロールから）,従属データ,人 (作業者),建物内で (スペース、フロア、または建物に) 割り当てられたすべての人物,https://www.ibm.com/docs/ja/tririga/11.6.0?topic=metrics-density-areaperson-metric
FA,施設・スペース管理,M031,密度 (面積/人),ポートフォリオ,,推定（ロールから）,格納先（ファクトBO）,triMetricFact,triSpacePeopleFact,https://www.ibm.com/docs/ja/tririga/11.6.0?topic=metrics-density-areaperson-metric
FA,施設・スペース管理,M032,密度 (面積/作業ポイント),ポートフォリオ,,推定（ロールから）,計算式,,合計面積 / 作業ポイント数の合計,https://www.ibm.com/docs/ja/tririga/11.6.0?topic=metrics-density-areaworkpoint-metric
FA,施設・スペース管理,M032,密度 (面積/作業ポイント),ポートフォリオ,,推定（ロールから）,従属データ,面積,ドリル・パスまたは対話式フィルターによってフィルタリングされた面積,https://www.ibm.com/docs/ja/tririga/11.6.0?topic=metrics-density-areaworkpoint-metric
FA,施設・スペース管理,M032,密度 (面積/作業ポイント),ポートフォリオ,,推定（ロールから）,判定条件,作業ポイント,スペースのキャパシティー (「作業ポイント」 = TRUE でフィルタリング),https://www.ibm.com/docs/ja/tririga/11.6.0?topic=metrics-density-areaworkpoint-metric
FA,施設・スペース管理,M032,密度 (面積/作業ポイント),ポートフォリオ,,推定（ロールから）,格納先（ファクトBO）,triMetricFact,triSpaceAllocationFact,https://www.ibm.com/docs/ja/tririga/11.6.0?topic=metrics-density-areaworkpoint-metric
FA,施設・スペース管理,M054,環境プロジェクト効率比 (USD/トン CO2),環境,,明記,計算式,,環境プロジェクトおよびタスクの合計コスト / 炭素排出量の節減の合計 (USD/トン kWh/年),https://www.ibm.com/docs/ja/tririga/11.6.0?topic=pmm-environmental-project-efficiency-ratio-usd-tons-co2-metric
FA,施設・スペース管理,M054,環境プロジェクト効率比 (USD/トン CO2),環境,,明記,データを生む業務,,プロジェクト管理,https://www.ibm.com/docs/ja/tririga/11.6.0?topic=pmm-environmental-project-efficiency-ratio-usd-tons-co2-metric
FA,施設・スペース管理,M054,環境プロジェクト効率比 (USD/トン CO2),環境,,明記,データを生む業務,,タスク管理,https://www.ibm.com/docs/ja/tririga/11.6.0?topic=pmm-environmental-project-efficiency-ratio-usd-tons-co2-metric
FA,施設・スペース管理,M054,環境プロジェクト効率比 (USD/トン CO2),環境,,明記,データを生む業務,,炭素フットプリント・ログ,https://www.ibm.com/docs/ja/tririga/11.6.0?topic=pmm-environmental-project-efficiency-ratio-usd-tons-co2-metric
FA,施設・スペース管理,M054,環境プロジェクト効率比 (USD/トン CO2),環境,,明記,格納先（ファクトBO）,triMetricFact,triCapitalProjectFact,https://www.ibm.com/docs/ja/tririga/11.6.0?topic=pmm-environmental-project-efficiency-ratio-usd-tons-co2-metric
FA,施設・スペース管理,M057,履行計画の節減進捗,稼働,Y,明記,計算式,,完了トランザクションからの合計削減 / 合計削減目標,https://www.ibm.com/docs/ja/tririga/11.6.0?topic=metrics-implementation-plan-savings-progress-metric
FA,施設・スペース管理,M057,履行計画の節減進捗,稼働,Y,明記,従属データ,,履行計画,https://www.ibm.com/docs/ja/tririga/11.6.0?topic=metrics-implementation-plan-savings-progress-metric
FA,施設・スペース管理,M057,履行計画の節減進捗,稼働,Y,明記,判定条件,,合計削減目標 = 年間節減額 + その他の年間節減額 + 生産性節減額 + 現金収入,https://www.ibm.com/docs/ja/tririga/11.6.0?topic=metrics-implementation-plan-savings-progress-metric
FA,施設・スペース管理,M057,履行計画の節減進捗,稼働,Y,明記,従属データ,,不動産プロジェクト (triREProject),https://www.ibm.com/docs/ja/tririga/11.6.0?topic=metrics-implementation-plan-savings-progress-metric
FA,施設・スペース管理,M057,履行計画の節減進捗,稼働,Y,明記,判定条件,,完了トランザクションからの合計削減 = 合計年間節減額 + 生産性節減額 + 現金収入,https://www.ibm.com/docs/ja/tririga/11.6.0?topic=metrics-implementation-plan-savings-progress-metric
FA,施設・スペース管理,M057,履行計画の節減進捗,稼働,Y,明記,データを生む業務,,スペース利用契約 (不動産業),https://www.ibm.com/docs/ja/tririga/11.6.0?topic=metrics-implementation-plan-savings-progress-metric
FA,施設・スペース管理,M057,履行計画の節減進捗,稼働,Y,明記,データを生む業務,,スペース割り振り (施設),https://www.ibm.com/docs/ja/tririga/11.6.0?topic=metrics-implementation-plan-savings-progress-metric
FA,施設・スペース管理,M057,履行計画の節減進捗,稼働,Y,明記,格納先（ファクトBO）,triMetricFact,triREImplementationPlanFact,https://www.ibm.com/docs/ja/tririga/11.6.0?topic=metrics-implementation-plan-savings-progress-metric
FA,施設・スペース管理,M061,移動スペース率 (%),稼働,,推定（ロールから）,計算式,,フリーアドレス作業スペースの面積合計 / 作業スペースの面積合計,https://www.ibm.com/docs/ja/tririga/11.6.0?topic=metrics-mobility-space-rate-metric
FA,施設・スペース管理,M061,移動スペース率 (%),稼働,,推定（ロールから）,判定条件,フリーアドレス作業スペースの面積合計,「予約可能」 = TRUE であるスペース・レコード,https://www.ibm.com/docs/ja/tririga/11.6.0?topic=metrics-mobility-space-rate-metric
FA,施設・スペース管理,M061,移動スペース率 (%),稼働,,推定（ロールから）,判定条件,作業スペースの面積合計,「作業ポイント」 = TRUE であるスペース・レコード,https://www.ibm.com/docs/ja/tririga/11.6.0?topic=metrics-mobility-space-rate-metric
FA,施設・スペース管理,M061,移動スペース率 (%),稼働,,推定（ロールから）,格納先（ファクトBO）,triMetricFact,triSpaceAllocationFact,https://www.ibm.com/docs/ja/tririga/11.6.0?topic=metrics-mobility-space-rate-metric
FA,施設・スペース管理,M062,移動作業者率 (%),稼働,,推定（ロールから）,計算式,,フリーアドレス作業者数の合計 / 作業者数の合計,https://www.ibm.com/docs/ja/tririga/11.6.0?topic=metrics-mobility-worker-rate-metric
FA,施設・スペース管理,M062,移動作業者率 (%),稼働,,推定（ロールから）,判定条件,,フリーアドレス作業者は、従業員レコードの「割り当てタイプ」フィールドで判別されます。 割り当てタイプ・オプション = 割り当て済み、携帯電話、非オフィス・ワーカー (Non-Office Worker)、およびリモート。,https://www.ibm.com/docs/ja/tririga/11.6.0?topic=metrics-mobility-worker-rate-metric
FA,施設・スペース管理,M062,移動作業者率 (%),稼働,,推定（ロールから）,格納先（ファクトBO）,triMetricFact,triWorkerFact,https://www.ibm.com/docs/ja/tririga/11.6.0?topic=metrics-mobility-worker-rate-metric
FA,施設・スペース管理,M063,移動コスト ($/面積),財務,Y,推定（ロールから）,計算式,,移動コスト合計 / 面積合計,https://www.ibm.com/docs/ja/tririga/11.6.0?topic=metrics-move-cost-area-metric
FA,施設・スペース管理,M063,移動コスト ($/面積),財務,Y,推定（ロールから）,従属データ,,財務サマリー・オブジェクトは運用コストのサマリー・データを提供します,https://www.ibm.com/docs/ja/tririga/11.6.0?topic=metrics-move-cost-area-metric
FA,施設・スペース管理,M063,移動コスト ($/面積),財務,Y,推定（ロールから）,従属データ,面積,建物の賃貸可能面積 (平方フィートまたは平方メートル),https://www.ibm.com/docs/ja/tririga/11.6.0?topic=metrics-move-cost-area-metric
FA,施設・スペース管理,M063,移動コスト ($/面積),財務,Y,推定（ロールから）,補足,,ファクト・テーブルでは、総面積と利用可能面積の値も取り込みます。,https://www.ibm.com/docs/ja/tririga/11.6.0?topic=metrics-move-cost-area-metric
FA,施設・スペース管理,M063,移動コスト ($/面積),財務,Y,推定（ロールから）,格納先（ファクトBO）,triMetricFact,triBuildingFact,https://www.ibm.com/docs/ja/tririga/11.6.0?topic=metrics-move-cost-area-metric
FA,施設・スペース管理,M064,移動コスト ($/移動された人物),財務,Y,推定（ロールから）,計算式,,移動コスト合計 / 移動された人物の合計,https://www.ibm.com/docs/ja/tririga/11.6.0?topic=metrics-move-cost-person-moved-metric
FA,施設・スペース管理,M064,移動コスト ($/移動された人物),財務,Y,推定（ロールから）,従属データ,コスト,移動プロジェクトの実コスト,https://www.ibm.com/docs/ja/tririga/11.6.0?topic=metrics-move-cost-person-moved-metric
FA,施設・スペース管理,M064,移動コスト ($/移動された人物),財務,Y,推定（ロールから）,従属データ,人物 (作業者),移動された人物の移動プロジェクト品目数,https://www.ibm.com/docs/ja/tririga/11.6.0?topic=metrics-move-cost-person-moved-metric
FA,施設・スペース管理,M064,移動コスト ($/移動された人物),財務,Y,推定（ロールから）,従属データ,,データは施設プロジェクト・オブジェクト (MAC タイプのプロジェクトに使用される) から取得されます。,https://www.ibm.com/docs/ja/tririga/11.6.0?topic=metrics-move-cost-person-moved-metric
FA,施設・スペース管理,M064,移動コスト ($/移動された人物),財務,Y,推定（ロールから）,格納先（ファクトBO）,triMetricFact,triMoveProjectCostFact,https://www.ibm.com/docs/ja/tririga/11.6.0?topic=metrics-move-cost-person-moved-metric
FA,施設・スペース管理,M065,My 平均トランザクション・サイクル・タイム,稼働,,明記,計算式,,(実際の終了 - 実際の開始) / 完了プロジェクト数の合計,https://www.ibm.com/docs/ja/tririga/11.6.0?topic=metrics-my-average-transaction-cycle-time-metric
FA,施設・スペース管理,M065,My 平均トランザクション・サイクル・タイム,稼働,,明記,従属データ,不動産プロジェクト,不動産プロジェクトの実開始日,https://www.ibm.com/docs/ja/tririga/11.6.0?topic=metrics-my-average-transaction-cycle-time-metric
FA,施設・スペース管理,M065,My 平均トランザクション・サイクル・タイム,稼働,,明記,従属データ,不動産プロジェクト,不動産プロジェクトの実終了日,https://www.ibm.com/docs/ja/tririga/11.6.0?topic=metrics-my-average-transaction-cycle-time-metric
FA,施設・スペース管理,M065,My 平均トランザクション・サイクル・タイム,稼働,,明記,データを生む業務,,スペース利用契約 (不動産業),https://www.ibm.com/docs/ja/tririga/11.6.0?topic=metrics-my-average-transaction-cycle-time-metric
FA,施設・スペース管理,M065,My 平均トランザクション・サイクル・タイム,稼働,,明記,データを生む業務,,スペース割り振り (施設),https://www.ibm.com/docs/ja/tririga/11.6.0?topic=metrics-my-average-transaction-cycle-time-metric
FA,施設・スペース管理,M065,My 平均トランザクション・サイクル・タイム,稼働,,明記,格納先（ファクトBO）,triMetricFact,triREProjectFact,https://www.ibm.com/docs/ja/tririga/11.6.0?topic=metrics-my-average-transaction-cycle-time-metric
FA,施設・スペース管理,M072,占有率 (%),ポートフォリオ,Y,推定（ロールから）,計算式,,使用スペース / 使用可能スペース,https://www.ibm.com/docs/ja/tririga/11.6.0?topic=metrics-occupancy-rate-metric
FA,施設・スペース管理,M072,占有率 (%),ポートフォリオ,Y,推定（ロールから）,従属データ,使用スペース,組織に割り当てられているスペース,https://www.ibm.com/docs/ja/tririga/11.6.0?topic=metrics-occupancy-rate-metric
FA,施設・スペース管理,M072,占有率 (%),ポートフォリオ,Y,推定（ロールから）,従属データ,使用可能スペース,建物内部の合計スペース,https://www.ibm.com/docs/ja/tririga/11.6.0?topic=metrics-occupancy-rate-metric
FA,施設・スペース管理,M072,占有率 (%),ポートフォリオ,Y,推定（ロールから）,格納先（ファクトBO）,triMetricFact,triSpaceFact,https://www.ibm.com/docs/ja/tririga/11.6.0?topic=metrics-occupancy-rate-metric
FA,施設・スペース管理,M075,運用コスト (実績 vs 予算),財務,Y,推定（ロールから）,計算式,,運用コスト (実績 vs 予算),https://www.ibm.com/docs/ja/tririga/11.6.0?topic=metrics-operating-cost-actual-vs-budget-metric
FA,施設・スペース管理,M075,運用コスト (実績 vs 予算),財務,Y,推定（ロールから）,補足,,財務サマリー・オブジェクトは運用コスト合計のサマリー・データを提供します,https://www.ibm.com/docs/ja/tririga/11.6.0?topic=metrics-operating-cost-actual-vs-budget-metric
FA,施設・スペース管理,M075,運用コスト (実績 vs 予算),財務,Y,推定（ロールから）,格納先（ファクトBO）,triMetricFact,triBuildingCostFact,https://www.ibm.com/docs/ja/tririga/11.6.0?topic=metrics-operating-cost-actual-vs-budget-metric
FA,施設・スペース管理,M076,運用コスト (予算、実際、予測の比較),財務,Y,推定（ロールから）,計算式,,運用コスト (予算、実際、予測の比較),https://www.ibm.com/docs/ja/tririga/11.6.0?topic=pmm-operating-cost-budget-vs-actual-vs-forecast-metric
FA,施設・スペース管理,M076,運用コスト (予算、実際、予測の比較),財務,Y,推定（ロールから）,補足,,財務サマリー・オブジェクトは運用コスト合計のサマリー・データを提供します。,https://www.ibm.com/docs/ja/tririga/11.6.0?topic=pmm-operating-cost-budget-vs-actual-vs-forecast-metric
FA,施設・スペース管理,M076,運用コスト (予算、実際、予測の比較),財務,Y,推定（ロールから）,格納先（ファクトBO）,triMetricFact,triBuildingCostFact,https://www.ibm.com/docs/ja/tririga/11.6.0?topic=pmm-operating-cost-budget-vs-actual-vs-forecast-metric
FA,施設・スペース管理,M079,ワークプレース総合顧客満足度,カスタマー,Y,明記,計算式,,合計調査回答スコア / 合計調査質問予想スコア,https://www.ibm.com/docs/ja/tririga/11.6.0?topic=metrics-overall-customer-satisfaction-all-workplace-organizations-metric
FA,施設・スペース管理,M079,ワークプレース総合顧客満足度,カスタマー,Y,明記,データを生む業務,,不動産業: RE ポートフォリオ・マネージャー評価および RE 優先プロバイダー評価のための不動産トランザクション管理,https://www.ibm.com/docs/ja/tririga/11.6.0?topic=metrics-overall-customer-satisfaction-all-workplace-organizations-metric
FA,施設・スペース管理,M079,ワークプレース総合顧客満足度,カスタマー,Y,明記,データを生む業務,,施設管理: 施設サービスおよび移動サービス・プロバイダー評価のためのタスク管理、サービス管理、要求管理、移動管理,https://www.ibm.com/docs/ja/tririga/11.6.0?topic=metrics-overall-customer-satisfaction-all-workplace-organizations-metric
FA,施設・スペース管理,M079,ワークプレース総合顧客満足度,カスタマー,Y,明記,データを生む業務,,運用管理: 運用サービス・プロバイダー評価のためのタスク管理、サービス管理、および要求管理,https://www.ibm.com/docs/ja/tririga/11.6.0?topic=metrics-overall-customer-satisfaction-all-workplace-organizations-metric
FA,施設・スペース管理,M079,ワークプレース総合顧客満足度,カスタマー,Y,明記,格納先（ファクトBO）,triMetricFact,triSurveyFact,https://www.ibm.com/docs/ja/tririga/11.6.0?topic=metrics-overall-customer-satisfaction-all-workplace-organizations-metric
FA,施設・スペース管理,M080,総合顧客満足度 – ポートフォリオ・マネージャー,カスタマー,Y,明記,計算式,,合計調査回答スコア / 合計調査質問予想スコア,https://www.ibm.com/docs/ja/tririga/11.6.0?topic=metrics-overall-customer-satisfaction-portfolio-managers-metric
FA,施設・スペース管理,M080,総合顧客満足度 – ポートフォリオ・マネージャー,カスタマー,Y,明記,従属データ,,ポートフォリオ・マネージャー評価:,https://www.ibm.com/docs/ja/tririga/11.6.0?topic=metrics-overall-customer-satisfaction-portfolio-managers-metric
FA,施設・スペース管理,M080,総合顧客満足度 – ポートフォリオ・マネージャー,カスタマー,Y,明記,従属データ,,合計調査回答スコア,https://www.ibm.com/docs/ja/tririga/11.6.0?topic=metrics-overall-customer-satisfaction-portfolio-managers-metric
FA,施設・スペース管理,M080,総合顧客満足度 – ポートフォリオ・マネージャー,カスタマー,Y,明記,従属データ,,合計調査質問予想スコア,https://www.ibm.com/docs/ja/tririga/11.6.0?topic=metrics-overall-customer-satisfaction-portfolio-managers-metric
FA,施設・スペース管理,M080,総合顧客満足度 – ポートフォリオ・マネージャー,カスタマー,Y,明記,データを生む業務,,スペース利用契約 (不動産業),https://www.ibm.com/docs/ja/tririga/11.6.0?topic=metrics-overall-customer-satisfaction-portfolio-managers-metric
FA,施設・スペース管理,M080,総合顧客満足度 – ポートフォリオ・マネージャー,カスタマー,Y,明記,データを生む業務,,スペース割り振り (施設),https://www.ibm.com/docs/ja/tririga/11.6.0?topic=metrics-overall-customer-satisfaction-portfolio-managers-metric
FA,施設・スペース管理,M080,総合顧客満足度 – ポートフォリオ・マネージャー,カスタマー,Y,明記,格納先（ファクトBO）,triMetricFact,triSurveyFact,https://www.ibm.com/docs/ja/tririga/11.6.0?topic=metrics-overall-customer-satisfaction-portfolio-managers-metric
FA,施設・スペース管理,M081,総合顧客満足度 – 優先プロバイダー,カスタマー,Y,明記,計算式,,合計調査回答スコア / 合計調査質問予想スコア,https://www.ibm.com/docs/ja/tririga/11.6.0?topic=metrics-overall-customer-satisfaction-preferred-providers-metric
FA,施設・スペース管理,M081,総合顧客満足度 – 優先プロバイダー,カスタマー,Y,明記,従属データ,優先プロバイダー評価,合計調査回答スコア,https://www.ibm.com/docs/ja/tririga/11.6.0?topic=metrics-overall-customer-satisfaction-preferred-providers-metric
FA,施設・スペース管理,M081,総合顧客満足度 – 優先プロバイダー,カスタマー,Y,明記,従属データ,優先プロバイダー評価,合計調査質問予想スコア,https://www.ibm.com/docs/ja/tririga/11.6.0?topic=metrics-overall-customer-satisfaction-preferred-providers-metric
FA,施設・スペース管理,M081,総合顧客満足度 – 優先プロバイダー,カスタマー,Y,明記,データを生む業務,,スペース利用契約 (不動産業),https://www.ibm.com/docs/ja/tririga/11.6.0?topic=metrics-overall-customer-satisfaction-preferred-providers-metric
FA,施設・スペース管理,M081,総合顧客満足度 – 優先プロバイダー,カスタマー,Y,明記,データを生む業務,,スペース割り振り (施設),https://www.ibm.com/docs/ja/tririga/11.6.0?topic=metrics-overall-customer-satisfaction-preferred-providers-metric
FA,施設・スペース管理,M081,総合顧客満足度 – 優先プロバイダー,カスタマー,Y,明記,格納先（ファクトBO）,triMetricFact,triSurveyFact,https://www.ibm.com/docs/ja/tririga/11.6.0?topic=metrics-overall-customer-satisfaction-preferred-providers-metric
FA,施設・スペース管理,M082,総合顧客満足度 – 優先プロバイダー – My プロジェクト,カスタマー,,明記,計算式,,合計調査回答スコア / 合計調査質問予想スコア,https://www.ibm.com/docs/ja/tririga/11.6.0?topic=pmm-overall-customer-satisfaction-preferred-providers-my-projects-metric
FA,施設・スペース管理,M082,総合顧客満足度 – 優先プロバイダー – My プロジェクト,カスタマー,,明記,従属データ,優先プロバイダー評価,合計調査回答スコア,https://www.ibm.com/docs/ja/tririga/11.6.0?topic=pmm-overall-customer-satisfaction-preferred-providers-my-projects-metric
FA,施設・スペース管理,M082,総合顧客満足度 – 優先プロバイダー – My プロジェクト,カスタマー,,明記,従属データ,優先プロバイダー評価,合計調査質問予想スコア,https://www.ibm.com/docs/ja/tririga/11.6.0?topic=pmm-overall-customer-satisfaction-preferred-providers-my-projects-metric
FA,施設・スペース管理,M082,総合顧客満足度 – 優先プロバイダー – My プロジェクト,カスタマー,,明記,データを生む業務,,スペース利用契約 (不動産業),https://www.ibm.com/docs/ja/tririga/11.6.0?topic=pmm-overall-customer-satisfaction-preferred-providers-my-projects-metric
FA,施設・スペース管理,M082,総合顧客満足度 – 優先プロバイダー – My プロジェクト,カスタマー,,明記,データを生む業務,,スペース割り振り (施設),https://www.ibm.com/docs/ja/tririga/11.6.0?topic=pmm-overall-customer-satisfaction-preferred-providers-my-projects-metric
FA,施設・スペース管理,M082,総合顧客満足度 – 優先プロバイダー – My プロジェクト,カスタマー,,明記,格納先（ファクトBO）,triMetricFact,triSurveyFact,https://www.ibm.com/docs/ja/tririga/11.6.0?topic=pmm-overall-customer-satisfaction-preferred-providers-my-projects-metric
FA,施設・スペース管理,M091,不動産契約使用率 – スペース利用契約,ポートフォリオ,,明記,計算式,,SUA 賃貸可能面積合計 / 合計賃貸可能面積,https://www.ibm.com/docs/ja/tririga/11.6.0?topic=pmm-real-estate-contract-utilization-space-use-agreement-metric
FA,施設・スペース管理,M091,不動産契約使用率 – スペース利用契約,ポートフォリオ,,明記,従属データ,スペース利用契約,SUA 賃貸可能面積,https://www.ibm.com/docs/ja/tririga/11.6.0?topic=pmm-real-estate-contract-utilization-space-use-agreement-metric
FA,施設・スペース管理,M091,不動産契約使用率 – スペース利用契約,ポートフォリオ,,明記,従属データ,スペース利用契約,不動産契約:,https://www.ibm.com/docs/ja/tririga/11.6.0?topic=pmm-real-estate-contract-utilization-space-use-agreement-metric
FA,施設・スペース管理,M091,不動産契約使用率 – スペース利用契約,ポートフォリオ,,明記,従属データ,スペース利用契約,合計賃貸可能面積,https://www.ibm.com/docs/ja/tririga/11.6.0?topic=pmm-real-estate-contract-utilization-space-use-agreement-metric
FA,施設・スペース管理,M091,不動産契約使用率 – スペース利用契約,ポートフォリオ,,明記,データを生む業務,,スペース利用契約 (不動産業),https://www.ibm.com/docs/ja/tririga/11.6.0?topic=pmm-real-estate-contract-utilization-space-use-agreement-metric
FA,施設・スペース管理,M091,不動産契約使用率 – スペース利用契約,ポートフォリオ,,明記,データを生む業務,,スペース割り振り (施設),https://www.ibm.com/docs/ja/tririga/11.6.0?topic=pmm-real-estate-contract-utilization-space-use-agreement-metric
FA,施設・スペース管理,M091,不動産契約使用率 – スペース利用契約,ポートフォリオ,,明記,格納先（ファクトBO）,triMetricFact,triREContractFact,https://www.ibm.com/docs/ja/tririga/11.6.0?topic=pmm-real-estate-contract-utilization-space-use-agreement-metric
FA,施設・スペース管理,M096,目標までの収益週,稼働,Y,明記,計算式,,計算上の収益週数の合計 / 計画上の収益週数の合計,https://www.ibm.com/docs/ja/tririga/11.6.0?topic=metrics-revenue-weeks-target-metric
FA,施設・スペース管理,M096,目標までの収益週,稼働,Y,明記,判定条件,不動産トランザクション計画,計画上の収益週数 = (会計年の終了日 – 不動産プロジェクトの計画上の終了日) の合計,https://www.ibm.com/docs/ja/tririga/11.6.0?topic=metrics-revenue-weeks-target-metric
FA,施設・スペース管理,M096,目標までの収益週,稼働,Y,明記,判定条件,不動産トランザクション計画,計算上の収益週数 = (会計年の終了日 – 不動産プロジェクトの計算上の終了日) の合計,https://www.ibm.com/docs/ja/tririga/11.6.0?topic=metrics-revenue-weeks-target-metric
FA,施設・スペース管理,M096,目標までの収益週,稼働,Y,明記,データを生む業務,,スペース利用契約 (不動産業),https://www.ibm.com/docs/ja/tririga/11.6.0?topic=metrics-revenue-weeks-target-metric
FA,施設・スペース管理,M096,目標までの収益週,稼働,Y,明記,データを生む業務,,スペース割り振り (施設),https://www.ibm.com/docs/ja/tririga/11.6.0?topic=metrics-revenue-weeks-target-metric
FA,施設・スペース管理,M096,目標までの収益週,稼働,Y,明記,格納先（ファクトBO）,triMetricFact,triRETransactionPlanFact,https://www.ibm.com/docs/ja/tririga/11.6.0?topic=metrics-revenue-weeks-target-metric
FA,施設・スペース管理,M098,席占有率 (%) – 不動産契約,ポートフォリオ,,明記,計算式,,合計人数 / 合計席数,https://www.ibm.com/docs/ja/tririga/11.6.0?topic=metrics-seat-occupancy-re-contracts-metric
FA,施設・スペース管理,M098,席占有率 (%) – 不動産契約,ポートフォリオ,,明記,従属データ,不動産契約,合計人数,https://www.ibm.com/docs/ja/tririga/11.6.0?topic=metrics-seat-occupancy-re-contracts-metric
FA,施設・スペース管理,M098,席占有率 (%) – 不動産契約,ポートフォリオ,,明記,従属データ,不動産契約,合計席数,https://www.ibm.com/docs/ja/tririga/11.6.0?topic=metrics-seat-occupancy-re-contracts-metric
FA,施設・スペース管理,M098,席占有率 (%) – 不動産契約,ポートフォリオ,,明記,データを生む業務,,スペース利用契約 (不動産業),https://www.ibm.com/docs/ja/tririga/11.6.0?topic=metrics-seat-occupancy-re-contracts-metric
FA,施設・スペース管理,M098,席占有率 (%) – 不動産契約,ポートフォリオ,,明記,データを生む業務,,スペース割り振り (施設),https://www.ibm.com/docs/ja/tririga/11.6.0?topic=metrics-seat-occupancy-re-contracts-metric
FA,施設・スペース管理,M098,席占有率 (%) – 不動産契約,ポートフォリオ,,明記,格納先（ファクトBO）,triMetricFact,triREContractFact,https://www.ibm.com/docs/ja/tririga/11.6.0?topic=metrics-seat-occupancy-re-contracts-metric
FA,施設・スペース管理,M099,1 人あたりの席数 – 不動産契約,ポートフォリオ,,明記,計算式,,合計席数 / 合計人数,https://www.ibm.com/docs/ja/tririga/11.6.0?topic=metrics-seats-per-person-re-contracts-metric
FA,施設・スペース管理,M099,1 人あたりの席数 – 不動産契約,ポートフォリオ,,明記,従属データ,不動産契約,合計人数,https://www.ibm.com/docs/ja/tririga/11.6.0?topic=metrics-seats-per-person-re-contracts-metric
FA,施設・スペース管理,M099,1 人あたりの席数 – 不動産契約,ポートフォリオ,,明記,従属データ,不動産契約,合計席数,https://www.ibm.com/docs/ja/tririga/11.6.0?topic=metrics-seats-per-person-re-contracts-metric
FA,施設・スペース管理,M099,1 人あたりの席数 – 不動産契約,ポートフォリオ,,明記,データを生む業務,,スペース利用契約 (不動産業),https://www.ibm.com/docs/ja/tririga/11.6.0?topic=metrics-seats-per-person-re-contracts-metric
FA,施設・スペース管理,M099,1 人あたりの席数 – 不動産契約,ポートフォリオ,,明記,データを生む業務,,スペース割り振り (施設),https://www.ibm.com/docs/ja/tririga/11.6.0?topic=metrics-seats-per-person-re-contracts-metric
FA,施設・スペース管理,M099,1 人あたりの席数 – 不動産契約,ポートフォリオ,,明記,格納先（ファクトBO）,triMetricFact,triREContractFact,https://www.ibm.com/docs/ja/tririga/11.6.0?topic=metrics-seats-per-person-re-contracts-metric
FA,施設・スペース管理,M109,スペース・クラス内訳 (%),ポートフォリオ,,推定（ロールから）,計算式,,スペース・クラス別の面積,https://www.ibm.com/docs/ja/tririga/11.6.0?topic=metrics-space-class-breakdown-metric
FA,施設・スペース管理,M109,スペース・クラス内訳 (%),ポートフォリオ,,推定（ロールから）,補足,,面積: ドリル・パスまたは対話式フィルターによってフィルタリング/グループ化された面積,https://www.ibm.com/docs/ja/tririga/11.6.0?topic=metrics-space-class-breakdown-metric
FA,施設・スペース管理,M109,スペース・クラス内訳 (%),ポートフォリオ,,推定（ロールから）,格納先（ファクトBO）,triMetricFact,triSpaceAllocationFact,https://www.ibm.com/docs/ja/tririga/11.6.0?topic=metrics-space-class-breakdown-metric
FA,施設・スペース管理,M113,合計占有コスト (TCO) ($/面積),財務,Y,推定（ロールから）,計算式,,(運用コスト合計 + 固定資産提供コスト) / 合計賃貸可能面積,https://www.ibm.com/docs/ja/tririga/11.6.0?topic=metrics-total-occupancy-cost-tco-area-metric
FA,施設・スペース管理,M113,合計占有コスト (TCO) ($/面積),財務,Y,推定（ロールから）,従属データ,,財務サマリー・オブジェクトは運用コストのサマリー・データを提供します,https://www.ibm.com/docs/ja/tririga/11.6.0?topic=metrics-total-occupancy-cost-tco-area-metric
FA,施設・スペース管理,M113,合計占有コスト (TCO) ($/面積),財務,Y,推定（ロールから）,従属データ,面積,建物の賃貸可能面積 (平方フィートまたは平方メートル),https://www.ibm.com/docs/ja/tririga/11.6.0?topic=metrics-total-occupancy-cost-tco-area-metric
FA,施設・スペース管理,M113,合計占有コスト (TCO) ($/面積),財務,Y,推定（ロールから）,補足,,ファクト・テーブルでは、総面積と利用可能面積の値も取り込みます。,https://www.ibm.com/docs/ja/tririga/11.6.0?topic=metrics-total-occupancy-cost-tco-area-metric
FA,施設・スペース管理,M113,合計占有コスト (TCO) ($/面積),財務,Y,推定（ロールから）,格納先（ファクトBO）,triMetricFact,triBuildingFact,https://www.ibm.com/docs/ja/tririga/11.6.0?topic=metrics-total-occupancy-cost-tco-area-metric
FA,施設・スペース管理,M114,合計占有コスト (TCO) ($/人),財務,Y,推定（ロールから）,計算式,,(運用コスト合計 + 固定資産提供コスト) / 作業者数の合計,https://www.ibm.com/docs/ja/tririga/11.6.0?topic=metrics-total-occupancy-cost-tco-person-metric
FA,施設・スペース管理,M114,合計占有コスト (TCO) ($/人),財務,Y,推定（ロールから）,従属データ,,財務サマリー・オブジェクトは運用コスト合計のサマリー・データを提供します,https://www.ibm.com/docs/ja/tririga/11.6.0?topic=metrics-total-occupancy-cost-tco-person-metric
FA,施設・スペース管理,M114,合計占有コスト (TCO) ($/人),財務,Y,推定（ロールから）,従属データ,作業者,スペースに割り当てられる人。,https://www.ibm.com/docs/ja/tririga/11.6.0?topic=metrics-total-occupancy-cost-tco-person-metric
FA,施設・スペース管理,M114,合計占有コスト (TCO) ($/人),財務,Y,推定（ロールから）,格納先（ファクトBO）,triMetricFact,triBuildingFact,https://www.ibm.com/docs/ja/tririga/11.6.0?topic=metrics-total-occupancy-cost-tco-person-metric
FA,施設・スペース管理,M115,合計占有コスト (TCO) (サービス・タイプ別),財務,Y,推定（ロールから）,計算式,,運用コスト合計 + 固定資産提供コスト,https://www.ibm.com/docs/ja/tririga/11.6.0?topic=pmm-total-occupancy-cost-tco-by-service-type-metric
FA,施設・スペース管理,M115,合計占有コスト (TCO) (サービス・タイプ別),財務,Y,推定（ロールから）,補足,,財務サマリー・オブジェクトは運用コスト合計のサマリー・データを提供します,https://www.ibm.com/docs/ja/tririga/11.6.0?topic=pmm-total-occupancy-cost-tco-by-service-type-metric
FA,施設・スペース管理,M115,合計占有コスト (TCO) (サービス・タイプ別),財務,Y,推定（ロールから）,格納先（ファクトBO）,triMetricFact,triBuildingCostFact,https://www.ibm.com/docs/ja/tririga/11.6.0?topic=pmm-total-occupancy-cost-tco-by-service-type-metric
FA,施設・スペース管理,M117,空きコスト – 不動産契約,財務,Y,明記,計算式,,面積あたりのコスト / 空き面積合計,https://www.ibm.com/docs/ja/tririga/11.6.0?topic=metrics-vacancy-cost-re-contracts-metric
FA,施設・スペース管理,M117,空きコスト – 不動産契約,財務,Y,明記,判定条件,,面積あたりのコスト = 合計不動産コスト: 支払品目から取り込まれた不動産コスト (時間でフィルタリングされたもの) / 不動産契約: 合計賃貸可能面積,https://www.ibm.com/docs/ja/tririga/11.6.0?topic=metrics-vacancy-cost-re-contracts-metric
FA,施設・スペース管理,M117,空きコスト – 不動産契約,財務,Y,明記,従属データ,,不動産契約:,https://www.ibm.com/docs/ja/tririga/11.6.0?topic=metrics-vacancy-cost-re-contracts-metric
FA,施設・スペース管理,M117,空きコスト – 不動産契約,財務,Y,明記,従属データ,,合計賃貸可能面積,https://www.ibm.com/docs/ja/tririga/11.6.0?topic=metrics-vacancy-cost-re-contracts-metric
FA,施設・スペース管理,M117,空きコスト – 不動産契約,財務,Y,明記,従属データ,,空き合計,https://www.ibm.com/docs/ja/tririga/11.6.0?topic=metrics-vacancy-cost-re-contracts-metric
FA,施設・スペース管理,M117,空きコスト – 不動産契約,財務,Y,明記,データを生む業務,,スペース利用契約 (不動産業),https://www.ibm.com/docs/ja/tririga/11.6.0?topic=metrics-vacancy-cost-re-contracts-metric
FA,施設・スペース管理,M117,空きコスト – 不動産契約,財務,Y,明記,データを生む業務,,スペース割り振り (施設),https://www.ibm.com/docs/ja/tririga/11.6.0?topic=metrics-vacancy-cost-re-contracts-metric
FA,施設・スペース管理,M117,空きコスト – 不動産契約,財務,Y,明記,格納先（ファクトBO）,triMetricFact,triREContractFact,https://www.ibm.com/docs/ja/tririga/11.6.0?topic=metrics-vacancy-cost-re-contracts-metric
FA,施設・スペース管理,M118,空き率 – 不動産契約,ポートフォリオ,Y,明記,計算式,,空き面積合計 / 合計賃貸可能面積,https://www.ibm.com/docs/ja/tririga/11.6.0?topic=metrics-vacancy-rate-re-contracts-metric
FA,施設・スペース管理,M118,空き率 – 不動産契約,ポートフォリオ,Y,明記,従属データ,不動産契約,空き面積合計,https://www.ibm.com/docs/ja/tririga/11.6.0?topic=metrics-vacancy-rate-re-contracts-metric
FA,施設・スペース管理,M118,空き率 – 不動産契約,ポートフォリオ,Y,明記,従属データ,不動産契約,合計賃貸可能面積,https://www.ibm.com/docs/ja/tririga/11.6.0?topic=metrics-vacancy-rate-re-contracts-metric
FA,施設・スペース管理,M118,空き率 – 不動産契約,ポートフォリオ,Y,明記,データを生む業務,,スペース利用契約 (不動産業),https://www.ibm.com/docs/ja/tririga/11.6.0?topic=metrics-vacancy-rate-re-contracts-metric
FA,施設・スペース管理,M118,空き率 – 不動産契約,ポートフォリオ,Y,明記,データを生む業務,,スペース割り振り (施設),https://www.ibm.com/docs/ja/tririga/11.6.0?topic=metrics-vacancy-rate-re-contracts-metric
FA,施設・スペース管理,M118,空き率 – 不動産契約,ポートフォリオ,Y,明記,格納先（ファクトBO）,triMetricFact,triREContractFact,https://www.ibm.com/docs/ja/tririga/11.6.0?topic=metrics-vacancy-rate-re-contracts-metric
FA,施設・スペース管理,M123,作業者使用率 (%),ポートフォリオ,,推定（ロールから）,計算式,,作業者数の合計 / 作業ポイント数の合計,https://www.ibm.com/docs/ja/tririga/11.6.0?topic=metrics-worker-utilization-rate-metric
FA,施設・スペース管理,M123,作業者使用率 (%),ポートフォリオ,,推定（ロールから）,判定条件,作業ポイント合計,全体的なスペース・キャパシティー (「作業ポイント」=「TRUE」でフィルタリング),https://www.ibm.com/docs/ja/tririga/11.6.0?topic=metrics-worker-utilization-rate-metric
FA,施設・スペース管理,M123,作業者使用率 (%),ポートフォリオ,,推定（ロールから）,従属データ,作業者,建物内で割り当てられているすべての人,https://www.ibm.com/docs/ja/tririga/11.6.0?topic=metrics-worker-utilization-rate-metric
FA,施設・スペース管理,M123,作業者使用率 (%),ポートフォリオ,,推定（ロールから）,格納先（ファクトBO）,triMetricFact,triSpacePeopleFact,https://www.ibm.com/docs/ja/tririga/11.6.0?topic=metrics-worker-utilization-rate-metric
FA,施設・スペース管理,M125,作業ポイントの使用率 (%),ポートフォリオ,,推定（ロールから）,計算式,,使用作業ポイント数/使用可能作業ポイント数の合計,https://www.ibm.com/docs/ja/tririga/11.6.0?topic=metrics-workpoint-utilization-rate-metric
FA,施設・スペース管理,M125,作業ポイントの使用率 (%),ポートフォリオ,,推定（ロールから）,従属データ,使用作業ポイント,組織に割り当てられているスペースのスペース・キャパシティー。,https://www.ibm.com/docs/ja/tririga/11.6.0?topic=metrics-workpoint-utilization-rate-metric
FA,施設・スペース管理,M125,作業ポイントの使用率 (%),ポートフォリオ,,推定（ロールから）,判定条件,作業ポイント合計,全体的なスペース・キャパシティー (「作業ポイント」=「TRUE」でフィルタリング),https://www.ibm.com/docs/ja/tririga/11.6.0?topic=metrics-workpoint-utilization-rate-metric
FA,施設・スペース管理,M125,作業ポイントの使用率 (%),ポートフォリオ,,推定（ロールから）,格納先（ファクトBO）,triMetricFact,triSpaceFact,https://www.ibm.com/docs/ja/tririga/11.6.0?topic=metrics-workpoint-utilization-rate-metric
OP,運用・保守管理,M011,コールバック指数,稼働,,明記,計算式,,「コールバック」が TRUE である完了した改良タスクの数の合計 / 完了した改良タスクの数の合計,https://www.ibm.com/docs/ja/tririga/11.6.0?topic=metrics-callback-index-metric
OP,運用・保守管理,M011,コールバック指数,稼働,,明記,判定条件,,「コールバック」フィールド = TRUE および「タスク・タイプ」 = 「改良」である完了したタスクの数の合計,https://www.ibm.com/docs/ja/tririga/11.6.0?topic=metrics-callback-index-metric
OP,運用・保守管理,M011,コールバック指数,稼働,,明記,判定条件,,「タスク・タイプ」 = 「改良」である完了したタスクの数の合計,https://www.ibm.com/docs/ja/tririga/11.6.0?topic=metrics-callback-index-metric
OP,運用・保守管理,M011,コールバック指数,稼働,,明記,データを生む業務,,タスク管理,https://www.ibm.com/docs/ja/tririga/11.6.0?topic=metrics-callback-index-metric
OP,運用・保守管理,M011,コールバック指数,稼働,,明記,データを生む業務,,サービス管理,https://www.ibm.com/docs/ja/tririga/11.6.0?topic=metrics-callback-index-metric
OP,運用・保守管理,M011,コールバック指数,稼働,,明記,格納先（ファクトBO）,triMetricFact,triTaskResourceFact,https://www.ibm.com/docs/ja/tririga/11.6.0?topic=metrics-callback-index-metric
OP,運用・保守管理,M012,資本コスト (実績 vs 予算),財務,Y,推定（ロールから）,計算式,,資本コスト (実績 vs 予算),https://www.ibm.com/docs/ja/tririga/11.6.0?topic=metrics-capital-cost-actual-vs-budget-metric
OP,運用・保守管理,M012,資本コスト (実績 vs 予算),財務,Y,推定（ロールから）,補足,,財務サマリー・オブジェクトは、合計資本コストのサマリー・データを提供します。,https://www.ibm.com/docs/ja/tririga/11.6.0?topic=metrics-capital-cost-actual-vs-budget-metric
OP,運用・保守管理,M012,資本コスト (実績 vs 予算),財務,Y,推定（ロールから）,格納先（ファクトBO）,triMetricFact,triBuildingCostFact,https://www.ibm.com/docs/ja/tririga/11.6.0?topic=metrics-capital-cost-actual-vs-budget-metric
OP,運用・保守管理,M013,資本コスト (予算、実際、予測の比較),財務,Y,推定（ロールから）,計算式,,資本コスト (予算、実際、予測の比較),https://www.ibm.com/docs/ja/tririga/11.6.0?topic=pmm-capital-cost-budget-vs-actual-vs-forecast-metric
OP,運用・保守管理,M013,資本コスト (予算、実際、予測の比較),財務,Y,推定（ロールから）,補足,,財務サマリー・オブジェクトは、合計資本コストのサマリー・データを提供します。,https://www.ibm.com/docs/ja/tririga/11.6.0?topic=pmm-capital-cost-budget-vs-actual-vs-forecast-metric
OP,運用・保守管理,M013,資本コスト (予算、実際、予測の比較),財務,Y,推定（ロールから）,格納先（ファクトBO）,triMetricFact,triBuildingCostFact,https://www.ibm.com/docs/ja/tririga/11.6.0?topic=pmm-capital-cost-budget-vs-actual-vs-forecast-metric
OP,運用・保守管理,M014,資本更新指数,ポートフォリオ,Y,明記,計算式,,資本コスト合計 / 現在の再取得価額 (CRV) の合計,https://www.ibm.com/docs/ja/tririga/11.6.0?topic=metrics-capital-renewal-index-metric
OP,運用・保守管理,M014,資本更新指数,ポートフォリオ,Y,明記,判定条件,資本コスト合計,「コスト・タイプ」 = 「資本」でフィルタリングされた財務サマリー・テーブルの合計,https://www.ibm.com/docs/ja/tririga/11.6.0?topic=metrics-capital-renewal-index-metric
OP,運用・保守管理,M014,資本更新指数,ポートフォリオ,Y,明記,判定条件,現在の再取得価額の合計,「建物の状態アセスメント (Building Condition Assessment)」タブには、建物ごとの現在の再取得価額が保持されています (CRV = 総面積 * 面積あたりのコスト)。,https://www.ibm.com/docs/ja/tririga/11.6.0?topic=metrics-capital-renewal-index-metric
OP,運用・保守管理,M014,資本更新指数,ポートフォリオ,Y,明記,データを生む業務,,建物 (「現在の再取得価額」フィールド),https://www.ibm.com/docs/ja/tririga/11.6.0?topic=metrics-capital-renewal-index-metric
OP,運用・保守管理,M014,資本更新指数,ポートフォリオ,Y,明記,データを生む業務,,外部の企業システムからの財務データ,https://www.ibm.com/docs/ja/tririga/11.6.0?topic=metrics-capital-renewal-index-metric
OP,運用・保守管理,M014,資本更新指数,ポートフォリオ,Y,明記,格納先（ファクトBO）,triMetricFact,triBuildingFact,https://www.ibm.com/docs/ja/tririga/11.6.0?topic=metrics-capital-renewal-index-metric
OP,運用・保守管理,M018,状態指数,ポートフォリオ,Y,明記,計算式,,欠陥の合計コスト / 現在の再取得価額の合計 (CRV),https://www.ibm.com/docs/ja/tririga/11.6.0?topic=metrics-condition-index-metric
OP,運用・保守管理,M018,状態指数,ポートフォリオ,Y,明記,判定条件,,欠陥の合計コスト = 「優先順位」がレベル 1 であり、「状況」が「リタイア済み」または「完了」ではない欠陥の合計コスト。,https://www.ibm.com/docs/ja/tririga/11.6.0?topic=metrics-condition-index-metric
OP,運用・保守管理,M018,状態指数,ポートフォリオ,Y,明記,判定条件,現在の再取得価額の合計,「建物の状態アセスメント (Building Condition Assessment)」タブには、建物ごとの現在の再取得価額が保持されています (CRV = 総面積 * 面積あたりのコスト)。,https://www.ibm.com/docs/ja/tririga/11.6.0?topic=metrics-condition-index-metric
OP,運用・保守管理,M018,状態指数,ポートフォリオ,Y,明記,従属データ,現在の再取得価額の合計,建設システム項目 (建設システムごとの現在の再取得価額 (CRV)),https://www.ibm.com/docs/ja/tririga/11.6.0?topic=metrics-condition-index-metric
OP,運用・保守管理,M018,状態指数,ポートフォリオ,Y,明記,データを生む業務,,施設アセスメント,https://www.ibm.com/docs/ja/tririga/11.6.0?topic=metrics-condition-index-metric
OP,運用・保守管理,M018,状態指数,ポートフォリオ,Y,明記,データを生む業務,,タスク管理,https://www.ibm.com/docs/ja/tririga/11.6.0?topic=metrics-condition-index-metric
OP,運用・保守管理,M018,状態指数,ポートフォリオ,Y,明記,データを生む業務,,サービス管理,https://www.ibm.com/docs/ja/tririga/11.6.0?topic=metrics-condition-index-metric
OP,運用・保守管理,M018,状態指数,ポートフォリオ,Y,明記,格納先（ファクトBO）,triMetricFact,triBuildingSystemItemFact,https://www.ibm.com/docs/ja/tririga/11.6.0?topic=metrics-condition-index-metric
OP,運用・保守管理,M019,コンタクト・センターの効率,稼働,,明記,計算式,,期間 (開始時間 - 終了時間) / 要求数の合計,https://www.ibm.com/docs/ja/tririga/11.6.0?topic=metrics-contact-center-efficiency-metric
OP,運用・保守管理,M019,コンタクト・センターの効率,稼働,,明記,補足,,コンタクト・センター通信レコード - 開始時間 – 終了時間,https://www.ibm.com/docs/ja/tririga/11.6.0?topic=metrics-contact-center-efficiency-metric
OP,運用・保守管理,M019,コンタクト・センターの効率,稼働,,明記,データを生む業務,,コンタクト・センター,https://www.ibm.com/docs/ja/tririga/11.6.0?topic=metrics-contact-center-efficiency-metric
OP,運用・保守管理,M019,コンタクト・センターの効率,稼働,,明記,格納先（ファクトBO）,triMetricFact,triContactCenterFact,https://www.ibm.com/docs/ja/tririga/11.6.0?topic=metrics-contact-center-efficiency-metric
OP,運用・保守管理,M021,運用コスト (金額/面積),財務,Y,推定（ロールから）,計算式,,運用コスト合計 / 面積 (面積単位) 運用コスト合計には、メンテナンス、維持管理、および公共料金が含まれます。,https://www.ibm.com/docs/ja/tririga/11.6.0?topic=metrics-cost-operations-area-metric
OP,運用・保守管理,M021,運用コスト (金額/面積),財務,Y,推定（ロールから）,従属データ,,財務サマリー・オブジェクトは運用コストのサマリー・データを提供します,https://www.ibm.com/docs/ja/tririga/11.6.0?topic=metrics-cost-operations-area-metric
OP,運用・保守管理,M021,運用コスト (金額/面積),財務,Y,推定（ロールから）,従属データ,面積,建物の賃貸可能面積 (平方フィートまたは正方形)。 メートル),https://www.ibm.com/docs/ja/tririga/11.6.0?topic=metrics-cost-operations-area-metric
OP,運用・保守管理,M021,運用コスト (金額/面積),財務,Y,推定（ロールから）,補足,,ファクト・テーブルでは、総面積と利用可能面積の値も取り込みます。,https://www.ibm.com/docs/ja/tririga/11.6.0?topic=metrics-cost-operations-area-metric
OP,運用・保守管理,M021,運用コスト (金額/面積),財務,Y,推定（ロールから）,格納先（ファクトBO）,triMetricFact,triBuildingFact,https://www.ibm.com/docs/ja/tririga/11.6.0?topic=metrics-cost-operations-area-metric
OP,運用・保守管理,M022,運用コスト ($/人),財務,Y,推定（ロールから）,計算式,,運用コスト合計 / 作業者数の合計 運用コスト合計には、メンテナンス、維持管理、および公共料金が含まれます。,https://www.ibm.com/docs/ja/tririga/11.6.0?topic=metrics-cost-operations-person-metric
OP,運用・保守管理,M022,運用コスト ($/人),財務,Y,推定（ロールから）,従属データ,,財務サマリー・オブジェクトは運用コストのサマリー・データを提供します,https://www.ibm.com/docs/ja/tririga/11.6.0?topic=metrics-cost-operations-person-metric
OP,運用・保守管理,M022,運用コスト ($/人),財務,Y,推定（ロールから）,従属データ,作業者,建物のスペース、フロア、または建物に割り当てられた人。,https://www.ibm.com/docs/ja/tririga/11.6.0?topic=metrics-cost-operations-person-metric
OP,運用・保守管理,M022,運用コスト ($/人),財務,Y,推定（ロールから）,格納先（ファクトBO）,triMetricFact,triBuildingFact,https://www.ibm.com/docs/ja/tririga/11.6.0?topic=metrics-cost-operations-person-metric
OP,運用・保守管理,M023,運用コスト (サービス・タイプ別),財務,Y,推定（ロールから）,計算式,,サービス・タイプ別の運用コスト合計 サービス・タイプ別の運用コスト合計には、メンテナンス、維持管理、および公共料金が含まれます。,https://www.ibm.com/docs/ja/tririga/11.6.0?topic=metrics-cost-operations-by-service-type-metric
OP,運用・保守管理,M023,運用コスト (サービス・タイプ別),財務,Y,推定（ロールから）,補足,,財務サマリー・オブジェクトは運用コストのサマリー・データを提供します,https://www.ibm.com/docs/ja/tririga/11.6.0?topic=metrics-cost-operations-by-service-type-metric
OP,運用・保守管理,M023,運用コスト (サービス・タイプ別),財務,Y,推定（ロールから）,格納先（ファクトBO）,triMetricFact,triBuildingCostFact,https://www.ibm.com/docs/ja/tririga/11.6.0?topic=metrics-cost-operations-by-service-type-metric
OP,運用・保守管理,M029,維持管理コスト / 面積 ($/面積),財務,Y,明記,計算式,,保全コスト合計 / 施設面積合計,https://www.ibm.com/docs/ja/tririga/11.6.0?topic=metrics-custodial-housekeeping-costs-area-area-metric
OP,運用・保守管理,M029,維持管理コスト / 面積 ($/面積),財務,Y,明記,判定条件,保全コスト合計,「コスト・タイプ」 = 「保全」でフィルタリングされた財務サマリー・テーブルの合計,https://www.ibm.com/docs/ja/tririga/11.6.0?topic=metrics-custodial-housekeeping-costs-area-area-metric
OP,運用・保守管理,M029,維持管理コスト / 面積 ($/面積),財務,Y,明記,従属データ,合計面積,建物の賃貸可能面積,https://www.ibm.com/docs/ja/tririga/11.6.0?topic=metrics-custodial-housekeeping-costs-area-area-metric
OP,運用・保守管理,M029,維持管理コスト / 面積 ($/面積),財務,Y,明記,データを生む業務,,建物 (面積の計算),https://www.ibm.com/docs/ja/tririga/11.6.0?topic=metrics-custodial-housekeeping-costs-area-area-metric
OP,運用・保守管理,M029,維持管理コスト / 面積 ($/面積),財務,Y,明記,データを生む業務,,外部の企業システムからの財務データ,https://www.ibm.com/docs/ja/tririga/11.6.0?topic=metrics-custodial-housekeeping-costs-area-area-metric
OP,運用・保守管理,M029,維持管理コスト / 面積 ($/面積),財務,Y,明記,格納先（ファクトBO）,triMetricFact,triBuildingFact,https://www.ibm.com/docs/ja/tririga/11.6.0?topic=metrics-custodial-housekeeping-costs-area-area-metric
OP,運用・保守管理,M033,緊急タスク・コスト比率,稼働,,明記,計算式,,緊急タスク・コスト合計 / メンテナンス・コスト合計,https://www.ibm.com/docs/ja/tririga/11.6.0?topic=metrics-emergency-task-cost-ratio-metric
OP,運用・保守管理,M033,緊急タスク・コスト比率,稼働,,明記,判定条件,,緊急タスク・コストの合計 = 完了したタスクのコストの合計。ここで、「タスクの優先順位」 = 「緊急時」、「状況」 = 「完了」または「クローズ済み」であり、「計画上の終了」は収集期間の範囲内です。,https://www.ibm.com/docs/ja/tririga/11.6.0?topic=metrics-emergency-task-cost-ratio-metric
OP,運用・保守管理,M033,緊急タスク・コスト比率,稼働,,明記,判定条件,,メンテナンス・コストの合計 = 完了したタスクのコストの合計。「状況」 = 「完了」または「クローズ済み」であり、「計画上の終了」は収集期間の範囲内です。,https://www.ibm.com/docs/ja/tririga/11.6.0?topic=metrics-emergency-task-cost-ratio-metric
OP,運用・保守管理,M033,緊急タスク・コスト比率,稼働,,明記,データを生む業務,,タスク管理,https://www.ibm.com/docs/ja/tririga/11.6.0?topic=metrics-emergency-task-cost-ratio-metric
OP,運用・保守管理,M033,緊急タスク・コスト比率,稼働,,明記,データを生む業務,,サービス管理,https://www.ibm.com/docs/ja/tririga/11.6.0?topic=metrics-emergency-task-cost-ratio-metric
OP,運用・保守管理,M033,緊急タスク・コスト比率,稼働,,明記,データを生む業務,,予防保全ジョブ計画,https://www.ibm.com/docs/ja/tririga/11.6.0?topic=metrics-emergency-task-cost-ratio-metric
OP,運用・保守管理,M033,緊急タスク・コスト比率,稼働,,明記,データを生む業務,,PM スケジュール,https://www.ibm.com/docs/ja/tririga/11.6.0?topic=metrics-emergency-task-cost-ratio-metric
OP,運用・保守管理,M033,緊急タスク・コスト比率,稼働,,明記,格納先（ファクトBO）,triMetricFact,triTaskDetailFact,https://www.ibm.com/docs/ja/tririga/11.6.0?topic=metrics-emergency-task-cost-ratio-metric
OP,運用・保守管理,M054,環境プロジェクト効率比 (USD/トン CO2),環境,,明記,計算式,,環境プロジェクトおよびタスクの合計コスト / 炭素排出量の節減の合計 (USD/トン kWh/年),https://www.ibm.com/docs/ja/tririga/11.6.0?topic=pmm-environmental-project-efficiency-ratio-usd-tons-co2-metric
OP,運用・保守管理,M054,環境プロジェクト効率比 (USD/トン CO2),環境,,明記,データを生む業務,,プロジェクト管理,https://www.ibm.com/docs/ja/tririga/11.6.0?topic=pmm-environmental-project-efficiency-ratio-usd-tons-co2-metric
OP,運用・保守管理,M054,環境プロジェクト効率比 (USD/トン CO2),環境,,明記,データを生む業務,,タスク管理,https://www.ibm.com/docs/ja/tririga/11.6.0?topic=pmm-environmental-project-efficiency-ratio-usd-tons-co2-metric
OP,運用・保守管理,M054,環境プロジェクト効率比 (USD/トン CO2),環境,,明記,データを生む業務,,炭素フットプリント・ログ,https://www.ibm.com/docs/ja/tririga/11.6.0?topic=pmm-environmental-project-efficiency-ratio-usd-tons-co2-metric
OP,運用・保守管理,M054,環境プロジェクト効率比 (USD/トン CO2),環境,,明記,格納先（ファクトBO）,triMetricFact,triCapitalProjectFact,https://www.ibm.com/docs/ja/tririga/11.6.0?topic=pmm-environmental-project-efficiency-ratio-usd-tons-co2-metric
OP,運用・保守管理,M055,施設運営の現在の再取得価額 (CRV) 指数,財務,Y,明記,計算式,,メンテナンス・コスト合計 / 現在の再取得価額 (CRV) の合計,https://www.ibm.com/docs/ja/tririga/11.6.0?topic=pmm-facility-operating-current-replacement-value-crv-index-metric
OP,運用・保守管理,M055,施設運営の現在の再取得価額 (CRV) 指数,財務,Y,明記,判定条件,メンテナンス・コスト合計,「サービス・タイプ」 = 「メンテナンス」でフィルタリングされた財務サマリー・テーブルの合計。 これには、公共料金、保全、および地面などのすべてのメンテナンス関連コストの値が含まれます。,https://www.ibm.com/docs/ja/tririga/11.6.0?topic=pmm-facility-operating-current-replacement-value-crv-index-metric
OP,運用・保守管理,M055,施設運営の現在の再取得価額 (CRV) 指数,財務,Y,明記,判定条件,現在の再取得価額の合計,「建物の状態アセスメント (Building Condition Assessment)」タブには、建物ごとの現在の再取得価額が保持されています (CRV = 総面積 * 面積あたりのコスト)。,https://www.ibm.com/docs/ja/tririga/11.6.0?topic=pmm-facility-operating-current-replacement-value-crv-index-metric
OP,運用・保守管理,M055,施設運営の現在の再取得価額 (CRV) 指数,財務,Y,明記,データを生む業務,,建物 (「現在の再取得価額」フィールド),https://www.ibm.com/docs/ja/tririga/11.6.0?topic=pmm-facility-operating-current-replacement-value-crv-index-metric
OP,運用・保守管理,M055,施設運営の現在の再取得価額 (CRV) 指数,財務,Y,明記,データを生む業務,,施設アセスメント (オプション),https://www.ibm.com/docs/ja/tririga/11.6.0?topic=pmm-facility-operating-current-replacement-value-crv-index-metric
OP,運用・保守管理,M055,施設運営の現在の再取得価額 (CRV) 指数,財務,Y,明記,格納先（ファクトBO）,triMetricFact,triBuildingFact,https://www.ibm.com/docs/ja/tririga/11.6.0?topic=pmm-facility-operating-current-replacement-value-crv-index-metric
OP,運用・保守管理,M059,メンテナンス・コスト/面積 ($/面積),財務,Y,明記,計算式,,メンテナンス・コスト合計 / 施設面積合計,https://www.ibm.com/docs/ja/tririga/11.6.0?topic=metrics-maintenance-costs-area-area-metric
OP,運用・保守管理,M059,メンテナンス・コスト/面積 ($/面積),財務,Y,明記,判定条件,メンテナンス・コスト合計,「コスト・タイプ」 = 「メンテナンス」でフィルタリングされた財務サマリー・テーブルの合計。 これには、公共料金、保全、地面などのすべてのメンテナンス関連コストの値が含まれます。,https://www.ibm.com/docs/ja/tririga/11.6.0?topic=metrics-maintenance-costs-area-area-metric
OP,運用・保守管理,M059,メンテナンス・コスト/面積 ($/面積),財務,Y,明記,従属データ,施設面積合計,建物の賃貸可能面積,https://www.ibm.com/docs/ja/tririga/11.6.0?topic=metrics-maintenance-costs-area-area-metric
OP,運用・保守管理,M059,メンテナンス・コスト/面積 ($/面積),財務,Y,明記,データを生む業務,,建物 (面積の計算),https://www.ibm.com/docs/ja/tririga/11.6.0?topic=metrics-maintenance-costs-area-area-metric
OP,運用・保守管理,M059,メンテナンス・コスト/面積 ($/面積),財務,Y,明記,データを生む業務,,外部の企業システムからの財務データ,https://www.ibm.com/docs/ja/tririga/11.6.0?topic=metrics-maintenance-costs-area-area-metric
OP,運用・保守管理,M059,メンテナンス・コスト/面積 ($/面積),財務,Y,明記,格納先（ファクトBO）,triMetricFact,triBuildingFact,https://www.ibm.com/docs/ja/tririga/11.6.0?topic=metrics-maintenance-costs-area-area-metric
OP,運用・保守管理,M060,メンテナンス・コスト / メンテナンス対象面積,財務,Y,明記,計算式,,メンテナンス・コスト合計 / メンテナンス対象面積合計,https://www.ibm.com/docs/ja/tririga/11.6.0?topic=metrics-maintenance-costs-area-maintained-metric
OP,運用・保守管理,M060,メンテナンス・コスト / メンテナンス対象面積,財務,Y,明記,判定条件,メンテナンス・コスト合計,「サービス・タイプ」 = 「メンテナンス」でフィルタリングされた財務サマリー・テーブルの合計。 これには、公共料金、保全、地面などのすべてのメンテナンス関連コストの値が含まれます。,https://www.ibm.com/docs/ja/tririga/11.6.0?topic=metrics-maintenance-costs-area-maintained-metric
OP,運用・保守管理,M060,メンテナンス・コスト / メンテナンス対象面積,財務,Y,明記,従属データ,メンテナンス対象面積合計,フロア・レコードで「メンテナンスされた床」フィールドが「TRUE」である面積の合計。,https://www.ibm.com/docs/ja/tririga/11.6.0?topic=metrics-maintenance-costs-area-maintained-metric
OP,運用・保守管理,M060,メンテナンス・コスト / メンテナンス対象面積,財務,Y,明記,データを生む業務,,建物 (面積の計算),https://www.ibm.com/docs/ja/tririga/11.6.0?topic=metrics-maintenance-costs-area-maintained-metric
OP,運用・保守管理,M060,メンテナンス・コスト / メンテナンス対象面積,財務,Y,明記,データを生む業務,,外部の企業システムからの財務データ,https://www.ibm.com/docs/ja/tririga/11.6.0?topic=metrics-maintenance-costs-area-maintained-metric
OP,運用・保守管理,M060,メンテナンス・コスト / メンテナンス対象面積,財務,Y,明記,格納先（ファクトBO）,triMetricFact,triBuildingFact,https://www.ibm.com/docs/ja/tririga/11.6.0?topic=metrics-maintenance-costs-area-maintained-metric
OP,運用・保守管理,M063,移動コスト ($/面積),財務,Y,推定（ロールから）,計算式,,移動コスト合計 / 面積合計,https://www.ibm.com/docs/ja/tririga/11.6.0?topic=metrics-move-cost-area-metric
OP,運用・保守管理,M063,移動コスト ($/面積),財務,Y,推定（ロールから）,従属データ,,財務サマリー・オブジェクトは運用コストのサマリー・データを提供します,https://www.ibm.com/docs/ja/tririga/11.6.0?topic=metrics-move-cost-area-metric
OP,運用・保守管理,M063,移動コスト ($/面積),財務,Y,推定（ロールから）,従属データ,面積,建物の賃貸可能面積 (平方フィートまたは平方メートル),https://www.ibm.com/docs/ja/tririga/11.6.0?topic=metrics-move-cost-area-metric
OP,運用・保守管理,M063,移動コスト ($/面積),財務,Y,推定（ロールから）,補足,,ファクト・テーブルでは、総面積と利用可能面積の値も取り込みます。,https://www.ibm.com/docs/ja/tririga/11.6.0?topic=metrics-move-cost-area-metric
OP,運用・保守管理,M063,移動コスト ($/面積),財務,Y,推定（ロールから）,格納先（ファクトBO）,triMetricFact,triBuildingFact,https://www.ibm.com/docs/ja/tririga/11.6.0?topic=metrics-move-cost-area-metric
OP,運用・保守管理,M066,My 目標どおりのサービス・コスト,稼働,,明記,計算式,,実際のタスク・コスト / 計画済みタスク・コスト,https://www.ibm.com/docs/ja/tririga/11.6.0?topic=metrics-my-target-service-costs-metric
OP,運用・保守管理,M066,My 目標どおりのサービス・コスト,稼働,,明記,従属データ,,タスク – 担当組織セクションを持つすべてのタスク・タイプを含む,https://www.ibm.com/docs/ja/tririga/11.6.0?topic=metrics-my-target-service-costs-metric
OP,運用・保守管理,M066,My 目標どおりのサービス・コスト,稼働,,明記,従属データ,,計画上のコスト、実コスト (完了またはクローズしたタスクについて),https://www.ibm.com/docs/ja/tririga/11.6.0?topic=metrics-my-target-service-costs-metric
OP,運用・保守管理,M066,My 目標どおりのサービス・コスト,稼働,,明記,データを生む業務,,タスク管理,https://www.ibm.com/docs/ja/tririga/11.6.0?topic=metrics-my-target-service-costs-metric
OP,運用・保守管理,M066,My 目標どおりのサービス・コスト,稼働,,明記,データを生む業務,,サービス管理,https://www.ibm.com/docs/ja/tririga/11.6.0?topic=metrics-my-target-service-costs-metric
OP,運用・保守管理,M066,My 目標どおりのサービス・コスト,稼働,,明記,データを生む業務,,サービス・マトリックス項目を持つ契約管理,https://www.ibm.com/docs/ja/tririga/11.6.0?topic=metrics-my-target-service-costs-metric
OP,運用・保守管理,M066,My 目標どおりのサービス・コスト,稼働,,明記,格納先（ファクトBO）,triMetricFact,triTaskDetailFact,https://www.ibm.com/docs/ja/tririga/11.6.0?topic=metrics-my-target-service-costs-metric
OP,運用・保守管理,M067,My 時間内のサービス対応度 (ターンアラウンド時間),稼働,,明記,計算式,,(「実際の完了日時」<=「ベースラインの予定日時」となる完了済みタスクの数) / 完了済みタスクの総数,https://www.ibm.com/docs/ja/tririga/11.6.0?topic=pmm-my-time-service-responsiveness-turn-around-time-metric
OP,運用・保守管理,M067,My 時間内のサービス対応度 (ターンアラウンド時間),稼働,,明記,補足,,タスク – ベースライン完了日、ベースライン予定日、完了/クローズ状況,https://www.ibm.com/docs/ja/tririga/11.6.0?topic=pmm-my-time-service-responsiveness-turn-around-time-metric
OP,運用・保守管理,M067,My 時間内のサービス対応度 (ターンアラウンド時間),稼働,,明記,データを生む業務,,タスク管理,https://www.ibm.com/docs/ja/tririga/11.6.0?topic=pmm-my-time-service-responsiveness-turn-around-time-metric
OP,運用・保守管理,M067,My 時間内のサービス対応度 (ターンアラウンド時間),稼働,,明記,データを生む業務,,サービス管理,https://www.ibm.com/docs/ja/tririga/11.6.0?topic=pmm-my-time-service-responsiveness-turn-around-time-metric
OP,運用・保守管理,M067,My 時間内のサービス対応度 (ターンアラウンド時間),稼働,,明記,データを生む業務,,サービス・マトリックス項目を持つ契約管理,https://www.ibm.com/docs/ja/tririga/11.6.0?topic=pmm-my-time-service-responsiveness-turn-around-time-metric
OP,運用・保守管理,M067,My 時間内のサービス対応度 (ターンアラウンド時間),稼働,,明記,格納先（ファクトBO）,triMetricFact,triTaskDetailFact,https://www.ibm.com/docs/ja/tririga/11.6.0?topic=pmm-my-time-service-responsiveness-turn-around-time-metric
OP,運用・保守管理,M068,My サービス満足度調査,カスタマー,Y,明記,計算式,,調査回答スコアの合計 / 調査の最大スコアの合計,https://www.ibm.com/docs/ja/tririga/11.6.0?topic=metrics-my-overall-customer-satisfaction-operations-metric
OP,運用・保守管理,M068,My サービス満足度調査,カスタマー,Y,明記,データを生む業務,,タスク管理,https://www.ibm.com/docs/ja/tririga/11.6.0?topic=metrics-my-overall-customer-satisfaction-operations-metric
OP,運用・保守管理,M068,My サービス満足度調査,カスタマー,Y,明記,データを生む業務,,サービス管理,https://www.ibm.com/docs/ja/tririga/11.6.0?topic=metrics-my-overall-customer-satisfaction-operations-metric
OP,運用・保守管理,M068,My サービス満足度調査,カスタマー,Y,明記,データを生む業務,,要求管理,https://www.ibm.com/docs/ja/tririga/11.6.0?topic=metrics-my-overall-customer-satisfaction-operations-metric
OP,運用・保守管理,M068,My サービス満足度調査,カスタマー,Y,明記,格納先（ファクトBO）,triMetricFact,triSurveyFact,https://www.ibm.com/docs/ja/tririga/11.6.0?topic=metrics-my-overall-customer-satisfaction-operations-metric
OP,運用・保守管理,M070,My サービス時間使用率,稼働,,明記,計算式,,タスク関連の時間エントリーの合計時間 / 合計標準時間 (作業スケジュールに基づく),https://www.ibm.com/docs/ja/tririga/11.6.0?topic=metrics-my-service-time-utilization-metric
OP,運用・保守管理,M070,My サービス時間使用率,稼働,,明記,判定条件,,タスク関連の時間エントリーの合計時間 = 該当する収集期間について関連付けられたタスクを持つ時間エントリーに記録された合計時間,https://www.ibm.com/docs/ja/tririga/11.6.0?topic=metrics-my-service-time-utilization-metric
OP,運用・保守管理,M070,My サービス時間使用率,稼働,,明記,判定条件,,時間エントリーの合計時間 = 該当する収集期間についてタスク関連の時間エントリー (分子) 内に収集された個人の作業スケジュールに基づく合計「標準」時間 (つまり 1 日 8 時間、週 40 時間),https://www.ibm.com/docs/ja/tririga/11.6.0?topic=metrics-my-service-time-utilization-metric
OP,運用・保守管理,M070,My サービス時間使用率,稼働,,明記,従属データ,,期間は時間ログの明細日付に基づきます (タイム・カード期間ではありません),https://www.ibm.com/docs/ja/tririga/11.6.0?topic=metrics-my-service-time-utilization-metric
OP,運用・保守管理,M070,My サービス時間使用率,稼働,,明記,従属データ,,組織、ロケーション、および地域は、タイム・カード・エントリーの従業員の関連付けに基づきます。,https://www.ibm.com/docs/ja/tririga/11.6.0?topic=metrics-my-service-time-utilization-metric
OP,運用・保守管理,M070,My サービス時間使用率,稼働,,明記,データを生む業務,,タスク管理,https://www.ibm.com/docs/ja/tririga/11.6.0?topic=metrics-my-service-time-utilization-metric
OP,運用・保守管理,M070,My サービス時間使用率,稼働,,明記,データを生む業務,,サービス管理,https://www.ibm.com/docs/ja/tririga/11.6.0?topic=metrics-my-service-time-utilization-metric
OP,運用・保守管理,M070,My サービス時間使用率,稼働,,明記,データを生む業務,,時間エントリー,https://www.ibm.com/docs/ja/tririga/11.6.0?topic=metrics-my-service-time-utilization-metric
OP,運用・保守管理,M070,My サービス時間使用率,稼働,,明記,格納先（ファクトBO）,triMetricFact,triResourceFact,https://www.ibm.com/docs/ja/tririga/11.6.0?topic=metrics-my-service-time-utilization-metric
OP,運用・保守管理,M073,目標どおりのサービス・コスト,稼働,Y,明記,計算式,,実際のタスク・コスト / 計画済みタスク・コスト,https://www.ibm.com/docs/ja/tririga/11.6.0?topic=metrics-target-service-costs-metric
OP,運用・保守管理,M073,目標どおりのサービス・コスト,稼働,Y,明記,従属データ,,タスク – 担当組織セクションを持つすべてのタスク・タイプを含む,https://www.ibm.com/docs/ja/tririga/11.6.0?topic=metrics-target-service-costs-metric
OP,運用・保守管理,M073,目標どおりのサービス・コスト,稼働,Y,明記,従属データ,,計画上のコスト、実コスト (完了またはクローズしたタスクについて),https://www.ibm.com/docs/ja/tririga/11.6.0?topic=metrics-target-service-costs-metric
OP,運用・保守管理,M073,目標どおりのサービス・コスト,稼働,Y,明記,データを生む業務,,タスク管理,https://www.ibm.com/docs/ja/tririga/11.6.0?topic=metrics-target-service-costs-metric
OP,運用・保守管理,M073,目標どおりのサービス・コスト,稼働,Y,明記,データを生む業務,,サービス管理,https://www.ibm.com/docs/ja/tririga/11.6.0?topic=metrics-target-service-costs-metric
OP,運用・保守管理,M073,目標どおりのサービス・コスト,稼働,Y,明記,データを生む業務,,サービス・マトリックス項目を持つ契約管理,https://www.ibm.com/docs/ja/tririga/11.6.0?topic=metrics-target-service-costs-metric
OP,運用・保守管理,M073,目標どおりのサービス・コスト,稼働,Y,明記,格納先（ファクトBO）,triMetricFact,triTaskResourceFact,https://www.ibm.com/docs/ja/tririga/11.6.0?topic=metrics-target-service-costs-metric
OP,運用・保守管理,M074,時間内のサービス対応度 (ターンアラウンド時間),稼働,Y,明記,計算式,,(「実際の完了日時」<=「ベースラインの予定日時」となる完了済みタスクの数) / 完了済みタスクの総数,https://www.ibm.com/docs/ja/tririga/11.6.0?topic=metrics-time-service-responsiveness-turn-around-time-metric
OP,運用・保守管理,M074,時間内のサービス対応度 (ターンアラウンド時間),稼働,Y,明記,補足,,タスク – ベースライン完了日、ベースライン予定日、完了/クローズ状況,https://www.ibm.com/docs/ja/tririga/11.6.0?topic=metrics-time-service-responsiveness-turn-around-time-metric
OP,運用・保守管理,M074,時間内のサービス対応度 (ターンアラウンド時間),稼働,Y,明記,データを生む業務,,タスク管理,https://www.ibm.com/docs/ja/tririga/11.6.0?topic=metrics-time-service-responsiveness-turn-around-time-metric
OP,運用・保守管理,M074,時間内のサービス対応度 (ターンアラウンド時間),稼働,Y,明記,データを生む業務,,サービス管理,https://www.ibm.com/docs/ja/tririga/11.6.0?topic=metrics-time-service-responsiveness-turn-around-time-metric
OP,運用・保守管理,M074,時間内のサービス対応度 (ターンアラウンド時間),稼働,Y,明記,データを生む業務,,サービス・マトリックス項目を持つ契約管理,https://www.ibm.com/docs/ja/tririga/11.6.0?topic=metrics-time-service-responsiveness-turn-around-time-metric
OP,運用・保守管理,M074,時間内のサービス対応度 (ターンアラウンド時間),稼働,Y,明記,格納先（ファクトBO）,triMetricFact,triTaskResourceFact,https://www.ibm.com/docs/ja/tririga/11.6.0?topic=metrics-time-service-responsiveness-turn-around-time-metric
OP,運用・保守管理,M075,運用コスト (実績 vs 予算),財務,Y,推定（ロールから）,計算式,,運用コスト (実績 vs 予算),https://www.ibm.com/docs/ja/tririga/11.6.0?topic=metrics-operating-cost-actual-vs-budget-metric
OP,運用・保守管理,M075,運用コスト (実績 vs 予算),財務,Y,推定（ロールから）,補足,,財務サマリー・オブジェクトは運用コスト合計のサマリー・データを提供します,https://www.ibm.com/docs/ja/tririga/11.6.0?topic=metrics-operating-cost-actual-vs-budget-metric
OP,運用・保守管理,M075,運用コスト (実績 vs 予算),財務,Y,推定（ロールから）,格納先（ファクトBO）,triMetricFact,triBuildingCostFact,https://www.ibm.com/docs/ja/tririga/11.6.0?topic=metrics-operating-cost-actual-vs-budget-metric
OP,運用・保守管理,M076,運用コスト (予算、実際、予測の比較),財務,Y,推定（ロールから）,計算式,,運用コスト (予算、実際、予測の比較),https://www.ibm.com/docs/ja/tririga/11.6.0?topic=pmm-operating-cost-budget-vs-actual-vs-forecast-metric
OP,運用・保守管理,M076,運用コスト (予算、実際、予測の比較),財務,Y,推定（ロールから）,補足,,財務サマリー・オブジェクトは運用コスト合計のサマリー・データを提供します。,https://www.ibm.com/docs/ja/tririga/11.6.0?topic=pmm-operating-cost-budget-vs-actual-vs-forecast-metric
OP,運用・保守管理,M076,運用コスト (予算、実際、予測の比較),財務,Y,推定（ロールから）,格納先（ファクトBO）,triMetricFact,triBuildingCostFact,https://www.ibm.com/docs/ja/tririga/11.6.0?topic=pmm-operating-cost-budget-vs-actual-vs-forecast-metric
OP,運用・保守管理,M078,外部委託率,分析レポート,Y,明記,計算式,,タスクの合計契約コスト / 合計タスク・コスト,https://www.ibm.com/docs/ja/tririga/11.6.0?topic=metrics-outsource-ratio-metric
OP,運用・保守管理,M078,外部委託率,分析レポート,Y,明記,判定条件,,タスクの合計契約コスト = タスクに関連付けられている担当組織が外部組織であるか、担当組織が社内の部門または機関あるいは作業グループであっても、リソースとして外部組織が指定されている場合の合計タスク・コスト。,https://www.ibm.com/docs/ja/tririga/11.6.0?topic=metrics-outsource-ratio-metric
OP,運用・保守管理,M078,外部委託率,分析レポート,Y,明記,判定条件,,合計タスク・コスト = すべてのタスクの合計コスト,https://www.ibm.com/docs/ja/tririga/11.6.0?topic=metrics-outsource-ratio-metric
OP,運用・保守管理,M078,外部委託率,分析レポート,Y,明記,データを生む業務,,タスク管理,https://www.ibm.com/docs/ja/tririga/11.6.0?topic=metrics-outsource-ratio-metric
OP,運用・保守管理,M078,外部委託率,分析レポート,Y,明記,データを生む業務,,サービス管理,https://www.ibm.com/docs/ja/tririga/11.6.0?topic=metrics-outsource-ratio-metric
OP,運用・保守管理,M078,外部委託率,分析レポート,Y,明記,格納先（ファクトBO）,triMetricFact,triTaskDetailFact,https://www.ibm.com/docs/ja/tririga/11.6.0?topic=metrics-outsource-ratio-metric
OP,運用・保守管理,M079,ワークプレース総合顧客満足度,カスタマー,Y,明記,計算式,,合計調査回答スコア / 合計調査質問予想スコア,https://www.ibm.com/docs/ja/tririga/11.6.0?topic=metrics-overall-customer-satisfaction-all-workplace-organizations-metric
OP,運用・保守管理,M079,ワークプレース総合顧客満足度,カスタマー,Y,明記,データを生む業務,,不動産業: RE ポートフォリオ・マネージャー評価および RE 優先プロバイダー評価のための不動産トランザクション管理,https://www.ibm.com/docs/ja/tririga/11.6.0?topic=metrics-overall-customer-satisfaction-all-workplace-organizations-metric
OP,運用・保守管理,M079,ワークプレース総合顧客満足度,カスタマー,Y,明記,データを生む業務,,施設管理: 施設サービスおよび移動サービス・プロバイダー評価のためのタスク管理、サービス管理、要求管理、移動管理,https://www.ibm.com/docs/ja/tririga/11.6.0?topic=metrics-overall-customer-satisfaction-all-workplace-organizations-metric
OP,運用・保守管理,M079,ワークプレース総合顧客満足度,カスタマー,Y,明記,データを生む業務,,運用管理: 運用サービス・プロバイダー評価のためのタスク管理、サービス管理、および要求管理,https://www.ibm.com/docs/ja/tririga/11.6.0?topic=metrics-overall-customer-satisfaction-all-workplace-organizations-metric
OP,運用・保守管理,M079,ワークプレース総合顧客満足度,カスタマー,Y,明記,格納先（ファクトBO）,triMetricFact,triSurveyFact,https://www.ibm.com/docs/ja/tririga/11.6.0?topic=metrics-overall-customer-satisfaction-all-workplace-organizations-metric
OP,運用・保守管理,M083,時間外使用率,稼働,,明記,計算式,,時間外勤務時間 / 合計時間,https://www.ibm.com/docs/ja/tririga/11.6.0?topic=metrics-overtime-utilization-rate-metric
OP,運用・保守管理,M083,時間外使用率,稼働,,明記,従属データ,,タイム・カードおよび時間エントリーから:,https://www.ibm.com/docs/ja/tririga/11.6.0?topic=metrics-overtime-utilization-rate-metric
OP,運用・保守管理,M083,時間外使用率,稼働,,明記,判定条件,時間外勤務時間,「時間タイプ」=「時間外勤務時間」の時間エントリー,https://www.ibm.com/docs/ja/tririga/11.6.0?topic=metrics-overtime-utilization-rate-metric
OP,運用・保守管理,M083,時間外使用率,稼働,,明記,判定条件,,時間エントリーの合計時間 = 該当する収集期間についてタスク関連の時間エントリー (分子) 内に収集された個人の作業スケジュールに基づく合計「標準」時間 (つまり 1 日 8 時間、週 40 時間) (triTask – 担当組織セクションを持つすべてのタスク・タイプを含む),https://www.ibm.com/docs/ja/tririga/11.6.0?topic=metrics-overtime-utilization-rate-metric
OP,運用・保守管理,M083,時間外使用率,稼働,,明記,従属データ,,期間は時間ログの明細日付に基づきます (タイム・カード期間ではありません),https://www.ibm.com/docs/ja/tririga/11.6.0?topic=metrics-overtime-utilization-rate-metric
OP,運用・保守管理,M083,時間外使用率,稼働,,明記,従属データ,,組織、ロケーション、および地域は、タイム・カード・エントリーの従業員の関連付けに基づきます。,https://www.ibm.com/docs/ja/tririga/11.6.0?topic=metrics-overtime-utilization-rate-metric
OP,運用・保守管理,M083,時間外使用率,稼働,,明記,データを生む業務,,タスク管理,https://www.ibm.com/docs/ja/tririga/11.6.0?topic=metrics-overtime-utilization-rate-metric
OP,運用・保守管理,M083,時間外使用率,稼働,,明記,データを生む業務,,サービス管理,https://www.ibm.com/docs/ja/tririga/11.6.0?topic=metrics-overtime-utilization-rate-metric
OP,運用・保守管理,M083,時間外使用率,稼働,,明記,データを生む業務,,時間エントリー,https://www.ibm.com/docs/ja/tririga/11.6.0?topic=metrics-overtime-utilization-rate-metric
OP,運用・保守管理,M083,時間外使用率,稼働,,明記,格納先（ファクトBO）,triMetricFact,triResourceFact,https://www.ibm.com/docs/ja/tririga/11.6.0?topic=metrics-overtime-utilization-rate-metric
OP,運用・保守管理,M087,予防保全タスク完了率,稼働,,明記,計算式,,完了した予防保全タスクの総数 / スケジュール済みの予防保全タスクの総数,https://www.ibm.com/docs/ja/tririga/11.6.0?topic=metrics-preventive-maintenance-task-completion-ratio-metric
OP,運用・保守管理,M087,予防保全タスク完了率,稼働,,明記,従属データ,完了した予防保全タスクの総数,「タスク・タイプ」が「予防」、「状況」が「完了」または「クローズ済み」、「計画上の終了」が収集期間内にある、完了した予防保全タスクの総数,https://www.ibm.com/docs/ja/tririga/11.6.0?topic=metrics-preventive-maintenance-task-completion-ratio-metric
OP,運用・保守管理,M087,予防保全タスク完了率,稼働,,明記,従属データ,スケジュール済みの予防保全タスクの総数,「タスク・タイプ」が「予防」、「状況」が「完了」、「クローズ済み」、または「計画」、「計画上の終了」が収集期間内にある、スケジュール済みの予防保全タスクの総数,https://www.ibm.com/docs/ja/tririga/11.6.0?topic=metrics-preventive-maintenance-task-completion-ratio-metric
OP,運用・保守管理,M087,予防保全タスク完了率,稼働,,明記,データを生む業務,,タスク管理,https://www.ibm.com/docs/ja/tririga/11.6.0?topic=metrics-preventive-maintenance-task-completion-ratio-metric
OP,運用・保守管理,M087,予防保全タスク完了率,稼働,,明記,データを生む業務,,サービス管理,https://www.ibm.com/docs/ja/tririga/11.6.0?topic=metrics-preventive-maintenance-task-completion-ratio-metric
OP,運用・保守管理,M087,予防保全タスク完了率,稼働,,明記,データを生む業務,,予防保全ジョブ計画,https://www.ibm.com/docs/ja/tririga/11.6.0?topic=metrics-preventive-maintenance-task-completion-ratio-metric
OP,運用・保守管理,M087,予防保全タスク完了率,稼働,,明記,データを生む業務,,PM スケジュール,https://www.ibm.com/docs/ja/tririga/11.6.0?topic=metrics-preventive-maintenance-task-completion-ratio-metric
OP,運用・保守管理,M087,予防保全タスク完了率,稼働,,明記,格納先（ファクトBO）,triMetricFact,triTaskDetailFact,https://www.ibm.com/docs/ja/tririga/11.6.0?topic=metrics-preventive-maintenance-task-completion-ratio-metric
OP,運用・保守管理,M088,予防保全コストと修理メンテナンス・コストとの比率,稼働,,明記,計算式,,完了済み予防タスクの合計コスト / 完了済み修理タスクの合計コスト,https://www.ibm.com/docs/ja/tririga/11.6.0?topic=metrics-preventive-maintenance-repair-maintenance-cost-ratio-metric
OP,運用・保守管理,M088,予防保全コストと修理メンテナンス・コストとの比率,稼働,,明記,従属データ,,「タスク・タイプ」が「予防」である完了済み予防タスクの合計コスト,https://www.ibm.com/docs/ja/tririga/11.6.0?topic=metrics-preventive-maintenance-repair-maintenance-cost-ratio-metric
OP,運用・保守管理,M088,予防保全コストと修理メンテナンス・コストとの比率,稼働,,明記,従属データ,,「タスク・タイプ」が「改良」である完了済みタスクの合計コスト,https://www.ibm.com/docs/ja/tririga/11.6.0?topic=metrics-preventive-maintenance-repair-maintenance-cost-ratio-metric
OP,運用・保守管理,M088,予防保全コストと修理メンテナンス・コストとの比率,稼働,,明記,データを生む業務,,タスク管理,https://www.ibm.com/docs/ja/tririga/11.6.0?topic=metrics-preventive-maintenance-repair-maintenance-cost-ratio-metric
OP,運用・保守管理,M088,予防保全コストと修理メンテナンス・コストとの比率,稼働,,明記,データを生む業務,,サービス管理,https://www.ibm.com/docs/ja/tririga/11.6.0?topic=metrics-preventive-maintenance-repair-maintenance-cost-ratio-metric
OP,運用・保守管理,M088,予防保全コストと修理メンテナンス・コストとの比率,稼働,,明記,データを生む業務,,予防保全ジョブ計画,https://www.ibm.com/docs/ja/tririga/11.6.0?topic=metrics-preventive-maintenance-repair-maintenance-cost-ratio-metric
OP,運用・保守管理,M088,予防保全コストと修理メンテナンス・コストとの比率,稼働,,明記,データを生む業務,,PM スケジュール,https://www.ibm.com/docs/ja/tririga/11.6.0?topic=metrics-preventive-maintenance-repair-maintenance-cost-ratio-metric
OP,運用・保守管理,M088,予防保全コストと修理メンテナンス・コストとの比率,稼働,,明記,格納先（ファクトBO）,triMetricFact,triTaskDetailFact,https://www.ibm.com/docs/ja/tririga/11.6.0?topic=metrics-preventive-maintenance-repair-maintenance-cost-ratio-metric
OP,運用・保守管理,M100,セキュリティー・コスト / メンテナンス対象面積,財務,Y,明記,計算式,,セキュリティー・コスト合計 / メンテナンス対象面積合計,https://www.ibm.com/docs/ja/tririga/11.6.0?topic=metrics-security-costs-area-maintained-metric
OP,運用・保守管理,M100,セキュリティー・コスト / メンテナンス対象面積,財務,Y,明記,従属データ,セキュリティー・コスト合計,「サービス・タイプ」が「セキュリティー関連備品」でフィルタリングされた財務サマリー・テーブルの合計。,https://www.ibm.com/docs/ja/tririga/11.6.0?topic=metrics-security-costs-area-maintained-metric
OP,運用・保守管理,M100,セキュリティー・コスト / メンテナンス対象面積,財務,Y,明記,従属データ,メンテナンス対象面積合計,フロア・レコードで「メンテナンスされた床」フィールドが「TRUE」である面積の合計。,https://www.ibm.com/docs/ja/tririga/11.6.0?topic=metrics-security-costs-area-maintained-metric
OP,運用・保守管理,M100,セキュリティー・コスト / メンテナンス対象面積,財務,Y,明記,データを生む業務,,建物 (面積の計算),https://www.ibm.com/docs/ja/tririga/11.6.0?topic=metrics-security-costs-area-maintained-metric
OP,運用・保守管理,M100,セキュリティー・コスト / メンテナンス対象面積,財務,Y,明記,データを生む業務,,外部の企業システムからの財務データ,https://www.ibm.com/docs/ja/tririga/11.6.0?topic=metrics-security-costs-area-maintained-metric
OP,運用・保守管理,M100,セキュリティー・コスト / メンテナンス対象面積,財務,Y,明記,格納先（ファクトBO）,triMetricFact,triBuildingFact,https://www.ibm.com/docs/ja/tririga/11.6.0?topic=metrics-security-costs-area-maintained-metric
OP,運用・保守管理,M101,サービス・タスク・コスト,分析レポート,Y,明記,計算式,,タスク・コストの合計,https://www.ibm.com/docs/ja/tririga/11.6.0?topic=metrics-service-task-cost-metric
OP,運用・保守管理,M101,サービス・タスク・コスト,分析レポート,Y,明記,補足,,タスク・コスト、サブタブ・データ照会用: 関連する建物総面積、関連するタスク組織 (要求者、責任者),https://www.ibm.com/docs/ja/tririga/11.6.0?topic=metrics-service-task-cost-metric
OP,運用・保守管理,M101,サービス・タスク・コスト,分析レポート,Y,明記,データを生む業務,,サービス管理,https://www.ibm.com/docs/ja/tririga/11.6.0?topic=metrics-service-task-cost-metric
OP,運用・保守管理,M101,サービス・タスク・コスト,分析レポート,Y,明記,データを生む業務,,サービス・タスク,https://www.ibm.com/docs/ja/tririga/11.6.0?topic=metrics-service-task-cost-metric
OP,運用・保守管理,M101,サービス・タスク・コスト,分析レポート,Y,明記,データを生む業務,,取り込まれたタスク・コスト・データ,https://www.ibm.com/docs/ja/tririga/11.6.0?topic=metrics-service-task-cost-metric
OP,運用・保守管理,M101,サービス・タスク・コスト,分析レポート,Y,明記,格納先（ファクトBO）,triMetricFact,triTaskResourceFact,https://www.ibm.com/docs/ja/tririga/11.6.0?topic=metrics-service-task-cost-metric
OP,運用・保守管理,M102,サービス・タスク・ボリューム,分析レポート,,明記,計算式,,タスク数,https://www.ibm.com/docs/ja/tririga/11.6.0?topic=metrics-service-task-volume-metric
OP,運用・保守管理,M102,サービス・タスク・ボリューム,分析レポート,,明記,補足,,タスク・オブジェクトとタスク・コストのための関連するデータ、ロケーション、および建物データ,https://www.ibm.com/docs/ja/tririga/11.6.0?topic=metrics-service-task-volume-metric
OP,運用・保守管理,M102,サービス・タスク・ボリューム,分析レポート,,明記,データを生む業務,,サービス管理,https://www.ibm.com/docs/ja/tririga/11.6.0?topic=metrics-service-task-volume-metric
OP,運用・保守管理,M102,サービス・タスク・ボリューム,分析レポート,,明記,データを生む業務,,サービス・タスク,https://www.ibm.com/docs/ja/tririga/11.6.0?topic=metrics-service-task-volume-metric
OP,運用・保守管理,M102,サービス・タスク・ボリューム,分析レポート,,明記,格納先（ファクトBO）,triMetricFact,triTaskResourceFact,https://www.ibm.com/docs/ja/tririga/11.6.0?topic=metrics-service-task-volume-metric
OP,運用・保守管理,M103,サービス時間使用率,稼働,Y,明記,計算式,,タスクの合計時間 / 合計標準時間 (作業スケジュールに基づく),https://www.ibm.com/docs/ja/tririga/11.6.0?topic=metrics-service-time-utilization-metric
OP,運用・保守管理,M103,サービス時間使用率,稼働,Y,明記,判定条件,,タスク関連の時間エントリーの合計時間 = 該当する収集期間について関連付けられたタスクを持つ時間エントリーに記録された合計時間。,https://www.ibm.com/docs/ja/tririga/11.6.0?topic=metrics-service-time-utilization-metric
OP,運用・保守管理,M103,サービス時間使用率,稼働,Y,明記,判定条件,,時間エントリーの合計時間 = 該当する収集期間についてタスク関連の時間エントリー (分子) 内に収集された個人の作業スケジュールに基づく合計「標準」時間 (つまり 1 日 8 時間、週 40 時間など),https://www.ibm.com/docs/ja/tririga/11.6.0?topic=metrics-service-time-utilization-metric
OP,運用・保守管理,M103,サービス時間使用率,稼働,Y,明記,従属データ,,期間は時間ログの明細日付に基づきます (タイム・カード期間ではありません)。,https://www.ibm.com/docs/ja/tririga/11.6.0?topic=metrics-service-time-utilization-metric
OP,運用・保守管理,M103,サービス時間使用率,稼働,Y,明記,従属データ,,組織、ロケーション、および地域は、タイム・カード・エントリーの従業員の関連付けに基づきます。,https://www.ibm.com/docs/ja/tririga/11.6.0?topic=metrics-service-time-utilization-metric
OP,運用・保守管理,M103,サービス時間使用率,稼働,Y,明記,データを生む業務,,タスク管理,https://www.ibm.com/docs/ja/tririga/11.6.0?topic=metrics-service-time-utilization-metric
OP,運用・保守管理,M103,サービス時間使用率,稼働,Y,明記,データを生む業務,,サービス管理,https://www.ibm.com/docs/ja/tririga/11.6.0?topic=metrics-service-time-utilization-metric
OP,運用・保守管理,M103,サービス時間使用率,稼働,Y,明記,データを生む業務,,時間エントリー,https://www.ibm.com/docs/ja/tririga/11.6.0?topic=metrics-service-time-utilization-metric
OP,運用・保守管理,M103,サービス時間使用率,稼働,Y,明記,格納先（ファクトBO）,triMetricFact,triResourceFact,https://www.ibm.com/docs/ja/tririga/11.6.0?topic=metrics-service-time-utilization-metric
OP,運用・保守管理,M104,サービス顧客満足度 - 運営,カスタマー,Y,明記,計算式,,調査回答スコアの合計 / 調査の最大スコアの合計,https://www.ibm.com/docs/ja/tririga/11.6.0?topic=metrics-services-customer-satisfaction-operations-metric
OP,運用・保守管理,M104,サービス顧客満足度 - 運営,カスタマー,Y,明記,データを生む業務,,タスク管理,https://www.ibm.com/docs/ja/tririga/11.6.0?topic=metrics-services-customer-satisfaction-operations-metric
OP,運用・保守管理,M104,サービス顧客満足度 - 運営,カスタマー,Y,明記,データを生む業務,,サービス管理,https://www.ibm.com/docs/ja/tririga/11.6.0?topic=metrics-services-customer-satisfaction-operations-metric
OP,運用・保守管理,M104,サービス顧客満足度 - 運営,カスタマー,Y,明記,データを生む業務,,要求管理,https://www.ibm.com/docs/ja/tririga/11.6.0?topic=metrics-services-customer-satisfaction-operations-metric
OP,運用・保守管理,M104,サービス顧客満足度 - 運営,カスタマー,Y,明記,格納先（ファクトBO）,triMetricFact,triSurveyFact,https://www.ibm.com/docs/ja/tririga/11.6.0?topic=metrics-services-customer-satisfaction-operations-metric
OP,運用・保守管理,M110,時間使用率サマリー (タイム・カード追跡),分析レポート,Y,明記,計算式,,時間エントリー時間の合計,https://www.ibm.com/docs/ja/tririga/11.6.0?topic=metrics-time-utilization-summary-metric
OP,運用・保守管理,M110,時間使用率サマリー (タイム・カード追跡),分析レポート,Y,明記,データを生む業務,,操作,https://www.ibm.com/docs/ja/tririga/11.6.0?topic=metrics-time-utilization-summary-metric
OP,運用・保守管理,M110,時間使用率サマリー (タイム・カード追跡),分析レポート,Y,明記,データを生む業務,,タイム・カード,https://www.ibm.com/docs/ja/tririga/11.6.0?topic=metrics-time-utilization-summary-metric
OP,運用・保守管理,M110,時間使用率サマリー (タイム・カード追跡),分析レポート,Y,明記,格納先（ファクトBO）,triMetricFact,triTimeEntryFact,https://www.ibm.com/docs/ja/tririga/11.6.0?topic=metrics-time-utilization-summary-metric
OP,運用・保守管理,M113,合計占有コスト (TCO) ($/面積),財務,Y,推定（ロールから）,計算式,,(運用コスト合計 + 固定資産提供コスト) / 合計賃貸可能面積,https://www.ibm.com/docs/ja/tririga/11.6.0?topic=metrics-total-occupancy-cost-tco-area-metric
OP,運用・保守管理,M113,合計占有コスト (TCO) ($/面積),財務,Y,推定（ロールから）,従属データ,,財務サマリー・オブジェクトは運用コストのサマリー・データを提供します,https://www.ibm.com/docs/ja/tririga/11.6.0?topic=metrics-total-occupancy-cost-tco-area-metric
OP,運用・保守管理,M113,合計占有コスト (TCO) ($/面積),財務,Y,推定（ロールから）,従属データ,面積,建物の賃貸可能面積 (平方フィートまたは平方メートル),https://www.ibm.com/docs/ja/tririga/11.6.0?topic=metrics-total-occupancy-cost-tco-area-metric
OP,運用・保守管理,M113,合計占有コスト (TCO) ($/面積),財務,Y,推定（ロールから）,補足,,ファクト・テーブルでは、総面積と利用可能面積の値も取り込みます。,https://www.ibm.com/docs/ja/tririga/11.6.0?topic=metrics-total-occupancy-cost-tco-area-metric
OP,運用・保守管理,M113,合計占有コスト (TCO) ($/面積),財務,Y,推定（ロールから）,格納先（ファクトBO）,triMetricFact,triBuildingFact,https://www.ibm.com/docs/ja/tririga/11.6.0?topic=metrics-total-occupancy-cost-tco-area-metric
OP,運用・保守管理,M114,合計占有コスト (TCO) ($/人),財務,Y,推定（ロールから）,計算式,,(運用コスト合計 + 固定資産提供コスト) / 作業者数の合計,https://www.ibm.com/docs/ja/tririga/11.6.0?topic=metrics-total-occupancy-cost-tco-person-metric
OP,運用・保守管理,M114,合計占有コスト (TCO) ($/人),財務,Y,推定（ロールから）,従属データ,,財務サマリー・オブジェクトは運用コスト合計のサマリー・データを提供します,https://www.ibm.com/docs/ja/tririga/11.6.0?topic=metrics-total-occupancy-cost-tco-person-metric
OP,運用・保守管理,M114,合計占有コスト (TCO) ($/人),財務,Y,推定（ロールから）,従属データ,作業者,スペースに割り当てられる人。,https://www.ibm.com/docs/ja/tririga/11.6.0?topic=metrics-total-occupancy-cost-tco-person-metric
OP,運用・保守管理,M114,合計占有コスト (TCO) ($/人),財務,Y,推定（ロールから）,格納先（ファクトBO）,triMetricFact,triBuildingFact,https://www.ibm.com/docs/ja/tririga/11.6.0?topic=metrics-total-occupancy-cost-tco-person-metric
OP,運用・保守管理,M115,合計占有コスト (TCO) (サービス・タイプ別),財務,Y,推定（ロールから）,計算式,,運用コスト合計 + 固定資産提供コスト,https://www.ibm.com/docs/ja/tririga/11.6.0?topic=pmm-total-occupancy-cost-tco-by-service-type-metric
OP,運用・保守管理,M115,合計占有コスト (TCO) (サービス・タイプ別),財務,Y,推定（ロールから）,補足,,財務サマリー・オブジェクトは運用コスト合計のサマリー・データを提供します,https://www.ibm.com/docs/ja/tririga/11.6.0?topic=pmm-total-occupancy-cost-tco-by-service-type-metric
OP,運用・保守管理,M115,合計占有コスト (TCO) (サービス・タイプ別),財務,Y,推定（ロールから）,格納先（ファクトBO）,triMetricFact,triBuildingCostFact,https://www.ibm.com/docs/ja/tririga/11.6.0?topic=pmm-total-occupancy-cost-tco-by-service-type-metric
OP,運用・保守管理,M116,公共料金 / 面積 ($/面積),財務,Y,明記,計算式,,公共料金合計 / 施設面積合計,https://www.ibm.com/docs/ja/tririga/11.6.0?topic=metrics-utilities-costs-area-area-metric
OP,運用・保守管理,M116,公共料金 / 面積 ($/面積),財務,Y,明記,従属データ,公共料金合計,「コスト・タイプ」が「公共料金」でフィルタリングされた財務サマリー・テーブルの合計。,https://www.ibm.com/docs/ja/tririga/11.6.0?topic=metrics-utilities-costs-area-area-metric
OP,運用・保守管理,M116,公共料金 / 面積 ($/面積),財務,Y,明記,従属データ,合計面積,建物の賃貸可能面積,https://www.ibm.com/docs/ja/tririga/11.6.0?topic=metrics-utilities-costs-area-area-metric
OP,運用・保守管理,M116,公共料金 / 面積 ($/面積),財務,Y,明記,データを生む業務,,建物 (面積の計算),https://www.ibm.com/docs/ja/tririga/11.6.0?topic=metrics-utilities-costs-area-area-metric
OP,運用・保守管理,M116,公共料金 / 面積 ($/面積),財務,Y,明記,データを生む業務,,外部の企業システムからの財務データ,https://www.ibm.com/docs/ja/tririga/11.6.0?topic=metrics-utilities-costs-area-area-metric
OP,運用・保守管理,M116,公共料金 / 面積 ($/面積),財務,Y,明記,格納先（ファクトBO）,triMetricFact,triBuildingFact,https://www.ibm.com/docs/ja/tririga/11.6.0?topic=metrics-utilities-costs-area-area-metric
OP,運用・保守管理,M122,作業配分率,稼働,,明記,計算式,,タスク・タイプごとの完了済みタスクの合計コスト / 完了済みタスクの合計コスト,https://www.ibm.com/docs/ja/tririga/11.6.0?topic=metrics-work-distribution-ratio-metric
OP,運用・保守管理,M122,作業配分率,稼働,,明記,従属データ,,タスク・タイプ別の完了タスクの合計コスト,https://www.ibm.com/docs/ja/tririga/11.6.0?topic=metrics-work-distribution-ratio-metric
OP,運用・保守管理,M122,作業配分率,稼働,,明記,従属データ,,完了タスクの合計コスト,https://www.ibm.com/docs/ja/tririga/11.6.0?topic=metrics-work-distribution-ratio-metric
OP,運用・保守管理,M122,作業配分率,稼働,,明記,データを生む業務,,タスク管理,https://www.ibm.com/docs/ja/tririga/11.6.0?topic=metrics-work-distribution-ratio-metric
OP,運用・保守管理,M122,作業配分率,稼働,,明記,データを生む業務,,サービス管理,https://www.ibm.com/docs/ja/tririga/11.6.0?topic=metrics-work-distribution-ratio-metric
OP,運用・保守管理,M122,作業配分率,稼働,,明記,格納先（ファクトBO）,triMetricFact,triTaskResourceFact,https://www.ibm.com/docs/ja/tririga/11.6.0?topic=metrics-work-distribution-ratio-metric
RC,リクエスト・セントラル,M068,My サービス満足度調査,カスタマー,Y,明記,計算式,,調査回答スコアの合計 / 調査の最大スコアの合計,https://www.ibm.com/docs/ja/tririga/11.6.0?topic=metrics-my-overall-customer-satisfaction-operations-metric
RC,リクエスト・セントラル,M068,My サービス満足度調査,カスタマー,Y,明記,データを生む業務,,タスク管理,https://www.ibm.com/docs/ja/tririga/11.6.0?topic=metrics-my-overall-customer-satisfaction-operations-metric
RC,リクエスト・セントラル,M068,My サービス満足度調査,カスタマー,Y,明記,データを生む業務,,サービス管理,https://www.ibm.com/docs/ja/tririga/11.6.0?topic=metrics-my-overall-customer-satisfaction-operations-metric
RC,リクエスト・セントラル,M068,My サービス満足度調査,カスタマー,Y,明記,データを生む業務,,要求管理,https://www.ibm.com/docs/ja/tririga/11.6.0?topic=metrics-my-overall-customer-satisfaction-operations-metric
RC,リクエスト・セントラル,M068,My サービス満足度調査,カスタマー,Y,明記,格納先（ファクトBO）,triMetricFact,triSurveyFact,https://www.ibm.com/docs/ja/tririga/11.6.0?topic=metrics-my-overall-customer-satisfaction-operations-metric
RC,リクエスト・セントラル,M070,My サービス時間使用率,稼働,,明記,計算式,,タスク関連の時間エントリーの合計時間 / 合計標準時間 (作業スケジュールに基づく),https://www.ibm.com/docs/ja/tririga/11.6.0?topic=metrics-my-service-time-utilization-metric
RC,リクエスト・セントラル,M070,My サービス時間使用率,稼働,,明記,判定条件,,タスク関連の時間エントリーの合計時間 = 該当する収集期間について関連付けられたタスクを持つ時間エントリーに記録された合計時間,https://www.ibm.com/docs/ja/tririga/11.6.0?topic=metrics-my-service-time-utilization-metric
RC,リクエスト・セントラル,M070,My サービス時間使用率,稼働,,明記,判定条件,,時間エントリーの合計時間 = 該当する収集期間についてタスク関連の時間エントリー (分子) 内に収集された個人の作業スケジュールに基づく合計「標準」時間 (つまり 1 日 8 時間、週 40 時間),https://www.ibm.com/docs/ja/tririga/11.6.0?topic=metrics-my-service-time-utilization-metric
RC,リクエスト・セントラル,M070,My サービス時間使用率,稼働,,明記,従属データ,,期間は時間ログの明細日付に基づきます (タイム・カード期間ではありません),https://www.ibm.com/docs/ja/tririga/11.6.0?topic=metrics-my-service-time-utilization-metric
RC,リクエスト・セントラル,M070,My サービス時間使用率,稼働,,明記,従属データ,,組織、ロケーション、および地域は、タイム・カード・エントリーの従業員の関連付けに基づきます。,https://www.ibm.com/docs/ja/tririga/11.6.0?topic=metrics-my-service-time-utilization-metric
RC,リクエスト・セントラル,M070,My サービス時間使用率,稼働,,明記,データを生む業務,,タスク管理,https://www.ibm.com/docs/ja/tririga/11.6.0?topic=metrics-my-service-time-utilization-metric
RC,リクエスト・セントラル,M070,My サービス時間使用率,稼働,,明記,データを生む業務,,サービス管理,https://www.ibm.com/docs/ja/tririga/11.6.0?topic=metrics-my-service-time-utilization-metric
RC,リクエスト・セントラル,M070,My サービス時間使用率,稼働,,明記,データを生む業務,,時間エントリー,https://www.ibm.com/docs/ja/tririga/11.6.0?topic=metrics-my-service-time-utilization-metric
RC,リクエスト・セントラル,M070,My サービス時間使用率,稼働,,明記,格納先（ファクトBO）,triMetricFact,triResourceFact,https://www.ibm.com/docs/ja/tririga/11.6.0?topic=metrics-my-service-time-utilization-metric
RC,リクエスト・セントラル,M083,時間外使用率,稼働,,明記,計算式,,時間外勤務時間 / 合計時間,https://www.ibm.com/docs/ja/tririga/11.6.0?topic=metrics-overtime-utilization-rate-metric
RC,リクエスト・セントラル,M083,時間外使用率,稼働,,明記,従属データ,,タイム・カードおよび時間エントリーから:,https://www.ibm.com/docs/ja/tririga/11.6.0?topic=metrics-overtime-utilization-rate-metric
RC,リクエスト・セントラル,M083,時間外使用率,稼働,,明記,判定条件,時間外勤務時間,「時間タイプ」=「時間外勤務時間」の時間エントリー,https://www.ibm.com/docs/ja/tririga/11.6.0?topic=metrics-overtime-utilization-rate-metric
RC,リクエスト・セントラル,M083,時間外使用率,稼働,,明記,判定条件,,時間エントリーの合計時間 = 該当する収集期間についてタスク関連の時間エントリー (分子) 内に収集された個人の作業スケジュールに基づく合計「標準」時間 (つまり 1 日 8 時間、週 40 時間) (triTask – 担当組織セクションを持つすべてのタスク・タイプを含む),https://www.ibm.com/docs/ja/tririga/11.6.0?topic=metrics-overtime-utilization-rate-metric
RC,リクエスト・セントラル,M083,時間外使用率,稼働,,明記,従属データ,,期間は時間ログの明細日付に基づきます (タイム・カード期間ではありません),https://www.ibm.com/docs/ja/tririga/11.6.0?topic=metrics-overtime-utilization-rate-metric
RC,リクエスト・セントラル,M083,時間外使用率,稼働,,明記,従属データ,,組織、ロケーション、および地域は、タイム・カード・エントリーの従業員の関連付けに基づきます。,https://www.ibm.com/docs/ja/tririga/11.6.0?topic=metrics-overtime-utilization-rate-metric
RC,リクエスト・セントラル,M083,時間外使用率,稼働,,明記,データを生む業務,,タスク管理,https://www.ibm.com/docs/ja/tririga/11.6.0?topic=metrics-overtime-utilization-rate-metric
RC,リクエスト・セントラル,M083,時間外使用率,稼働,,明記,データを生む業務,,サービス管理,https://www.ibm.com/docs/ja/tririga/11.6.0?topic=metrics-overtime-utilization-rate-metric
RC,リクエスト・セントラル,M083,時間外使用率,稼働,,明記,データを生む業務,,時間エントリー,https://www.ibm.com/docs/ja/tririga/11.6.0?topic=metrics-overtime-utilization-rate-metric
RC,リクエスト・セントラル,M083,時間外使用率,稼働,,明記,格納先（ファクトBO）,triMetricFact,triResourceFact,https://www.ibm.com/docs/ja/tririga/11.6.0?topic=metrics-overtime-utilization-rate-metric
RC,リクエスト・セントラル,M103,サービス時間使用率,稼働,Y,明記,計算式,,タスクの合計時間 / 合計標準時間 (作業スケジュールに基づく),https://www.ibm.com/docs/ja/tririga/11.6.0?topic=metrics-service-time-utilization-metric
RC,リクエスト・セントラル,M103,サービス時間使用率,稼働,Y,明記,判定条件,,タスク関連の時間エントリーの合計時間 = 該当する収集期間について関連付けられたタスクを持つ時間エントリーに記録された合計時間。,https://www.ibm.com/docs/ja/tririga/11.6.0?topic=metrics-service-time-utilization-metric
RC,リクエスト・セントラル,M103,サービス時間使用率,稼働,Y,明記,判定条件,,時間エントリーの合計時間 = 該当する収集期間についてタスク関連の時間エントリー (分子) 内に収集された個人の作業スケジュールに基づく合計「標準」時間 (つまり 1 日 8 時間、週 40 時間など),https://www.ibm.com/docs/ja/tririga/11.6.0?topic=metrics-service-time-utilization-metric
RC,リクエスト・セントラル,M103,サービス時間使用率,稼働,Y,明記,従属データ,,期間は時間ログの明細日付に基づきます (タイム・カード期間ではありません)。,https://www.ibm.com/docs/ja/tririga/11.6.0?topic=metrics-service-time-utilization-metric
RC,リクエスト・セントラル,M103,サービス時間使用率,稼働,Y,明記,従属データ,,組織、ロケーション、および地域は、タイム・カード・エントリーの従業員の関連付けに基づきます。,https://www.ibm.com/docs/ja/tririga/11.6.0?topic=metrics-service-time-utilization-metric
RC,リクエスト・セントラル,M103,サービス時間使用率,稼働,Y,明記,データを生む業務,,タスク管理,https://www.ibm.com/docs/ja/tririga/11.6.0?topic=metrics-service-time-utilization-metric
RC,リクエスト・セントラル,M103,サービス時間使用率,稼働,Y,明記,データを生む業務,,サービス管理,https://www.ibm.com/docs/ja/tririga/11.6.0?topic=metrics-service-time-utilization-metric
RC,リクエスト・セントラル,M103,サービス時間使用率,稼働,Y,明記,データを生む業務,,時間エントリー,https://www.ibm.com/docs/ja/tririga/11.6.0?topic=metrics-service-time-utilization-metric
RC,リクエスト・セントラル,M103,サービス時間使用率,稼働,Y,明記,格納先（ファクトBO）,triMetricFact,triResourceFact,https://www.ibm.com/docs/ja/tririga/11.6.0?topic=metrics-service-time-utilization-metric
RC,リクエスト・セントラル,M104,サービス顧客満足度 - 運営,カスタマー,Y,明記,計算式,,調査回答スコアの合計 / 調査の最大スコアの合計,https://www.ibm.com/docs/ja/tririga/11.6.0?topic=metrics-services-customer-satisfaction-operations-metric
RC,リクエスト・セントラル,M104,サービス顧客満足度 - 運営,カスタマー,Y,明記,データを生む業務,,タスク管理,https://www.ibm.com/docs/ja/tririga/11.6.0?topic=metrics-services-customer-satisfaction-operations-metric
RC,リクエスト・セントラル,M104,サービス顧客満足度 - 運営,カスタマー,Y,明記,データを生む業務,,サービス管理,https://www.ibm.com/docs/ja/tririga/11.6.0?topic=metrics-services-customer-satisfaction-operations-metric
RC,リクエスト・セントラル,M104,サービス顧客満足度 - 運営,カスタマー,Y,明記,データを生む業務,,要求管理,https://www.ibm.com/docs/ja/tririga/11.6.0?topic=metrics-services-customer-satisfaction-operations-metric
RC,リクエスト・セントラル,M104,サービス顧客満足度 - 運営,カスタマー,Y,明記,格納先（ファクトBO）,triMetricFact,triSurveyFact,https://www.ibm.com/docs/ja/tririga/11.6.0?topic=metrics-services-customer-satisfaction-operations-metric
CP,資本プロジェクト管理,M015,予算に対する変更要求 (資本プロジェクトのみ),財務,Y,推定（ロールから）,計算式,,プロジェクト合計変更要求 / 現行プロジェクト予算,https://www.ibm.com/docs/ja/tririga/11.6.0?topic=metrics-change-orders-budget-metric
CP,資本プロジェクト管理,M015,予算に対する変更要求 (資本プロジェクトのみ),財務,Y,推定（ロールから）,格納先（ファクトBO）,triMetricFact,triCapitalProjectFact,https://www.ibm.com/docs/ja/tririga/11.6.0?topic=metrics-change-orders-budget-metric
CP,資本プロジェクト管理,M016,契約に対する変更要求,財務,Y,推定（ロールから）,計算式,,契約変更要求の合計金額 / 契約の元のコミットメント,https://www.ibm.com/docs/ja/tririga/11.6.0?topic=metrics-change-orders-contract-metric
CP,資本プロジェクト管理,M016,契約に対する変更要求,財務,Y,推定（ロールから）,判定条件,,契約変更要求の合計金額 = 契約ごとの各変更要求の「変更額」の合計,https://www.ibm.com/docs/ja/tririga/11.6.0?topic=metrics-change-orders-contract-metric
CP,資本プロジェクト管理,M016,契約に対する変更要求,財務,Y,推定（ロールから）,判定条件,,契約の元のコミットメント = 「契約の一般情報 (Contract General)」ページの「サマリー」セクションの「A. 元のコミットメント」の金額,https://www.ibm.com/docs/ja/tririga/11.6.0?topic=metrics-change-orders-contract-metric
CP,資本プロジェクト管理,M016,契約に対する変更要求,財務,Y,推定（ロールから）,格納先（ファクトBO）,triMetricFact,triCapitalProjectContractFact,https://www.ibm.com/docs/ja/tririga/11.6.0?topic=metrics-change-orders-contract-metric
CP,資本プロジェクト管理,M020,契約期限内完了率,稼働,Y,推定（ロールから）,計算式,,オンタイムに完了した契約の合計数 / 契約の合計数,https://www.ibm.com/docs/ja/tririga/11.6.0?topic=metrics-contract-time-completion-rate-metric
CP,資本プロジェクト管理,M020,契約期限内完了率,稼働,Y,推定（ロールから）,判定条件,,オンタイムに完了した契約 = 実際の終了日 (triFinalCompletionDA) < 計画上の終了日 (triContractEndDA),https://www.ibm.com/docs/ja/tririga/11.6.0?topic=metrics-contract-time-completion-rate-metric
CP,資本プロジェクト管理,M020,契約期限内完了率,稼働,Y,推定（ロールから）,格納先（ファクトBO）,triMetricFact,triCapitalProjectContractFact,https://www.ibm.com/docs/ja/tririga/11.6.0?topic=metrics-contract-time-completion-rate-metric
CP,資本プロジェクト管理,M028,現在の予算対予測,財務,Y,明記,計算式,,プロジェクト予算 / 最終予算予測,https://www.ibm.com/docs/ja/tririga/11.6.0?topic=metrics-current-budget-forecast-metric
CP,資本プロジェクト管理,M028,現在の予算対予測,財務,Y,明記,データを生む業務,,資本プロジェクト,https://www.ibm.com/docs/ja/tririga/11.6.0?topic=metrics-current-budget-forecast-metric
CP,資本プロジェクト管理,M028,現在の予算対予測,財務,Y,明記,データを生む業務,,予算,https://www.ibm.com/docs/ja/tririga/11.6.0?topic=metrics-current-budget-forecast-metric
CP,資本プロジェクト管理,M028,現在の予算対予測,財務,Y,明記,データを生む業務,,変更要求管理,https://www.ibm.com/docs/ja/tririga/11.6.0?topic=metrics-current-budget-forecast-metric
CP,資本プロジェクト管理,M028,現在の予算対予測,財務,Y,明記,格納先（ファクトBO）,triMetricFact,triCapitalProjectFact,https://www.ibm.com/docs/ja/tririga/11.6.0?topic=metrics-current-budget-forecast-metric
CP,資本プロジェクト管理,M054,環境プロジェクト効率比 (USD/トン CO2),環境,,明記,計算式,,環境プロジェクトおよびタスクの合計コスト / 炭素排出量の節減の合計 (USD/トン kWh/年),https://www.ibm.com/docs/ja/tririga/11.6.0?topic=pmm-environmental-project-efficiency-ratio-usd-tons-co2-metric
CP,資本プロジェクト管理,M054,環境プロジェクト効率比 (USD/トン CO2),環境,,明記,データを生む業務,,プロジェクト管理,https://www.ibm.com/docs/ja/tririga/11.6.0?topic=pmm-environmental-project-efficiency-ratio-usd-tons-co2-metric
CP,資本プロジェクト管理,M054,環境プロジェクト効率比 (USD/トン CO2),環境,,明記,データを生む業務,,タスク管理,https://www.ibm.com/docs/ja/tririga/11.6.0?topic=pmm-environmental-project-efficiency-ratio-usd-tons-co2-metric
CP,資本プロジェクト管理,M054,環境プロジェクト効率比 (USD/トン CO2),環境,,明記,データを生む業務,,炭素フットプリント・ログ,https://www.ibm.com/docs/ja/tririga/11.6.0?topic=pmm-environmental-project-efficiency-ratio-usd-tons-co2-metric
CP,資本プロジェクト管理,M054,環境プロジェクト効率比 (USD/トン CO2),環境,,明記,格納先（ファクトBO）,triMetricFact,triCapitalProjectFact,https://www.ibm.com/docs/ja/tririga/11.6.0?topic=pmm-environmental-project-efficiency-ratio-usd-tons-co2-metric
CP,資本プロジェクト管理,M063,移動コスト ($/面積),財務,Y,推定（ロールから）,計算式,,移動コスト合計 / 面積合計,https://www.ibm.com/docs/ja/tririga/11.6.0?topic=metrics-move-cost-area-metric
CP,資本プロジェクト管理,M063,移動コスト ($/面積),財務,Y,推定（ロールから）,従属データ,,財務サマリー・オブジェクトは運用コストのサマリー・データを提供します,https://www.ibm.com/docs/ja/tririga/11.6.0?topic=metrics-move-cost-area-metric
CP,資本プロジェクト管理,M063,移動コスト ($/面積),財務,Y,推定（ロールから）,従属データ,面積,建物の賃貸可能面積 (平方フィートまたは平方メートル),https://www.ibm.com/docs/ja/tririga/11.6.0?topic=metrics-move-cost-area-metric
CP,資本プロジェクト管理,M063,移動コスト ($/面積),財務,Y,推定（ロールから）,補足,,ファクト・テーブルでは、総面積と利用可能面積の値も取り込みます。,https://www.ibm.com/docs/ja/tririga/11.6.0?topic=metrics-move-cost-area-metric
CP,資本プロジェクト管理,M063,移動コスト ($/面積),財務,Y,推定（ロールから）,格納先（ファクトBO）,triMetricFact,triBuildingFact,https://www.ibm.com/docs/ja/tririga/11.6.0?topic=metrics-move-cost-area-metric
CP,資本プロジェクト管理,M064,移動コスト ($/移動された人物),財務,Y,推定（ロールから）,計算式,,移動コスト合計 / 移動された人物の合計,https://www.ibm.com/docs/ja/tririga/11.6.0?topic=metrics-move-cost-person-moved-metric
CP,資本プロジェクト管理,M064,移動コスト ($/移動された人物),財務,Y,推定（ロールから）,従属データ,コスト,移動プロジェクトの実コスト,https://www.ibm.com/docs/ja/tririga/11.6.0?topic=metrics-move-cost-person-moved-metric
CP,資本プロジェクト管理,M064,移動コスト ($/移動された人物),財務,Y,推定（ロールから）,従属データ,人物 (作業者),移動された人物の移動プロジェクト品目数,https://www.ibm.com/docs/ja/tririga/11.6.0?topic=metrics-move-cost-person-moved-metric
CP,資本プロジェクト管理,M064,移動コスト ($/移動された人物),財務,Y,推定（ロールから）,従属データ,,データは施設プロジェクト・オブジェクト (MAC タイプのプロジェクトに使用される) から取得されます。,https://www.ibm.com/docs/ja/tririga/11.6.0?topic=metrics-move-cost-person-moved-metric
CP,資本プロジェクト管理,M064,移動コスト ($/移動された人物),財務,Y,推定（ロールから）,格納先（ファクトBO）,triMetricFact,triMoveProjectCostFact,https://www.ibm.com/docs/ja/tririga/11.6.0?topic=metrics-move-cost-person-moved-metric
CP,資本プロジェクト管理,M069,My プロジェクト予算,財務,,明記,計算式,,現在の予算と最終予測予算を表示してプロジェクトをリストします,https://www.ibm.com/docs/ja/tririga/11.6.0?topic=metrics-my-project-budget-metric
CP,資本プロジェクト管理,M069,My プロジェクト予算,財務,,明記,データを生む業務,,資本プロジェクト,https://www.ibm.com/docs/ja/tririga/11.6.0?topic=metrics-my-project-budget-metric
CP,資本プロジェクト管理,M069,My プロジェクト予算,財務,,明記,データを生む業務,,予算,https://www.ibm.com/docs/ja/tririga/11.6.0?topic=metrics-my-project-budget-metric
CP,資本プロジェクト管理,M069,My プロジェクト予算,財務,,明記,データを生む業務,,変更要求管理,https://www.ibm.com/docs/ja/tririga/11.6.0?topic=metrics-my-project-budget-metric
CP,資本プロジェクト管理,M069,My プロジェクト予算,財務,,明記,格納先（ファクトBO）,triMetricFact,triCapitalProjectFact,https://www.ibm.com/docs/ja/tririga/11.6.0?topic=metrics-my-project-budget-metric
CP,資本プロジェクト管理,M071,新築コスト / 面積 (資本プロジェクトのみ),財務,Y,推定（ロールから）,計算式,,発生した実コスト (新築プロジェクトのみ) / プロジェクト建設総面積 (またはプロジェクトの利用可能面積),https://www.ibm.com/docs/ja/tririga/11.6.0?topic=metrics-new-construction-cost-area-metric
CP,資本プロジェクト管理,M071,新築コスト / 面積 (資本プロジェクトのみ),財務,Y,推定（ロールから）,補足,,プロジェクト総建設面積およびプロジェクトの利用可能面積,https://www.ibm.com/docs/ja/tririga/11.6.0?topic=metrics-new-construction-cost-area-metric
CP,資本プロジェクト管理,M071,新築コスト / 面積 (資本プロジェクトのみ),財務,Y,推定（ロールから）,格納先（ファクトBO）,triMetricFact,triCapitalProjectFact,https://www.ibm.com/docs/ja/tririga/11.6.0?topic=metrics-new-construction-cost-area-metric
CP,資本プロジェクト管理,M077,当初の予算対予測,財務,Y,明記,計算式,,当初プロジェクト予算 / 最終予測予算,https://www.ibm.com/docs/ja/tririga/11.6.0?topic=metrics-original-budget-forecast-metric
CP,資本プロジェクト管理,M077,当初の予算対予測,財務,Y,明記,データを生む業務,,資本プロジェクト,https://www.ibm.com/docs/ja/tririga/11.6.0?topic=metrics-original-budget-forecast-metric
CP,資本プロジェクト管理,M077,当初の予算対予測,財務,Y,明記,データを生む業務,,予算,https://www.ibm.com/docs/ja/tririga/11.6.0?topic=metrics-original-budget-forecast-metric
CP,資本プロジェクト管理,M077,当初の予算対予測,財務,Y,明記,データを生む業務,,変更要求管理,https://www.ibm.com/docs/ja/tririga/11.6.0?topic=metrics-original-budget-forecast-metric
CP,資本プロジェクト管理,M077,当初の予算対予測,財務,Y,明記,格納先（ファクトBO）,triMetricFact,triCapitalProjectFact,https://www.ibm.com/docs/ja/tririga/11.6.0?topic=metrics-original-budget-forecast-metric
CP,資本プロジェクト管理,M084,予算超過プロジェクト率,財務,Y,明記,計算式,,予算超過のプロジェクト数 / プロジェクト数の合計,https://www.ibm.com/docs/ja/tririga/11.6.0?topic=metrics-percent-projects-over-budget-metric
CP,資本プロジェクト管理,M084,予算超過プロジェクト率,財務,Y,明記,判定条件,,予算超過プロジェクト =「最終予測」>「現在の予算」,https://www.ibm.com/docs/ja/tririga/11.6.0?topic=metrics-percent-projects-over-budget-metric
CP,資本プロジェクト管理,M084,予算超過プロジェクト率,財務,Y,明記,データを生む業務,,資本プロジェクト、予算、変更要求管理,https://www.ibm.com/docs/ja/tririga/11.6.0?topic=metrics-percent-projects-over-budget-metric
CP,資本プロジェクト管理,M084,予算超過プロジェクト率,財務,Y,明記,格納先（ファクトBO）,triMetricFact,triCapitalProjectFact,https://www.ibm.com/docs/ja/tririga/11.6.0?topic=metrics-percent-projects-over-budget-metric
CP,資本プロジェクト管理,M085,スケジュール超過プロジェクト (%),稼働,Y,推定（ロールから）,計算式,,スケジュール超過プロジェクトの数 (計画上の終了日 < 予想終了日) / プロジェクト数の合計,https://www.ibm.com/docs/ja/tririga/11.6.0?topic=metrics-percent-projects-over-schedule-metric
CP,資本プロジェクト管理,M085,スケジュール超過プロジェクト (%),稼働,Y,推定（ロールから）,判定条件,,スケジュールを超えたまたは下回った日数 (差異) = 計画上の終了日 – 予想終了日。,https://www.ibm.com/docs/ja/tririga/11.6.0?topic=metrics-percent-projects-over-schedule-metric
CP,資本プロジェクト管理,M085,スケジュール超過プロジェクト (%),稼働,Y,推定（ロールから）,格納先（ファクトBO）,triMetricFact,triCapitalProjectFact,https://www.ibm.com/docs/ja/tririga/11.6.0?topic=metrics-percent-projects-over-schedule-metric
CP,資本プロジェクト管理,M086,情報要求の期限切れ率,稼働,,推定（ロールから）,計算式,,期限切れ情報要求の合計 / 情報要求の合計,https://www.ibm.com/docs/ja/tririga/11.6.0?topic=metrics-percent-rfi-overdue-metric
CP,資本プロジェクト管理,M086,情報要求の期限切れ率,稼働,,推定（ロールから）,判定条件,,期限切れの情報要求 = 情報要求の対応期限日 < システム日付,https://www.ibm.com/docs/ja/tririga/11.6.0?topic=metrics-percent-rfi-overdue-metric
CP,資本プロジェクト管理,M086,情報要求の期限切れ率,稼働,,推定（ロールから）,格納先（ファクトBO）,triMetricFact,triRFIFact,https://www.ibm.com/docs/ja/tririga/11.6.0?topic=metrics-percent-rfi-overdue-metric
CP,資本プロジェクト管理,M089,プロジェクト・オンタイム完了率,稼働,,推定（ロールから）,計算式,,オンタイムで完了したプロジェクトの総数 / プロジェクトの総数,https://www.ibm.com/docs/ja/tririga/11.6.0?topic=metrics-project-time-completion-rate-metric
CP,資本プロジェクト管理,M089,プロジェクト・オンタイム完了率,稼働,,推定（ロールから）,判定条件,,オンタイムで完了したプロジェクト = 実終了日 < 計画上の終了日,https://www.ibm.com/docs/ja/tririga/11.6.0?topic=metrics-project-time-completion-rate-metric
CP,資本プロジェクト管理,M089,プロジェクト・オンタイム完了率,稼働,,推定（ロールから）,格納先（ファクトBO）,triMetricFact,triCapitalProjectFact,https://www.ibm.com/docs/ja/tririga/11.6.0?topic=metrics-project-time-completion-rate-metric
CP,資本プロジェクト管理,M090,プロジェクト・スケジュール差異,稼働,Y,推定（ロールから）,計算式,,計画上の終了日 – 予想終了日,https://www.ibm.com/docs/ja/tririga/11.6.0?topic=metrics-project-schedule-variance-metric
CP,資本プロジェクト管理,M090,プロジェクト・スケジュール差異,稼働,Y,推定（ロールから）,判定条件,,スケジュールを超えたまたは下回った日数 (差異) = 計画上の終了日 – 予想終了日。,https://www.ibm.com/docs/ja/tririga/11.6.0?topic=metrics-project-schedule-variance-metric
CP,資本プロジェクト管理,M090,プロジェクト・スケジュール差異,稼働,Y,推定（ロールから）,格納先（ファクトBO）,triMetricFact,triCapitalProjectFact,https://www.ibm.com/docs/ja/tririga/11.6.0?topic=metrics-project-schedule-variance-metric
CP,資本プロジェクト管理,M094,改築コスト / 面積 (資本プロジェクトのみ),財務,Y,推定（ロールから）,計算式,,発生した実際のコスト (改築プロジェクトのみ)/プロジェクト総建設面積 (またはプロジェクトの利用可能面積),https://www.ibm.com/docs/ja/tririga/11.6.0?topic=metrics-renovation-cost-area-metric
CP,資本プロジェクト管理,M094,改築コスト / 面積 (資本プロジェクトのみ),財務,Y,推定（ロールから）,補足,,プロジェクト総建設面積およびプロジェクトの利用可能面積。,https://www.ibm.com/docs/ja/tririga/11.6.0?topic=metrics-renovation-cost-area-metric
CP,資本プロジェクト管理,M094,改築コスト / 面積 (資本プロジェクトのみ),財務,Y,推定（ロールから）,格納先（ファクトBO）,triMetricFact,triCapitalProjectFact,https://www.ibm.com/docs/ja/tririga/11.6.0?topic=metrics-renovation-cost-area-metric
CP,資本プロジェクト管理,M097,情報要求応答時間,稼働,,推定（ロールから）,計算式,,各情報要求に応答する平均時間 / 情報要求の総数,https://www.ibm.com/docs/ja/tririga/11.6.0?topic=metrics-rfi-response-time-metric
CP,資本プロジェクト管理,M097,情報要求応答時間,稼働,,推定（ロールから）,判定条件,,情報要求応答時間 = 情報要求クローズ日 – 情報要求作成日,https://www.ibm.com/docs/ja/tririga/11.6.0?topic=metrics-rfi-response-time-metric
CP,資本プロジェクト管理,M097,情報要求応答時間,稼働,,推定（ロールから）,格納先（ファクトBO）,triMetricFact,triRFIFact,https://www.ibm.com/docs/ja/tririga/11.6.0?topic=metrics-rfi-response-time-metric
FAS,施設アセスメント,M014,資本更新指数,ポートフォリオ,Y,明記,計算式,,資本コスト合計 / 現在の再取得価額 (CRV) の合計,https://www.ibm.com/docs/ja/tririga/11.6.0?topic=metrics-capital-renewal-index-metric
FAS,施設アセスメント,M014,資本更新指数,ポートフォリオ,Y,明記,判定条件,資本コスト合計,「コスト・タイプ」 = 「資本」でフィルタリングされた財務サマリー・テーブルの合計,https://www.ibm.com/docs/ja/tririga/11.6.0?topic=metrics-capital-renewal-index-metric
FAS,施設アセスメント,M014,資本更新指数,ポートフォリオ,Y,明記,判定条件,現在の再取得価額の合計,「建物の状態アセスメント (Building Condition Assessment)」タブには、建物ごとの現在の再取得価額が保持されています (CRV = 総面積 * 面積あたりのコスト)。,https://www.ibm.com/docs/ja/tririga/11.6.0?topic=metrics-capital-renewal-index-metric
FAS,施設アセスメント,M014,資本更新指数,ポートフォリオ,Y,明記,データを生む業務,,建物 (「現在の再取得価額」フィールド),https://www.ibm.com/docs/ja/tririga/11.6.0?topic=metrics-capital-renewal-index-metric
FAS,施設アセスメント,M014,資本更新指数,ポートフォリオ,Y,明記,データを生む業務,,外部の企業システムからの財務データ,https://www.ibm.com/docs/ja/tririga/11.6.0?topic=metrics-capital-renewal-index-metric
FAS,施設アセスメント,M014,資本更新指数,ポートフォリオ,Y,明記,格納先（ファクトBO）,triMetricFact,triBuildingFact,https://www.ibm.com/docs/ja/tririga/11.6.0?topic=metrics-capital-renewal-index-metric
FAS,施設アセスメント,M018,状態指数,ポートフォリオ,Y,明記,計算式,,欠陥の合計コスト / 現在の再取得価額の合計 (CRV),https://www.ibm.com/docs/ja/tririga/11.6.0?topic=metrics-condition-index-metric
FAS,施設アセスメント,M018,状態指数,ポートフォリオ,Y,明記,判定条件,,欠陥の合計コスト = 「優先順位」がレベル 1 であり、「状況」が「リタイア済み」または「完了」ではない欠陥の合計コスト。,https://www.ibm.com/docs/ja/tririga/11.6.0?topic=metrics-condition-index-metric
FAS,施設アセスメント,M018,状態指数,ポートフォリオ,Y,明記,判定条件,現在の再取得価額の合計,「建物の状態アセスメント (Building Condition Assessment)」タブには、建物ごとの現在の再取得価額が保持されています (CRV = 総面積 * 面積あたりのコスト)。,https://www.ibm.com/docs/ja/tririga/11.6.0?topic=metrics-condition-index-metric
FAS,施設アセスメント,M018,状態指数,ポートフォリオ,Y,明記,従属データ,現在の再取得価額の合計,建設システム項目 (建設システムごとの現在の再取得価額 (CRV)),https://www.ibm.com/docs/ja/tririga/11.6.0?topic=metrics-condition-index-metric
FAS,施設アセスメント,M018,状態指数,ポートフォリオ,Y,明記,データを生む業務,,施設アセスメント,https://www.ibm.com/docs/ja/tririga/11.6.0?topic=metrics-condition-index-metric
FAS,施設アセスメント,M018,状態指数,ポートフォリオ,Y,明記,データを生む業務,,タスク管理,https://www.ibm.com/docs/ja/tririga/11.6.0?topic=metrics-condition-index-metric
FAS,施設アセスメント,M018,状態指数,ポートフォリオ,Y,明記,データを生む業務,,サービス管理,https://www.ibm.com/docs/ja/tririga/11.6.0?topic=metrics-condition-index-metric
FAS,施設アセスメント,M018,状態指数,ポートフォリオ,Y,明記,格納先（ファクトBO）,triMetricFact,triBuildingSystemItemFact,https://www.ibm.com/docs/ja/tririga/11.6.0?topic=metrics-condition-index-metric
ES,不動産環境維持管理,M012,資本コスト (実績 vs 予算),財務,Y,推定（ロールから）,計算式,,資本コスト (実績 vs 予算),https://www.ibm.com/docs/ja/tririga/11.6.0?topic=metrics-capital-cost-actual-vs-budget-metric
ES,不動産環境維持管理,M012,資本コスト (実績 vs 予算),財務,Y,推定（ロールから）,補足,,財務サマリー・オブジェクトは、合計資本コストのサマリー・データを提供します。,https://www.ibm.com/docs/ja/tririga/11.6.0?topic=metrics-capital-cost-actual-vs-budget-metric
ES,不動産環境維持管理,M012,資本コスト (実績 vs 予算),財務,Y,推定（ロールから）,格納先（ファクトBO）,triMetricFact,triBuildingCostFact,https://www.ibm.com/docs/ja/tririga/11.6.0?topic=metrics-capital-cost-actual-vs-budget-metric
ES,不動産環境維持管理,M034,排出量 (炭素) (米国トン CO2),環境,,明記,計算式,,「合計 CO2e 出資比率報告」の合計,https://www.ibm.com/docs/ja/tririga/11.6.0?topic=metrics-emissions-carbon-us-tons-co2-metric
ES,不動産環境維持管理,M034,排出量 (炭素) (米国トン CO2),環境,,明記,計算式,,「CO2 出資比率報告」の合計,https://www.ibm.com/docs/ja/tririga/11.6.0?topic=metrics-emissions-carbon-us-tons-co2-metric
ES,不動産環境維持管理,M034,排出量 (炭素) (米国トン CO2),環境,,明記,計算式,,「輸送出資比率報告」の合計,https://www.ibm.com/docs/ja/tririga/11.6.0?topic=metrics-emissions-carbon-us-tons-co2-metric
ES,不動産環境維持管理,M034,排出量 (炭素) (米国トン CO2),環境,,明記,計算式,,「廃棄物出資比率報告」の合計,https://www.ibm.com/docs/ja/tririga/11.6.0?topic=metrics-emissions-carbon-us-tons-co2-metric
ES,不動産環境維持管理,M034,排出量 (炭素) (米国トン CO2),環境,,明記,計算式,,「他の排出物の出資比率報告」の合計,https://www.ibm.com/docs/ja/tririga/11.6.0?topic=metrics-emissions-carbon-us-tons-co2-metric
ES,不動産環境維持管理,M034,排出量 (炭素) (米国トン CO2),環境,,明記,データを生む業務,,エネルギー・ログ,https://www.ibm.com/docs/ja/tririga/11.6.0?topic=metrics-emissions-carbon-us-tons-co2-metric
ES,不動産環境維持管理,M034,排出量 (炭素) (米国トン CO2),環境,,明記,データを生む業務,,炭素フットプリント・ログ,https://www.ibm.com/docs/ja/tririga/11.6.0?topic=metrics-emissions-carbon-us-tons-co2-metric
ES,不動産環境維持管理,M034,排出量 (炭素) (米国トン CO2),環境,,明記,データを生む業務,,輸送ログ,https://www.ibm.com/docs/ja/tririga/11.6.0?topic=metrics-emissions-carbon-us-tons-co2-metric
ES,不動産環境維持管理,M034,排出量 (炭素) (米国トン CO2),環境,,明記,データを生む業務,,廃棄物ログ,https://www.ibm.com/docs/ja/tririga/11.6.0?topic=metrics-emissions-carbon-us-tons-co2-metric
ES,不動産環境維持管理,M034,排出量 (炭素) (米国トン CO2),環境,,明記,格納先（ファクトBO）,triMetricFact,triLocationFact,https://www.ibm.com/docs/ja/tririga/11.6.0?topic=metrics-emissions-carbon-us-tons-co2-metric
ES,不動産環境維持管理,M035,排出量 (炭素) 強度 (ポンド CO2/GSF),環境,Y,明記,計算式,,「合計 CO2e 出資比率報告」の合計排出量の平均,https://www.ibm.com/docs/ja/tririga/11.6.0?topic=metrics-emissions-carbon-intensity-lbs-co2-gsf-metric
ES,不動産環境維持管理,M035,排出量 (炭素) 強度 (ポンド CO2/GSF),環境,Y,明記,計算式,,CO2 出資比率報告,https://www.ibm.com/docs/ja/tririga/11.6.0?topic=metrics-emissions-carbon-intensity-lbs-co2-gsf-metric
ES,不動産環境維持管理,M035,排出量 (炭素) 強度 (ポンド CO2/GSF),環境,Y,明記,計算式,,輸送出資比率報告,https://www.ibm.com/docs/ja/tririga/11.6.0?topic=metrics-emissions-carbon-intensity-lbs-co2-gsf-metric
ES,不動産環境維持管理,M035,排出量 (炭素) 強度 (ポンド CO2/GSF),環境,Y,明記,計算式,,廃棄物出資比率報告,https://www.ibm.com/docs/ja/tririga/11.6.0?topic=metrics-emissions-carbon-intensity-lbs-co2-gsf-metric
ES,不動産環境維持管理,M035,排出量 (炭素) 強度 (ポンド CO2/GSF),環境,Y,明記,データを生む業務,,エネルギー・ログ,https://www.ibm.com/docs/ja/tririga/11.6.0?topic=metrics-emissions-carbon-intensity-lbs-co2-gsf-metric
ES,不動産環境維持管理,M035,排出量 (炭素) 強度 (ポンド CO2/GSF),環境,Y,明記,データを生む業務,,炭素フットプリント・ログ,https://www.ibm.com/docs/ja/tririga/11.6.0?topic=metrics-emissions-carbon-intensity-lbs-co2-gsf-metric
ES,不動産環境維持管理,M035,排出量 (炭素) 強度 (ポンド CO2/GSF),環境,Y,明記,データを生む業務,,輸送ログ,https://www.ibm.com/docs/ja/tririga/11.6.0?topic=metrics-emissions-carbon-intensity-lbs-co2-gsf-metric
ES,不動産環境維持管理,M035,排出量 (炭素) 強度 (ポンド CO2/GSF),環境,Y,明記,データを生む業務,,廃棄物ログ,https://www.ibm.com/docs/ja/tririga/11.6.0?topic=metrics-emissions-carbon-intensity-lbs-co2-gsf-metric
ES,不動産環境維持管理,M035,排出量 (炭素) 強度 (ポンド CO2/GSF),環境,Y,明記,格納先（ファクトBO）,triMetricFact,triLocationFact,https://www.ibm.com/docs/ja/tririga/11.6.0?topic=metrics-emissions-carbon-intensity-lbs-co2-gsf-metric
ES,不動産環境維持管理,M036,占有者あたりの排出量 (炭素) 強度 (トン CO2),環境,,明記,計算式,,「合計 CO2e 出資比率報告」の合計排出量の平均,https://www.ibm.com/docs/ja/tririga/11.6.0?topic=pmm-emissions-carbon-intensity-per-occupant-tons-co2-metric
ES,不動産環境維持管理,M036,占有者あたりの排出量 (炭素) 強度 (トン CO2),環境,,明記,計算式,,CO2 出資比率報告,https://www.ibm.com/docs/ja/tririga/11.6.0?topic=pmm-emissions-carbon-intensity-per-occupant-tons-co2-metric
ES,不動産環境維持管理,M036,占有者あたりの排出量 (炭素) 強度 (トン CO2),環境,,明記,計算式,,輸送出資比率報告,https://www.ibm.com/docs/ja/tririga/11.6.0?topic=pmm-emissions-carbon-intensity-per-occupant-tons-co2-metric
ES,不動産環境維持管理,M036,占有者あたりの排出量 (炭素) 強度 (トン CO2),環境,,明記,計算式,,廃棄物出資比率報告 / 全体の占有者の平均,https://www.ibm.com/docs/ja/tririga/11.6.0?topic=pmm-emissions-carbon-intensity-per-occupant-tons-co2-metric
ES,不動産環境維持管理,M036,占有者あたりの排出量 (炭素) 強度 (トン CO2),環境,,明記,データを生む業務,,エネルギー・ログ,https://www.ibm.com/docs/ja/tririga/11.6.0?topic=pmm-emissions-carbon-intensity-per-occupant-tons-co2-metric
ES,不動産環境維持管理,M036,占有者あたりの排出量 (炭素) 強度 (トン CO2),環境,,明記,データを生む業務,,炭素フットプリント・ログ,https://www.ibm.com/docs/ja/tririga/11.6.0?topic=pmm-emissions-carbon-intensity-per-occupant-tons-co2-metric
ES,不動産環境維持管理,M036,占有者あたりの排出量 (炭素) 強度 (トン CO2),環境,,明記,格納先（ファクトBO）,triMetricFact,triLocationFact,https://www.ibm.com/docs/ja/tririga/11.6.0?topic=pmm-emissions-carbon-intensity-per-occupant-tons-co2-metric
ES,不動産環境維持管理,M037,大気中への排出量 (ポンド質量),環境,,明記,計算式,,大気中への合計排出量 (排出タイプごと) (キログラム),https://www.ibm.com/docs/ja/tririga/11.6.0?topic=metrics-emissions-air-lbs-mass-metric
ES,不動産環境維持管理,M037,大気中への排出量 (ポンド質量),環境,,明記,データを生む業務,,排出量ログ,https://www.ibm.com/docs/ja/tririga/11.6.0?topic=metrics-emissions-air-lbs-mass-metric
ES,不動産環境維持管理,M037,大気中への排出量 (ポンド質量),環境,,明記,格納先（ファクトBO）,triMetricFact,triLocationFact,https://www.ibm.com/docs/ja/tririga/11.6.0?topic=metrics-emissions-air-lbs-mass-metric
ES,不動産環境維持管理,M038,大気中への排出量強度 (キログラム/GSF),環境,Y,明記,計算式,,大気中への合計排出量 (キログラム/GSF),https://www.ibm.com/docs/ja/tririga/11.6.0?topic=metrics-emissions-air-intensity-kilograms-gsf-metric
ES,不動産環境維持管理,M038,大気中への排出量強度 (キログラム/GSF),環境,Y,明記,データを生む業務,,排出量ログ,https://www.ibm.com/docs/ja/tririga/11.6.0?topic=metrics-emissions-air-intensity-kilograms-gsf-metric
ES,不動産環境維持管理,M038,大気中への排出量強度 (キログラム/GSF),環境,Y,明記,格納先（ファクトBO）,triMetricFact,triLocationFact,https://www.ibm.com/docs/ja/tririga/11.6.0?topic=metrics-emissions-air-intensity-kilograms-gsf-metric
ES,不動産環境維持管理,M039,エネルギー・コスト (USD),財務,,明記,計算式,,合計エネルギー・コスト,https://www.ibm.com/docs/ja/tririga/11.6.0?topic=metrics-energy-cost-usd-metric
ES,不動産環境維持管理,M039,エネルギー・コスト (USD),財務,,明記,データを生む業務,,エネルギー・ログ,https://www.ibm.com/docs/ja/tririga/11.6.0?topic=metrics-energy-cost-usd-metric
ES,不動産環境維持管理,M039,エネルギー・コスト (USD),財務,,明記,格納先（ファクトBO）,triMetricFact,triEnergyLogFact,https://www.ibm.com/docs/ja/tririga/11.6.0?topic=metrics-energy-cost-usd-metric
ES,不動産環境維持管理,M040,エネルギー・コスト (USD),財務,,明記,計算式,,合計エネルギー・コスト (エネルギー・タイプ別),https://www.ibm.com/docs/ja/tririga/11.6.0?topic=metrics-energy-cost-usd-energy-type-metric
ES,不動産環境維持管理,M040,エネルギー・コスト (USD),財務,,明記,データを生む業務,,エネルギー・ログ,https://www.ibm.com/docs/ja/tririga/11.6.0?topic=metrics-energy-cost-usd-energy-type-metric
ES,不動産環境維持管理,M040,エネルギー・コスト (USD),財務,,明記,格納先（ファクトBO）,triMetricFact,triLocationFact,https://www.ibm.com/docs/ja/tririga/11.6.0?topic=metrics-energy-cost-usd-energy-type-metric
ES,不動産環境維持管理,M041,エネルギー・コスト比率 (%),財務,Y,明記,計算式,,合計エネルギー・コスト / 運用コスト合計 (TCO),https://www.ibm.com/docs/ja/tririga/11.6.0?topic=metrics-energy-cost-ratio-metric
ES,不動産環境維持管理,M041,エネルギー・コスト比率 (%),財務,Y,明記,データを生む業務,,コスト・コード構造,https://www.ibm.com/docs/ja/tririga/11.6.0?topic=metrics-energy-cost-ratio-metric
ES,不動産環境維持管理,M041,エネルギー・コスト比率 (%),財務,Y,明記,データを生む業務,,財務状況の概要,https://www.ibm.com/docs/ja/tririga/11.6.0?topic=metrics-energy-cost-ratio-metric
ES,不動産環境維持管理,M041,エネルギー・コスト比率 (%),財務,Y,明記,データを生む業務,,エネルギー・ログ,https://www.ibm.com/docs/ja/tririga/11.6.0?topic=metrics-energy-cost-ratio-metric
ES,不動産環境維持管理,M041,エネルギー・コスト比率 (%),財務,Y,明記,格納先（ファクトBO）,triMetricFact,triLocationFact,https://www.ibm.com/docs/ja/tririga/11.6.0?topic=metrics-energy-cost-ratio-metric
ES,不動産環境維持管理,M042,エネルギー利用,環境,,明記,計算式,,合計エネルギー利用,https://www.ibm.com/docs/ja/tririga/11.6.0?topic=metrics-energy-use-metric
ES,不動産環境維持管理,M042,エネルギー利用,環境,,明記,データを生む業務,,エネルギー・ログ,https://www.ibm.com/docs/ja/tririga/11.6.0?topic=metrics-energy-use-metric
ES,不動産環境維持管理,M042,エネルギー利用,環境,,明記,格納先（ファクトBO）,triMetricFact,triEnergyLogFact,https://www.ibm.com/docs/ja/tririga/11.6.0?topic=metrics-energy-use-metric
ES,不動産環境維持管理,M043,エネルギー利用,環境,,明記,計算式,,合計エネルギー利用 (エネルギー・タイプ別),https://www.ibm.com/docs/ja/tririga/11.6.0?topic=metrics-energy-use-energy-type-metric
ES,不動産環境維持管理,M043,エネルギー利用,環境,,明記,データを生む業務,,エネルギー・ログ,https://www.ibm.com/docs/ja/tririga/11.6.0?topic=metrics-energy-use-energy-type-metric
ES,不動産環境維持管理,M043,エネルギー利用,環境,,明記,格納先（ファクトBO）,triMetricFact,triLocationFact,https://www.ibm.com/docs/ja/tririga/11.6.0?topic=metrics-energy-use-energy-type-metric
ES,不動産環境維持管理,M044,冷房度日別のエネルギー利用 (キロワット時),環境,,明記,計算式,,合計エネルギー利用 / GSF / 度日,https://www.ibm.com/docs/ja/tririga/11.6.0?topic=pmm-energy-use-by-cooling-degree-day-kilowatt-hours-metric
ES,不動産環境維持管理,M044,冷房度日別のエネルギー利用 (キロワット時),環境,,明記,補足,,度日の値は、建物レコードから取得します。,https://www.ibm.com/docs/ja/tririga/11.6.0?topic=pmm-energy-use-by-cooling-degree-day-kilowatt-hours-metric
ES,不動産環境維持管理,M044,冷房度日別のエネルギー利用 (キロワット時),環境,,明記,データを生む業務,,エネルギー・ログ,https://www.ibm.com/docs/ja/tririga/11.6.0?topic=pmm-energy-use-by-cooling-degree-day-kilowatt-hours-metric
ES,不動産環境維持管理,M044,冷房度日別のエネルギー利用 (キロワット時),環境,,明記,格納先（ファクトBO）,triMetricFact,triLocationFact,https://www.ibm.com/docs/ja/tririga/11.6.0?topic=pmm-energy-use-by-cooling-degree-day-kilowatt-hours-metric
ES,不動産環境維持管理,M045,度日合計別のエネルギー利用 (キロワット時/度日単位),環境,,明記,計算式,,合計エネルギー利用 / GSF / 度日,https://www.ibm.com/docs/ja/tririga/11.6.0?topic=pmm-energy-use-by-degree-day-total-kilowatt-hours-degree-days-metric
ES,不動産環境維持管理,M045,度日合計別のエネルギー利用 (キロワット時/度日単位),環境,,明記,補足,,度日の値は、建物レコードから取得します。,https://www.ibm.com/docs/ja/tririga/11.6.0?topic=pmm-energy-use-by-degree-day-total-kilowatt-hours-degree-days-metric
ES,不動産環境維持管理,M045,度日合計別のエネルギー利用 (キロワット時/度日単位),環境,,明記,データを生む業務,,エネルギー・ログ,https://www.ibm.com/docs/ja/tririga/11.6.0?topic=pmm-energy-use-by-degree-day-total-kilowatt-hours-degree-days-metric
ES,不動産環境維持管理,M045,度日合計別のエネルギー利用 (キロワット時/度日単位),環境,,明記,格納先（ファクトBO）,triMetricFact,triLocationFact,https://www.ibm.com/docs/ja/tririga/11.6.0?topic=pmm-energy-use-by-degree-day-total-kilowatt-hours-degree-days-metric
ES,不動産環境維持管理,M046,暖房度日別のエネルギー利用 (キロワット時),環境,,明記,計算式,,合計エネルギー利用 / GSF / 度日,https://www.ibm.com/docs/ja/tririga/11.6.0?topic=pmm-energy-use-by-heating-degree-day-kilowatt-hours-metric
ES,不動産環境維持管理,M046,暖房度日別のエネルギー利用 (キロワット時),環境,,明記,補足,,度日の値は、建物レコードから取得します。,https://www.ibm.com/docs/ja/tririga/11.6.0?topic=pmm-energy-use-by-heating-degree-day-kilowatt-hours-metric
ES,不動産環境維持管理,M046,暖房度日別のエネルギー利用 (キロワット時),環境,,明記,データを生む業務,,エネルギー・ログ,https://www.ibm.com/docs/ja/tririga/11.6.0?topic=pmm-energy-use-by-heating-degree-day-kilowatt-hours-metric
ES,不動産環境維持管理,M046,暖房度日別のエネルギー利用 (キロワット時),環境,,明記,格納先（ファクトBO）,triMetricFact,triLocationFact,https://www.ibm.com/docs/ja/tririga/11.6.0?topic=pmm-energy-use-by-heating-degree-day-kilowatt-hours-metric
ES,不動産環境維持管理,M047,エネルギー使用強度 (キロワット時/GSF),環境,Y,明記,計算式,,合計エネルギー利用 / GSF,https://www.ibm.com/docs/ja/tririga/11.6.0?topic=metrics-energy-use-intensity-kilowatt-hours-gsf-metric
ES,不動産環境維持管理,M047,エネルギー使用強度 (キロワット時/GSF),環境,Y,明記,データを生む業務,,エネルギー・ログ,https://www.ibm.com/docs/ja/tririga/11.6.0?topic=metrics-energy-use-intensity-kilowatt-hours-gsf-metric
ES,不動産環境維持管理,M047,エネルギー使用強度 (キロワット時/GSF),環境,Y,明記,格納先（ファクトBO）,triMetricFact,triLocationFact,https://www.ibm.com/docs/ja/tririga/11.6.0?topic=metrics-energy-use-intensity-kilowatt-hours-gsf-metric
ES,不動産環境維持管理,M048,エネルギー使用強度 (メガジュール/GSF),環境,Y,明記,計算式,,合計エネルギー利用 / GSF,https://www.ibm.com/docs/ja/tririga/11.6.0?topic=metrics-energy-use-intensity-megajoules-gsf-metric
ES,不動産環境維持管理,M048,エネルギー使用強度 (メガジュール/GSF),環境,Y,明記,データを生む業務,,エネルギー・ログ,https://www.ibm.com/docs/ja/tririga/11.6.0?topic=metrics-energy-use-intensity-megajoules-gsf-metric
ES,不動産環境維持管理,M048,エネルギー使用強度 (メガジュール/GSF),環境,Y,明記,格納先（ファクトBO）,triMetricFact,triLocationFact,https://www.ibm.com/docs/ja/tririga/11.6.0?topic=metrics-energy-use-intensity-megajoules-gsf-metric
ES,不動産環境維持管理,M049,占有者あたりのエネルギー使用強度 (キロワット時/占有者),環境,,明記,計算式,,合計エネルギー利用 (エネルギー・タイプ別) / 占有者数の合計,https://www.ibm.com/docs/ja/tririga/11.6.0?topic=pmm-energy-use-intensity-per-occupant-kilowatt-hours-occupant-metric
ES,不動産環境維持管理,M049,占有者あたりのエネルギー使用強度 (キロワット時/占有者),環境,,明記,データを生む業務,,エネルギー・ログ,https://www.ibm.com/docs/ja/tririga/11.6.0?topic=pmm-energy-use-intensity-per-occupant-kilowatt-hours-occupant-metric
ES,不動産環境維持管理,M049,占有者あたりのエネルギー使用強度 (キロワット時/占有者),環境,,明記,格納先（ファクトBO）,triMetricFact,triLocationFact,https://www.ibm.com/docs/ja/tririga/11.6.0?topic=pmm-energy-use-intensity-per-occupant-kilowatt-hours-occupant-metric
ES,不動産環境維持管理,M050,占有者あたりのエネルギー使用強度 (キロワット時/占有者),環境,,明記,計算式,,合計エネルギー利用 (エネルギー・タイプ別) / 占有者数の合計,https://www.ibm.com/docs/ja/tririga/11.6.0?topic=pmm-energy-use-intensity-per-occupant-megajoules-occupant-metric
ES,不動産環境維持管理,M050,占有者あたりのエネルギー使用強度 (キロワット時/占有者),環境,,明記,データを生む業務,,エネルギー・ログ,https://www.ibm.com/docs/ja/tririga/11.6.0?topic=pmm-energy-use-intensity-per-occupant-megajoules-occupant-metric
ES,不動産環境維持管理,M050,占有者あたりのエネルギー使用強度 (キロワット時/占有者),環境,,明記,格納先（ファクトBO）,triMetricFact,triLocationFact,https://www.ibm.com/docs/ja/tririga/11.6.0?topic=pmm-energy-use-intensity-per-occupant-megajoules-occupant-metric
ES,不動産環境維持管理,M051,環境チェックリスト格付け (%),環境,,明記,計算式,,チェックリスト・カテゴリーおよびチェックリスト項目の格付け,https://www.ibm.com/docs/ja/tririga/11.6.0?topic=metrics-environmental-checklist-rating-metric
ES,不動産環境維持管理,M051,環境チェックリスト格付け (%),環境,,明記,データを生む業務,,チェックリスト,https://www.ibm.com/docs/ja/tririga/11.6.0?topic=metrics-environmental-checklist-rating-metric
ES,不動産環境維持管理,M051,環境チェックリスト格付け (%),環境,,明記,格納先（ファクトBO）,triMetricFact,triChecklistItemFact,https://www.ibm.com/docs/ja/tririga/11.6.0?topic=metrics-environmental-checklist-rating-metric
ES,不動産環境維持管理,M052,環境評価調査 (%),カスタマー,,明記,計算式,,総合顧客満足度 = 合計調査回答スコア / 調査質問数の合計 (完了した調査質問の平均スコア),https://www.ibm.com/docs/ja/tririga/11.6.0?topic=metrics-environmental-evaluation-survey-metric
ES,不動産環境維持管理,M052,環境評価調査 (%),カスタマー,,明記,従属データ,,環境要求評価:,https://www.ibm.com/docs/ja/tririga/11.6.0?topic=metrics-environmental-evaluation-survey-metric
ES,不動産環境維持管理,M052,環境評価調査 (%),カスタマー,,明記,従属データ,,合計調査回答スコア,https://www.ibm.com/docs/ja/tririga/11.6.0?topic=metrics-environmental-evaluation-survey-metric
ES,不動産環境維持管理,M052,環境評価調査 (%),カスタマー,,明記,従属データ,,スコアが 0.0 を超える調査質問の総数、該当しない回答の除外、またはその両方。,https://www.ibm.com/docs/ja/tririga/11.6.0?topic=metrics-environmental-evaluation-survey-metric
ES,不動産環境維持管理,M052,環境評価調査 (%),カスタマー,,明記,データを生む業務,,環境調査および評価要求,https://www.ibm.com/docs/ja/tririga/11.6.0?topic=metrics-environmental-evaluation-survey-metric
ES,不動産環境維持管理,M052,環境評価調査 (%),カスタマー,,明記,格納先（ファクトBO）,triMetricFact,triSurveyFact,https://www.ibm.com/docs/ja/tririga/11.6.0?topic=metrics-environmental-evaluation-survey-metric
ES,不動産環境維持管理,M053,環境機会分析,環境,,明記,計算式,,環境機会 (NPV),https://www.ibm.com/docs/ja/tririga/11.6.0?topic=metrics-environmental-opportunity-analysis-metric
ES,不動産環境維持管理,M053,環境機会分析,環境,,明記,データを生む業務,,エネルギー機会 (欠陥),https://www.ibm.com/docs/ja/tririga/11.6.0?topic=metrics-environmental-opportunity-analysis-metric
ES,不動産環境維持管理,M053,環境機会分析,環境,,明記,格納先（ファクトBO）,triMetricFact,triLocationFact,https://www.ibm.com/docs/ja/tririga/11.6.0?topic=metrics-environmental-opportunity-analysis-metric
ES,不動産環境維持管理,M054,環境プロジェクト効率比 (USD/トン CO2),環境,,明記,計算式,,環境プロジェクトおよびタスクの合計コスト / 炭素排出量の節減の合計 (USD/トン kWh/年),https://www.ibm.com/docs/ja/tririga/11.6.0?topic=pmm-environmental-project-efficiency-ratio-usd-tons-co2-metric
ES,不動産環境維持管理,M054,環境プロジェクト効率比 (USD/トン CO2),環境,,明記,データを生む業務,,プロジェクト管理,https://www.ibm.com/docs/ja/tririga/11.6.0?topic=pmm-environmental-project-efficiency-ratio-usd-tons-co2-metric
ES,不動産環境維持管理,M054,環境プロジェクト効率比 (USD/トン CO2),環境,,明記,データを生む業務,,タスク管理,https://www.ibm.com/docs/ja/tririga/11.6.0?topic=pmm-environmental-project-efficiency-ratio-usd-tons-co2-metric
ES,不動産環境維持管理,M054,環境プロジェクト効率比 (USD/トン CO2),環境,,明記,データを生む業務,,炭素フットプリント・ログ,https://www.ibm.com/docs/ja/tririga/11.6.0?topic=pmm-environmental-project-efficiency-ratio-usd-tons-co2-metric
ES,不動産環境維持管理,M054,環境プロジェクト効率比 (USD/トン CO2),環境,,明記,格納先（ファクトBO）,triMetricFact,triCapitalProjectFact,https://www.ibm.com/docs/ja/tririga/11.6.0?topic=pmm-environmental-project-efficiency-ratio-usd-tons-co2-metric
ES,不動産環境維持管理,M056,グリーン状態指数,ポートフォリオ,,明記,計算式,,比率 (グリーン状態指数) = エネルギー機会 (欠陥) の合計コスト / 現在の再取得価額 (CRV) の合計,https://www.ibm.com/docs/ja/tririga/11.6.0?topic=metrics-green-condition-index-metric
ES,不動産環境維持管理,M056,グリーン状態指数,ポートフォリオ,,明記,従属データ,環境要求評価,合計調査回答スコア,https://www.ibm.com/docs/ja/tririga/11.6.0?topic=metrics-green-condition-index-metric
ES,不動産環境維持管理,M056,グリーン状態指数,ポートフォリオ,,明記,従属データ,環境要求評価,スコアが 0.0 を超える調査質問の総数、該当しない回答の除外、またはその両方。,https://www.ibm.com/docs/ja/tririga/11.6.0?topic=metrics-green-condition-index-metric
ES,不動産環境維持管理,M056,グリーン状態指数,ポートフォリオ,,明記,データを生む業務,,環境機会 (欠陥),https://www.ibm.com/docs/ja/tririga/11.6.0?topic=metrics-green-condition-index-metric
ES,不動産環境維持管理,M056,グリーン状態指数,ポートフォリオ,,明記,格納先（ファクトBO）,triMetricFact,triLocationFact,https://www.ibm.com/docs/ja/tririga/11.6.0?topic=metrics-green-condition-index-metric
ES,不動産環境維持管理,M076,運用コスト (予算、実際、予測の比較),財務,Y,推定（ロールから）,計算式,,運用コスト (予算、実際、予測の比較),https://www.ibm.com/docs/ja/tririga/11.6.0?topic=pmm-operating-cost-budget-vs-actual-vs-forecast-metric
ES,不動産環境維持管理,M076,運用コスト (予算、実際、予測の比較),財務,Y,推定（ロールから）,補足,,財務サマリー・オブジェクトは運用コスト合計のサマリー・データを提供します。,https://www.ibm.com/docs/ja/tririga/11.6.0?topic=pmm-operating-cost-budget-vs-actual-vs-forecast-metric
ES,不動産環境維持管理,M076,運用コスト (予算、実際、予測の比較),財務,Y,推定（ロールから）,格納先（ファクトBO）,triMetricFact,triBuildingCostFact,https://www.ibm.com/docs/ja/tririga/11.6.0?topic=pmm-operating-cost-budget-vs-actual-vs-forecast-metric
ES,不動産環境維持管理,M092,再生可能エネルギー比率 (%),環境,Y,明記,計算式,,再生可能エネルギー源からのエネルギー合計使用量 / すべてのエネルギー源のエネルギー合計使用量,https://www.ibm.com/docs/ja/tririga/11.6.0?topic=metrics-renewable-energy-ratio-energy-type-metric
ES,不動産環境維持管理,M092,再生可能エネルギー比率 (%),環境,Y,明記,データを生む業務,,エネルギー・ログ,https://www.ibm.com/docs/ja/tririga/11.6.0?topic=metrics-renewable-energy-ratio-energy-type-metric
ES,不動産環境維持管理,M092,再生可能エネルギー比率 (%),環境,Y,明記,格納先（ファクトBO）,triMetricFact,triEnergyLogFact,https://www.ibm.com/docs/ja/tririga/11.6.0?topic=metrics-renewable-energy-ratio-energy-type-metric
ES,不動産環境維持管理,M093,再生可能エネルギー比率 (%),環境,Y,明記,計算式,,再生可能エネルギー源からのエネルギー合計使用量 / すべてのエネルギー源のエネルギー合計使用量,https://www.ibm.com/docs/ja/tririga/11.6.0?topic=metrics-renewable-energy-ratio-metric
ES,不動産環境維持管理,M093,再生可能エネルギー比率 (%),環境,Y,明記,データを生む業務,,エネルギー・ログ,https://www.ibm.com/docs/ja/tririga/11.6.0?topic=metrics-renewable-energy-ratio-metric
ES,不動産環境維持管理,M093,再生可能エネルギー比率 (%),環境,Y,明記,格納先（ファクトBO）,triMetricFact,triLocationFact,https://www.ibm.com/docs/ja/tririga/11.6.0?topic=metrics-renewable-energy-ratio-metric
ES,不動産環境維持管理,M095,収益/炭素排出量 (USD/トン CO2),財務,Y,明記,計算式,,事業収益合計 / 合計 CO2e 出資比率報告、合計 CO2 出資比率報告、合計輸送出資比率報告、合計廃棄物出資比率報告,https://www.ibm.com/docs/ja/tririga/11.6.0?topic=metrics-revenue-carbon-emissions-usd-tons-co2-metric
ES,不動産環境維持管理,M095,収益/炭素排出量 (USD/トン CO2),財務,Y,明記,データを生む業務,,輸送ログ,https://www.ibm.com/docs/ja/tririga/11.6.0?topic=metrics-revenue-carbon-emissions-usd-tons-co2-metric
ES,不動産環境維持管理,M095,収益/炭素排出量 (USD/トン CO2),財務,Y,明記,データを生む業務,,廃棄物ログ,https://www.ibm.com/docs/ja/tririga/11.6.0?topic=metrics-revenue-carbon-emissions-usd-tons-co2-metric
ES,不動産環境維持管理,M095,収益/炭素排出量 (USD/トン CO2),財務,Y,明記,データを生む業務,,財務状況の概要,https://www.ibm.com/docs/ja/tririga/11.6.0?topic=metrics-revenue-carbon-emissions-usd-tons-co2-metric
ES,不動産環境維持管理,M095,収益/炭素排出量 (USD/トン CO2),財務,Y,明記,データを生む業務,,炭素フットプリント・ログ,https://www.ibm.com/docs/ja/tririga/11.6.0?topic=metrics-revenue-carbon-emissions-usd-tons-co2-metric
ES,不動産環境維持管理,M095,収益/炭素排出量 (USD/トン CO2),財務,Y,明記,格納先（ファクトBO）,triMetricFact,triLocationFact,https://www.ibm.com/docs/ja/tririga/11.6.0?topic=metrics-revenue-carbon-emissions-usd-tons-co2-metric
ES,不動産環境維持管理,M105,固形廃棄物,環境,,明記,計算式,,廃棄物の合計,https://www.ibm.com/docs/ja/tririga/11.6.0?topic=metrics-solid-waste-metric
ES,不動産環境維持管理,M105,固形廃棄物,環境,,明記,データを生む業務,,廃棄物ログ,https://www.ibm.com/docs/ja/tririga/11.6.0?topic=metrics-solid-waste-metric
ES,不動産環境維持管理,M105,固形廃棄物,環境,,明記,格納先（ファクトBO）,triMetricFact,triWasteLogFact,https://www.ibm.com/docs/ja/tririga/11.6.0?topic=metrics-solid-waste-metric
ES,不動産環境維持管理,M106,固形廃棄物,環境,,明記,計算式,,固形廃棄物合計 (固形廃棄物合計、回収量/リサイクル量、および廃棄量による内訳),https://www.ibm.com/docs/ja/tririga/11.6.0?topic=metrics-solid-waste-type-metric
ES,不動産環境維持管理,M106,固形廃棄物,環境,,明記,データを生む業務,,固形廃棄物ログ,https://www.ibm.com/docs/ja/tririga/11.6.0?topic=metrics-solid-waste-type-metric
ES,不動産環境維持管理,M106,固形廃棄物,環境,,明記,格納先（ファクトBO）,triMetricFact,triLocationFact,https://www.ibm.com/docs/ja/tririga/11.6.0?topic=metrics-solid-waste-type-metric
ES,不動産環境維持管理,M107,固形廃棄物回収 (%),環境,,明記,計算式,,回収された固形廃棄物の合計 / 廃棄物使用の合計,https://www.ibm.com/docs/ja/tririga/11.6.0?topic=metrics-solid-waste-recovery-metric
ES,不動産環境維持管理,M107,固形廃棄物回収 (%),環境,,明記,データを生む業務,,廃棄物ログ,https://www.ibm.com/docs/ja/tririga/11.6.0?topic=metrics-solid-waste-recovery-metric
ES,不動産環境維持管理,M107,固形廃棄物回収 (%),環境,,明記,格納先（ファクトBO）,triMetricFact,triWasteLogFact,https://www.ibm.com/docs/ja/tririga/11.6.0?topic=metrics-solid-waste-recovery-metric
ES,不動産環境維持管理,M108,固形廃棄物回収 (%),環境,,明記,計算式,,回収された固形廃棄物の合計 / 固形廃棄物の合計,https://www.ibm.com/docs/ja/tririga/11.6.0?topic=metrics-solid-waste-recovery-type-metric
ES,不動産環境維持管理,M108,固形廃棄物回収 (%),環境,,明記,データを生む業務,,固形廃棄物ログ,https://www.ibm.com/docs/ja/tririga/11.6.0?topic=metrics-solid-waste-recovery-type-metric
ES,不動産環境維持管理,M108,固形廃棄物回収 (%),環境,,明記,格納先（ファクトBO）,triMetricFact,triLocationFact,https://www.ibm.com/docs/ja/tririga/11.6.0?topic=metrics-solid-waste-recovery-type-metric
ES,不動産環境維持管理,M112,運用コスト合計/炭素排出量 (USD/トン CO2),財務,Y,明記,計算式,,運用コスト合計 (TCO) / 合計 CO2e 出資比率報告、合計 CO2 出資比率報告、合計輸送出資比率報告、合計廃棄物出資比率報告,https://www.ibm.com/docs/ja/tririga/11.6.0?topic=pmm-total-cost-operations-carbon-emissions-usd-tons-co2-metric
ES,不動産環境維持管理,M112,運用コスト合計/炭素排出量 (USD/トン CO2),財務,Y,明記,データを生む業務,,輸送ログ,https://www.ibm.com/docs/ja/tririga/11.6.0?topic=pmm-total-cost-operations-carbon-emissions-usd-tons-co2-metric
ES,不動産環境維持管理,M112,運用コスト合計/炭素排出量 (USD/トン CO2),財務,Y,明記,データを生む業務,,廃棄物ログ,https://www.ibm.com/docs/ja/tririga/11.6.0?topic=pmm-total-cost-operations-carbon-emissions-usd-tons-co2-metric
ES,不動産環境維持管理,M112,運用コスト合計/炭素排出量 (USD/トン CO2),財務,Y,明記,データを生む業務,,財務状況の概要,https://www.ibm.com/docs/ja/tririga/11.6.0?topic=pmm-total-cost-operations-carbon-emissions-usd-tons-co2-metric
ES,不動産環境維持管理,M112,運用コスト合計/炭素排出量 (USD/トン CO2),財務,Y,明記,データを生む業務,,炭素フットプリント・ログ,https://www.ibm.com/docs/ja/tririga/11.6.0?topic=pmm-total-cost-operations-carbon-emissions-usd-tons-co2-metric
ES,不動産環境維持管理,M112,運用コスト合計/炭素排出量 (USD/トン CO2),財務,Y,明記,格納先（ファクトBO）,triMetricFact,triLocationFact,https://www.ibm.com/docs/ja/tririga/11.6.0?topic=pmm-total-cost-operations-carbon-emissions-usd-tons-co2-metric
ES,不動産環境維持管理,M119,水利用,環境,,明記,計算式,,水利用の合計 (水タイプ別),https://www.ibm.com/docs/ja/tririga/11.6.0?topic=metrics-water-use-metric
ES,不動産環境維持管理,M119,水利用,環境,,明記,データを生む業務,,水位ログ,https://www.ibm.com/docs/ja/tririga/11.6.0?topic=metrics-water-use-metric
ES,不動産環境維持管理,M119,水利用,環境,,明記,格納先（ファクトBO）,triMetricFact,triLocationFact,https://www.ibm.com/docs/ja/tririga/11.6.0?topic=metrics-water-use-metric
ES,不動産環境維持管理,M120,水使用強度 (CF/GSF),環境,,明記,計算式,,水利用の合計 / GSF,https://www.ibm.com/docs/ja/tririga/11.6.0?topic=metrics-water-use-intensity-cf-gsf-metric
ES,不動産環境維持管理,M120,水使用強度 (CF/GSF),環境,,明記,データを生む業務,,水位ログ,https://www.ibm.com/docs/ja/tririga/11.6.0?topic=metrics-water-use-intensity-cf-gsf-metric
ES,不動産環境維持管理,M120,水使用強度 (CF/GSF),環境,,明記,格納先（ファクトBO）,triMetricFact,triLocationFact,https://www.ibm.com/docs/ja/tririga/11.6.0?topic=metrics-water-use-intensity-cf-gsf-metric
ES,不動産環境維持管理,M121,占有者あたりの水使用強度 (CF),環境,,明記,計算式,,水利用の合計 / 占有者,https://www.ibm.com/docs/ja/tririga/11.6.0?topic=metrics-water-use-intensity-per-occupant-cf-metric
ES,不動産環境維持管理,M121,占有者あたりの水使用強度 (CF),環境,,明記,データを生む業務,,水位ログ,https://www.ibm.com/docs/ja/tririga/11.6.0?topic=metrics-water-use-intensity-per-occupant-cf-metric
ES,不動産環境維持管理,M121,占有者あたりの水使用強度 (CF),環境,,明記,格納先（ファクトBO）,triMetricFact,triLocationFact,https://www.ibm.com/docs/ja/tririga/11.6.0?topic=metrics-water-use-intensity-per-occupant-cf-metric
