大分類,データ種別,システム／保管場所,管理者,種別,帳票,No,項目,項目の意味,取得難易度,指標ID,指標名,計算式,指標の説明,データを生む業務,閲覧ロール,データ保持主体（原表）
会計財務データ,請求・支払実績,会計システム（ERP）,顧客 経理部門,システム,支払実績,7,支払日,賃料などを実際に支払った日,高,M004,オンタイム支払 (%) - My 不動産契約,オンタイム支払の件数 | 支払件数の合計,支払期日と照合して、タスクの支払が行われた実際の支払日を計算します。,スペース利用契約 (不動産業) | スペース割り振り (施設),RE 契約マネージャー,顧客の経理部門
会計財務データ,請求・支払実績,会計システム（ERP）,顧客 経理部門,システム,支払実績,15,支払日,賃料などを実際に支払った日,高,M008,平均未処理日数,未処理売掛金の平均 (今日から支払期日まで),平均未処理日数で測定されるリース売掛。,スペース利用契約 (不動産業) | スペース割り振り (施設),RE 契約マネージャー,顧客の経理部門
会計財務データ,請求・支払実績,会計システム（ERP）,顧客 経理部門,システム,支払実績,85,未処理売掛金 = 支払品目 (期日が今日以前で、かつ支払われた日付が NULL),支払期限を過ぎたのに、まだ支払っていない賃料など,高,M008,平均未処理日数,未処理売掛金の平均 (今日から支払期日まで),平均未処理日数で測定されるリース売掛。,スペース利用契約 (不動産業) | スペース割り振り (施設),RE 契約マネージャー,顧客の経理部門
会計財務データ,請求・支払実績,会計システム（ERP）,顧客 経理部門,システム,買掛・支払明細,5,支払品目,賃貸借契約で支払う費目（賃料・共益費など）,中,M004,オンタイム支払 (%) - My 不動産契約,オンタイム支払の件数 | 支払件数の合計,支払期日と照合して、タスクの支払が行われた実際の支払日を計算します。,スペース利用契約 (不動産業) | スペース割り振り (施設),RE 契約マネージャー,顧客の経理・不動産部門、貸主
会計財務データ,請求・支払実績,会計システム（ERP）,顧客 経理部門,システム,買掛・支払明細,10,貸主あたりの請求金額,貸主（大家）ごとの請求額,中,M006,監査からの削減 (%),支払差額の合計 | 貸主あたりの合計請求金額,請求書金額と照合して、監査対象の支払の節減を計算します。,スペース利用契約 (不動産業) | スペース割り振り (施設),RE 契約マネージャー,貸主、顧客の経理部門
会計財務データ,請求・支払実績,会計システム（ERP）,顧客 経理部門,システム,買掛・支払明細,85,未処理売掛金 = 支払品目 (期日が今日以前で、かつ支払われた日付が NULL),支払期限を過ぎたのに、まだ支払っていない賃料など,高,M008,平均未処理日数,未処理売掛金の平均 (今日から支払期日まで),平均未処理日数で測定されるリース売掛。,スペース利用契約 (不動産業) | スペース割り振り (施設),RE 契約マネージャー,顧客の経理部門
会計財務データ,請求・支払実績,会計システム（ERP）,顧客 経理部門,システム,銀行振込記録,7,支払日,賃料などを実際に支払った日,高,M004,オンタイム支払 (%) - My 不動産契約,オンタイム支払の件数 | 支払件数の合計,支払期日と照合して、タスクの支払が行われた実際の支払日を計算します。,スペース利用契約 (不動産業) | スペース割り振り (施設),RE 契約マネージャー,顧客の経理部門
会計財務データ,請求・支払実績,会計システム（ERP）,顧客 経理部門,システム,銀行振込記録,15,支払日,賃料などを実際に支払った日,高,M008,平均未処理日数,未処理売掛金の平均 (今日から支払期日まで),平均未処理日数で測定されるリース売掛。,スペース利用契約 (不動産業) | スペース割り振り (施設),RE 契約マネージャー,顧客の経理部門
会計財務データ,請求・支払実績,受領した請求書・証憑（紙／PDF）,顧客 経理部門,紙・Excel,貸主からの請求書,6,期限,賃料などの支払期限,中,M004,オンタイム支払 (%) - My 不動産契約,オンタイム支払の件数 | 支払件数の合計,支払期日と照合して、タスクの支払が行われた実際の支払日を計算します。,スペース利用契約 (不動産業) | スペース割り振り (施設),RE 契約マネージャー,顧客の経理・不動産部門、貸主
会計財務データ,請求・支払実績,受領した請求書・証憑（紙／PDF）,顧客 経理部門,紙・Excel,貸主からの請求書,10,貸主あたりの請求金額,貸主（大家）ごとの請求額,中,M006,監査からの削減 (%),支払差額の合計 | 貸主あたりの合計請求金額,請求書金額と照合して、監査対象の支払の節減を計算します。,スペース利用契約 (不動産業) | スペース割り振り (施設),RE 契約マネージャー,貸主、顧客の経理部門
会計財務データ,請求・支払実績,受領した請求書・証憑（紙／PDF）,顧客 経理部門,紙・Excel,貸主からの請求書,14,支払期日,賃料などの支払期限,中,M008,平均未処理日数,未処理売掛金の平均 (今日から支払期日まで),平均未処理日数で測定されるリース売掛。,スペース利用契約 (不動産業) | スペース割り振り (施設),RE 契約マネージャー,顧客の経理部門、貸主
会計財務データ,請求・支払実績,照合記録・監査調書,顧客 内部監査部門,紙・Excel,監査調書,11,支払差額,請求された額と契約上の額の差（払いすぎ・払い漏れ）,高,M006,監査からの削減 (%),支払差額の合計 | 貸主あたりの合計請求金額,請求書金額と照合して、監査対象の支払の節減を計算します。,スペース利用契約 (不動産業) | スペース割り振り (施設),RE 契約マネージャー,顧客の経理・内部監査部門（またはリース監査を受託するコンサル）
会計財務データ,請求・支払実績,照合記録・監査調書,顧客 内部監査部門,紙・Excel,請求額と契約額の照合記録,11,支払差額,請求された額と契約上の額の差（払いすぎ・払い漏れ）,高,M006,監査からの削減 (%),支払差額の合計 | 貸主あたりの合計請求金額,請求書金額と照合して、監査対象の支払の節減を計算します。,スペース利用契約 (不動産業) | スペース割り振り (施設),RE 契約マネージャー,顧客の経理・内部監査部門（またはリース監査を受託するコンサル）
会計財務データ,請求・支払実績,賃貸借契約・物件台帳（Excel／紙）,顧客 不動産部門,紙・Excel,賃貸借契約書,5,支払品目,賃貸借契約で支払う費目（賃料・共益費など）,中,M004,オンタイム支払 (%) - My 不動産契約,オンタイム支払の件数 | 支払件数の合計,支払期日と照合して、タスクの支払が行われた実際の支払日を計算します。,スペース利用契約 (不動産業) | スペース割り振り (施設),RE 契約マネージャー,顧客の経理・不動産部門、貸主
会計財務データ,請求・支払実績,賃貸借契約・物件台帳（Excel／紙）,顧客 不動産部門,紙・Excel,賃貸借契約書,6,期限,賃料などの支払期限,中,M004,オンタイム支払 (%) - My 不動産契約,オンタイム支払の件数 | 支払件数の合計,支払期日と照合して、タスクの支払が行われた実際の支払日を計算します。,スペース利用契約 (不動産業) | スペース割り振り (施設),RE 契約マネージャー,顧客の経理・不動産部門、貸主
会計財務データ,請求・支払実績,賃貸借契約・物件台帳（Excel／紙）,顧客 不動産部門,紙・Excel,賃貸借契約書,14,支払期日,賃料などの支払期限,中,M008,平均未処理日数,未処理売掛金の平均 (今日から支払期日まで),平均未処理日数で測定されるリース売掛。,スペース利用契約 (不動産業) | スペース割り振り (施設),RE 契約マネージャー,顧客の経理部門、貸主
会計財務データ,不動産の費用・収入,会計システム（ERP）,顧客 経理部門,システム,勘定元帳（全般）,27,支払品目から取り込まれた不動産コスト,不動産にかかる費用の合計（借りている物件・所有する物件）,中,M026,1 人あたりのコスト - 不動産契約,不動産コスト合計 / 合計人数,組織は、1 人あたりのコストの比率を低い状態に維持するように努力します。 1 人あたりのコストが高い場合は、スペース品質が許容できないものであるか、サービス・デリバリーが不十分であるか、または地理的な位置の条件が良くないことを示している可能性があります。,スペース利用契約 (不動産業) | スペース割り振り (施設),RE エグゼクティブ | RE トランザクション・マネージャー,顧客の経理・不動産部門
会計財務データ,不動産の費用・収入,会計システム（ERP）,顧客 経理部門,システム,固定資産台帳,25,支払品目から取り込まれた所有物件不動産コスト,自社で所有する物件にかかる費用（減価償却・固定資産税・保険など）,高,M025,面積あたりのコスト (所有) - 不動産契約,合計不動産コスト (所有) / 合計賃貸可能面積,不動産コストを管理対象面積の関数として等式化することによって、内部の傾向分析と外部のベンチマークを容易に実行できるようにします。,スペース利用契約 (不動産業) | スペース割り振り (施設),不動産トランザクション (ポートフォリオ) マネージャー,顧客の経理部門（固定資産・税務）
会計財務データ,不動産の費用・収入,会計システム（ERP）,顧客 経理部門,システム,地代家賃勘定,23,支払品目から取り込まれたリース不動産コスト,借りている物件にかかる費用（賃料など）,中,M024,面積あたりのコスト (リース済み) - 不動産契約,合計不動産コスト (リース済み) / 合計賃貸可能面積,不動産コストを管理対象面積の関数として等式化することによって、内部の傾向分析と外部のベンチマークを容易に実行できるようにします。,スペース利用契約 (不動産業) | スペース割り振り (施設),RE トランザクション・マネージャー,顧客の経理・不動産部門
会計財務データ,不動産の費用・収入,会計システム（ERP）,顧客 経理部門,システム,地代家賃勘定,29,支払品目から取り込まれた不動産リース・コスト,借りている物件の賃料などの費用,中,M027,席あたりのコスト – 不動産契約,不動産コスト合計 / 合計席数,組織は、席あたりのコストの比率を低い状態に維持するように努力します。 席あたりのコストが高い場合は、スペース品質が許容できないものであるか、サービス・デリバリーが不十分であるか、または地理的ロケーションが悪いことを示している可能性があります。,スペース利用契約 (不動産業) | スペース割り振り (施設),RE トランザクション・マネージャー,顧客の経理・不動産部門
会計財務データ,不動産の費用・収入,会計システム（ERP）,顧客 経理部門,システム,買掛・支払明細,23,支払品目から取り込まれたリース不動産コスト,借りている物件にかかる費用（賃料など）,中,M024,面積あたりのコスト (リース済み) - 不動産契約,合計不動産コスト (リース済み) / 合計賃貸可能面積,不動産コストを管理対象面積の関数として等式化することによって、内部の傾向分析と外部のベンチマークを容易に実行できるようにします。,スペース利用契約 (不動産業) | スペース割り振り (施設),RE トランザクション・マネージャー,顧客の経理・不動産部門
会計財務データ,不動産の費用・収入,会計システム（ERP）,顧客 経理部門,システム,買掛・支払明細,27,支払品目から取り込まれた不動産コスト,不動産にかかる費用の合計（借りている物件・所有する物件）,中,M026,1 人あたりのコスト - 不動産契約,不動産コスト合計 / 合計人数,組織は、1 人あたりのコストの比率を低い状態に維持するように努力します。 1 人あたりのコストが高い場合は、スペース品質が許容できないものであるか、サービス・デリバリーが不十分であるか、または地理的な位置の条件が良くないことを示している可能性があります。,スペース利用契約 (不動産業) | スペース割り振り (施設),RE エグゼクティブ | RE トランザクション・マネージャー,顧客の経理・不動産部門
会計財務データ,不動産の費用・収入,会計システム（ERP）,顧客 経理部門,システム,買掛・支払明細,29,支払品目から取り込まれた不動産リース・コスト,借りている物件の賃料などの費用,中,M027,席あたりのコスト – 不動産契約,不動産コスト合計 / 合計席数,組織は、席あたりのコストの比率を低い状態に維持するように努力します。 席あたりのコストが高い場合は、スペース品質が許容できないものであるか、サービス・デリバリーが不十分であるか、または地理的ロケーションが悪いことを示している可能性があります。,スペース利用契約 (不動産業) | スペース割り振り (施設),RE トランザクション・マネージャー,顧客の経理・不動産部門
会計財務データ,不動産の費用・収入,会計システム（ERP）,顧客 経理部門,システム,買掛・支払明細,132,面積あたりのコスト = 合計不動産コスト: 支払品目から取り込まれた不動産コスト (時間でフィルタリングされたもの) / 不動産契約: 合計賃貸可能面積,契約面積 1㎡ あたりの不動産費用,中,M117,空きコスト – 不動産契約,面積あたりのコスト / 空き面積合計,組織は空きコストを低く抑えようと努力しています。 空きコストが高いことは、スペースの品質が容認できないか、サービス・デリバリーが不適切であるか、地理的ロケーションが悪いことを示している場合があります。,スペース利用契約 (不動産業) | スペース割り振り (施設),RE エグゼクティブ,顧客の経理・不動産部門
会計財務データ,不動産の費用・収入,受領した請求書・証憑（紙／PDF）,顧客 経理部門,紙・Excel,保険証券,25,支払品目から取り込まれた所有物件不動産コスト,自社で所有する物件にかかる費用（減価償却・固定資産税・保険など）,高,M025,面積あたりのコスト (所有) - 不動産契約,合計不動産コスト (所有) / 合計賃貸可能面積,不動産コストを管理対象面積の関数として等式化することによって、内部の傾向分析と外部のベンチマークを容易に実行できるようにします。,スペース利用契約 (不動産業) | スペース割り振り (施設),不動産トランザクション (ポートフォリオ) マネージャー,顧客の経理部門（固定資産・税務）
会計財務データ,不動産の費用・収入,受領した請求書・証憑（紙／PDF）,顧客 経理部門,紙・Excel,固定資産税の納税通知,25,支払品目から取り込まれた所有物件不動産コスト,自社で所有する物件にかかる費用（減価償却・固定資産税・保険など）,高,M025,面積あたりのコスト (所有) - 不動産契約,合計不動産コスト (所有) / 合計賃貸可能面積,不動産コストを管理対象面積の関数として等式化することによって、内部の傾向分析と外部のベンチマークを容易に実行できるようにします。,スペース利用契約 (不動産業) | スペース割り振り (施設),不動産トランザクション (ポートフォリオ) マネージャー,顧客の経理部門（固定資産・税務）
会計財務データ,不動産の費用・収入,賃貸借契約・物件台帳（Excel／紙）,顧客 不動産部門,紙・Excel,賃貸借契約書,132,面積あたりのコスト = 合計不動産コスト: 支払品目から取り込まれた不動産コスト (時間でフィルタリングされたもの) / 不動産契約: 合計賃貸可能面積,契約面積 1㎡ あたりの不動産費用,中,M117,空きコスト – 不動産契約,面積あたりのコスト / 空き面積合計,組織は空きコストを低く抑えようと努力しています。 空きコストが高いことは、スペースの品質が容認できないか、サービス・デリバリーが不適切であるか、地理的ロケーションが悪いことを示している場合があります。,スペース利用契約 (不動産業) | スペース割り振り (施設),RE エグゼクティブ,顧客の経理・不動産部門
会計財務データ,不動産の費用・収入,賃貸管理（レントロール）,PM会社,システム,レントロール,42,所有物件不動産収入,自社で所有する物件を他社に貸して得ている賃料収入,中,M058,面積あたりの収入 (賃貸リース),合計不動産収入 (賃貸リース) / 合計賃貸可能面積,,スペース利用契約 (不動産業) | スペース割り振り (施設),RE 契約マネージャー,顧客の経理部門、PM（プロパティマネジメント）会社
会計財務データ,運用コスト・予算実績,BEMS,FM業者（設備管理）,システム,検針データ,74,「コスト・タイプ」が「公共料金」でフィルタリングされた財務サマリー・テーブルの合計。,電気・ガス・水道代の合計,中,M116,公共料金 / 面積 ($/面積),公共料金合計 / 施設面積合計,業界ベンチマークと釣り合わせるための方法を管理担当者に通知します。これにより、マネージャーは地域、施設、および建物タイプ全体で公共料金を比較することができます。,建物 (面積の計算) | 外部の企業システムからの財務データ,OP エグゼクティブ | OP サービス・マネージャー,顧客の経理部門、電力・ガス・水道会社
会計財務データ,運用コスト・予算実績,会計システム（ERP）,顧客 経理部門,システム,予算実績管理表,20,財務サマリー・オブジェクトは運用コストのサマリー・データを提供します,建物の運用コスト（保守・清掃・光熱費など）の集計,中,M021,運用コスト (金額/面積),運用コスト合計 / 面積 (面積単位) 運用コスト合計には、メンテナンス、維持管理、および公共料金が含まれます。,運用コストを管理対象面積の関数として等式化することによって、内部の傾向分析と外部のベンチマークを容易に実行できるようにします。 操作のコストは、 IBM® TRIRIGA® のコスト・コードで表される操作の総コスト、サブコンポーネント・レベル、および各種操作プロセスとして評価されます。,,EN ワークプレース・エグゼクティブ | FA 移動マネージャー/プランナー | FA スペース・マネージャー/プランナー | OP エグゼクティブ | OP サービス・マネージャー | OP 施設アセスメント・マネージャー/プランナー,顧客の経理部門（ERP）
会計財務データ,運用コスト・予算実績,会計システム（ERP）,顧客 経理部門,システム,予算実績管理表,20,財務サマリー・オブジェクトは運用コストのサマリー・データを提供します,建物の運用コスト（保守・清掃・光熱費など）の集計,中,M022,運用コスト ($/人),運用コスト合計 / 作業者数の合計 運用コスト合計には、メンテナンス、維持管理、および公共料金が含まれます。,施設占有者の人口を基準として運用コストを扱うことにより、内部の傾向分析と外部のベンチマークを容易に実行できるようにします。 操作のコストは、 IBM® TRIRIGA® のコスト・コードで表される操作の総コスト、サブコンポーネント・レベル、および各種操作プロセスとして評価されます。,,FA 移動マネージャー/プランナー | FA スペース・マネージャー/プランナー | OP エグゼクティブ | OP サービス・マネージャー | OP 施設アセスメント・マネージャー/プランナー,顧客の経理部門（ERP）
会計財務データ,運用コスト・予算実績,会計システム（ERP）,顧客 経理部門,システム,予算実績管理表,20,財務サマリー・オブジェクトは運用コストのサマリー・データを提供します,建物の運用コスト（保守・清掃・光熱費など）の集計,中,M023,運用コスト (サービス・タイプ別),サービス・タイプ別の運用コスト合計 サービス・タイプ別の運用コスト合計には、メンテナンス、維持管理、および公共料金が含まれます。,提供されるサービスを基準として運用コストを扱うことにより、内部の傾向分析と外部のベンチマークを容易に実行できるようにします。 操作のコストは、 IBM® TRIRIGA® のコスト・コードで表される操作の総コスト、サブコンポーネント・レベル、および各種操作プロセスとして評価されます。,,FA 移動マネージャー/プランナー | FA スペース・マネージャー/プランナー | OP エグゼクティブ | OP サービス・マネージャー | OP 施設アセスメント・マネージャー/プランナー,顧客の経理部門（ERP）
会計財務データ,運用コスト・予算実績,会計システム（ERP）,顧客 経理部門,システム,予算実績管理表,20,財務サマリー・オブジェクトは運用コストのサマリー・データを提供します,建物の運用コスト（保守・清掃・光熱費など）の集計,中,M063,移動コスト ($/面積),移動コスト合計 / 面積合計,コストを面積メトリックとして扱うことにより、内部の傾向分析と外部のベンチマークのためのコスト効率の比較を容易に実行できるようにします。,,FA 移動マネージャー/プランナー | OP エグゼクティブ | PR エグゼクティブ | PR マネージャー,顧客の経理部門（ERP）
会計財務データ,運用コスト・予算実績,会計システム（ERP）,顧客 経理部門,システム,予算実績管理表,20,財務サマリー・オブジェクトは運用コストのサマリー・データを提供します,建物の運用コスト（保守・清掃・光熱費など）の集計,中,M113,合計占有コスト (TCO) ($/面積),(運用コスト合計 + 固定資産提供コスト) / 合計賃貸可能面積,運用コストを管理対象面積の関数として等式化することによって、内部の傾向分析と外部のベンチマークを容易に実行できるようにします。 占有コストは、 IBM® TRIRIGA® のコスト・コードで表される、サブコンポーネント・レベルおよび各種操作プロセスでの、全体的な操作コストの合計として評価されます。,,EN ワークプレース・エグゼクティブ | FA 移動マネージャー/プランナー | FA スペース・マネージャー/プランナー | OP エグゼクティブ,顧客の経理部門（ERP）
会計財務データ,運用コスト・予算実績,会計システム（ERP）,顧客 経理部門,システム,予算実績管理表,70,「運用」コストのみでフィルタリングされた財務サマリー・テーブルの合計。 これには、作業場に関係するすべての運用コスト値 (移動、ユーティリティー、保全、地面、メンテナンスなど) が含まれます。,オフィス・施設の運営にかかる費用の合計（光熱費・清掃・保守・引越しなど）,高,M111,作業場合計運用コスト ($) / ビジネス運営経費合計 ($),作業場運用コスト合計 / ビジネス運用コスト合計,作業場運営コストをビジネス運営経費合計の関数として等式化することによって、内部の傾向分析と外部のベンチマークを容易に実行できるようにします。 エグゼクティブは、このメトリックを他のファイナンシャル・メトリックと一緒に使用することにより、さまざまな作業場サービスのコスト内訳を分析することができます。,コスト・コード | 地域 | ロケーション | 組織,EN ワークプレース・エグゼクティブ,顧客の経理部門（ERP）
会計財務データ,運用コスト・予算実績,会計システム（ERP）,顧客 経理部門,システム,予算実績管理表,70,「運用」コストのみでフィルタリングされた財務サマリー・テーブルの合計。 これには、作業場に関係するすべての運用コスト値 (移動、ユーティリティー、保全、地面、メンテナンスなど) が含まれます。,オフィス・施設の運営にかかる費用の合計（光熱費・清掃・保守・引越しなど）,高,M124,作業場合計運用コスト ($) /ビジネス総収益 ($),作業場運用コスト合計/事業収益合計,運用コストを事業収益合計の関数として等式化することによって、内部傾向分析および外部のベンチマークを容易に実行できるようにします。 このメトリックを他のファイナンシャル・メトリックと一緒に使用することにより、作業場サービスのコスト内訳を分析することができます。,コスト・コード | 地域 | ロケーション | 組織,EN ワークプレース・エグゼクティブ,顧客の経理部門（ERP）
会計財務データ,運用コスト・予算実績,会計システム（ERP）,顧客 経理部門,システム,予算実績管理表,72,財務サマリー・オブジェクトは運用コスト合計のサマリー・データを提供します,建物の運用コストの合計,中,M075,運用コスト (実績 vs 予算),運用コスト (実績 vs 予算),IBM® TRIRIGA® のコスト・コードで表される予算コストに対する実際のコストの測定を容易にします。,,EN ワークプレース・エグゼクティブ | FA 移動マネージャー/プランナー | FA スペース・マネージャー/プランナー | OP エグゼクティブ | OP サービス・マネージャー | OP 施設アセスメント・マネージャー/プランナー,顧客の経理部門（ERP）
会計財務データ,運用コスト・予算実績,会計システム（ERP）,顧客 経理部門,システム,予算実績管理表,72,財務サマリー・オブジェクトは運用コスト合計のサマリー・データを提供します,建物の運用コストの合計,中,M114,合計占有コスト (TCO) ($/人),(運用コスト合計 + 固定資産提供コスト) / 作業者数の合計,施設占有者の人口を基準として運用コストを扱うことにより、内部の傾向分析と外部のベンチマークを容易に実行できるようにします。 占有コストは、 IBM® TRIRIGA® のコスト・コードで表される、サブコンポーネント・レベルおよび各種操作プロセスでの、全体的な操作コストの合計として評価されます。,,FA 移動マネージャー/プランナー | OP エグゼクティブ,顧客の経理部門（ERP）
会計財務データ,運用コスト・予算実績,会計システム（ERP）,顧客 経理部門,システム,予算実績管理表,72,財務サマリー・オブジェクトは運用コスト合計のサマリー・データを提供します,建物の運用コストの合計,中,M115,合計占有コスト (TCO) (サービス・タイプ別),運用コスト合計 + 固定資産提供コスト,提供されるサービスを基準として運用コストを扱うことにより、内部の傾向分析と外部のベンチマークを容易に実行できるようにします。 占有コストは、 IBM® TRIRIGA® のコスト・コードで表される、サブコンポーネント・レベルおよび各種操作プロセスでの、全体的な操作コストの合計として評価されます。,,FA 移動マネージャー/プランナー | OP エグゼクティブ,顧客の経理部門（ERP）
会計財務データ,運用コスト・予算実績,会計システム（ERP）,顧客 経理部門,システム,予算実績管理表,102,「サービス・タイプ」 = 「メンテナンス」でフィルタリングされた財務サマリー・テーブルの合計。 これには、公共料金、保全、および地面などのすべてのメンテナンス関連コストの値が含まれます。,建物の維持にかかる費用の合計（光熱費・修繕・外構など）,中,M055,施設運営の現在の再取得価額 (CRV) 指数,メンテナンス・コスト合計 / 現在の再取得価額 (CRV) の合計,コストは固定であるため、工場および施設での正確な測定を容易に実行できます。 また、このメトリックを使用して一定期間にわたる増加の傾向を知ることも容易です。 メンテナンス・コストのパーセンテージが増加した場合、効率の指標と有効性の指標により、増加の原因となったメンテナンス領域が分かります。,建物 (「現在の再取得価額」フィールド) | 施設アセスメント (オプション),EN ワークプレース・エグゼクティブ | ES マネージャー/プランナー | OP エグゼクティブ | OP サービス・マネージャー | OP 施設アセスメント・マネージャー/プランナー,顧客の経理部門（ERP）、FM業者自身（自社請負分）
会計財務データ,運用コスト・予算実績,会計システム（ERP）,顧客 経理部門,システム,予算実績管理表,105,「コスト・タイプ」 = 「メンテナンス」でフィルタリングされた財務サマリー・テーブルの合計。 これには、公共料金、保全、地面などのすべてのメンテナンス関連コストの値が含まれます。,建物の維持にかかる費用の合計（光熱費・修繕・外構など）,中,M059,メンテナンス・コスト/面積 ($/面積),メンテナンス・コスト合計 / 施設面積合計,業界ベンチマークと比較してどのようであるかを管理担当者に通知し、管理者が複数の地域、施設、および建物タイプにわたってメンテナンス・コストを比較できるようにします。,建物 (面積の計算) | 外部の企業システムからの財務データ,OP エグゼクティブ | OP サービス・マネージャー | OP 施設アセスメント・マネージャー/プランナー,顧客の経理部門（ERP）、FM業者自身（自社請負分）
会計財務データ,運用コスト・予算実績,会計システム（ERP）,顧客 経理部門,システム,予算実績管理表,106,「サービス・タイプ」 = 「メンテナンス」でフィルタリングされた財務サマリー・テーブルの合計。 これには、公共料金、保全、地面などのすべてのメンテナンス関連コストの値が含まれます。,建物の維持にかかる費用の合計（光熱費・修繕・外構など）,中,M060,メンテナンス・コスト / メンテナンス対象面積,メンテナンス・コスト合計 / メンテナンス対象面積合計,業界ベンチマークと比較してどのようであるかを管理担当者に通知し、管理者が複数の地域、施設、および建物タイプにわたってメンテナンス・コストを比較できるようにします。 このメトリックは、総面積でなくメンテナンス対象の実面積のみ使用するという点で、「メンテナンス・コスト/面積」メトリックとは異なります。,建物 (面積の計算) | 外部の企業システムからの財務データ,OP エグゼクティブ | OP サービス・マネージャー | OP 施設アセスメント・マネージャー/プランナー | OP サービス技術員,顧客の経理部門（ERP）、FM業者自身（自社請負分）
会計財務データ,運用コスト・予算実績,会計システム（ERP）,顧客 経理部門,システム,予算実績管理表,114,財務サマリー・オブジェクトは運用コスト合計のサマリー・データを提供します。,建物の運用コストの予算・実績・今後の見込み,中,M076,運用コスト (予算、実際、予測の比較),運用コスト (予算、実際、予測の比較),IBM® TRIRIGA® のコスト・コードで表される予算コストに対する実際のコストの測定を容易にします。,,EN ワークプレース・エグゼクティブ | ES マネージャー/プランナー | FA 移動マネージャー/プランナー | FA スペース・マネージャー/プランナー | OP エグゼクティブ | OP サービス・マネージャー | OP 施設アセスメント・マネージャー/プランナー,顧客の経理部門（ERP）
会計財務データ,運用コスト・予算実績,会計システム（ERP）,顧客 経理部門,システム,修繕費・保守料勘定,97,「コスト・タイプ」 = 「保全」でフィルタリングされた財務サマリー・テーブルの合計,修繕・保守にかかった費用の合計,中,M029,維持管理コスト / 面積 ($/面積),保全コスト合計 / 施設面積合計,業界ベンチマークと比較した場合のパフォーマンスを管理担当者に通知し、管理者が複数の地域、施設、および建物タイプにわたって保全コストを比較できるようにします。,建物 (面積の計算) | 外部の企業システムからの財務データ,OP エグゼクティブ | OP サービス・マネージャー,顧客の経理部門（ERP）、FM業者自身（自社請負分）
会計財務データ,運用コスト・予算実績,会計システム（ERP）,顧客 経理部門,システム,勘定元帳（全般）,68,「サービス・タイプ」が「セキュリティー関連備品」でフィルタリングされた財務サマリー・テーブルの合計。,警備・防犯にかかる費用の合計,中,M100,セキュリティー・コスト / メンテナンス対象面積,セキュリティー・コスト合計 / メンテナンス対象面積合計,業界ベンチマークと比較してどのようであるかを管理担当者に通知し、管理者が複数の地域、施設、および建物タイプにわたってセキュリティー・コストを比較できるようにします。 このメトリックは、総面積でなくメンテナンス対象の実面積のみ含むという点で、「メンテナンス・コスト/面積」メトリックとは異なります。,建物 (面積の計算) | 外部の企業システムからの財務データ,OP エグゼクティブ | OP サービス・マネージャー | OP 施設アセスメント・マネージャー/プランナー | OP サービス技術員,顧客の経理・総務部門、警備会社
会計財務データ,運用コスト・予算実績,会計システム（ERP）,顧客 経理部門,システム,費目別集計・管理費明細,20,財務サマリー・オブジェクトは運用コストのサマリー・データを提供します,建物の運用コスト（保守・清掃・光熱費など）の集計,中,M021,運用コスト (金額/面積),運用コスト合計 / 面積 (面積単位) 運用コスト合計には、メンテナンス、維持管理、および公共料金が含まれます。,運用コストを管理対象面積の関数として等式化することによって、内部の傾向分析と外部のベンチマークを容易に実行できるようにします。 操作のコストは、 IBM® TRIRIGA® のコスト・コードで表される操作の総コスト、サブコンポーネント・レベル、および各種操作プロセスとして評価されます。,,EN ワークプレース・エグゼクティブ | FA 移動マネージャー/プランナー | FA スペース・マネージャー/プランナー | OP エグゼクティブ | OP サービス・マネージャー | OP 施設アセスメント・マネージャー/プランナー,顧客の経理部門（ERP）
会計財務データ,運用コスト・予算実績,会計システム（ERP）,顧客 経理部門,システム,費目別集計・管理費明細,20,財務サマリー・オブジェクトは運用コストのサマリー・データを提供します,建物の運用コスト（保守・清掃・光熱費など）の集計,中,M022,運用コスト ($/人),運用コスト合計 / 作業者数の合計 運用コスト合計には、メンテナンス、維持管理、および公共料金が含まれます。,施設占有者の人口を基準として運用コストを扱うことにより、内部の傾向分析と外部のベンチマークを容易に実行できるようにします。 操作のコストは、 IBM® TRIRIGA® のコスト・コードで表される操作の総コスト、サブコンポーネント・レベル、および各種操作プロセスとして評価されます。,,FA 移動マネージャー/プランナー | FA スペース・マネージャー/プランナー | OP エグゼクティブ | OP サービス・マネージャー | OP 施設アセスメント・マネージャー/プランナー,顧客の経理部門（ERP）
会計財務データ,運用コスト・予算実績,会計システム（ERP）,顧客 経理部門,システム,費目別集計・管理費明細,20,財務サマリー・オブジェクトは運用コストのサマリー・データを提供します,建物の運用コスト（保守・清掃・光熱費など）の集計,中,M023,運用コスト (サービス・タイプ別),サービス・タイプ別の運用コスト合計 サービス・タイプ別の運用コスト合計には、メンテナンス、維持管理、および公共料金が含まれます。,提供されるサービスを基準として運用コストを扱うことにより、内部の傾向分析と外部のベンチマークを容易に実行できるようにします。 操作のコストは、 IBM® TRIRIGA® のコスト・コードで表される操作の総コスト、サブコンポーネント・レベル、および各種操作プロセスとして評価されます。,,FA 移動マネージャー/プランナー | FA スペース・マネージャー/プランナー | OP エグゼクティブ | OP サービス・マネージャー | OP 施設アセスメント・マネージャー/プランナー,顧客の経理部門（ERP）
会計財務データ,運用コスト・予算実績,会計システム（ERP）,顧客 経理部門,システム,費目別集計・管理費明細,20,財務サマリー・オブジェクトは運用コストのサマリー・データを提供します,建物の運用コスト（保守・清掃・光熱費など）の集計,中,M063,移動コスト ($/面積),移動コスト合計 / 面積合計,コストを面積メトリックとして扱うことにより、内部の傾向分析と外部のベンチマークのためのコスト効率の比較を容易に実行できるようにします。,,FA 移動マネージャー/プランナー | OP エグゼクティブ | PR エグゼクティブ | PR マネージャー,顧客の経理部門（ERP）
会計財務データ,運用コスト・予算実績,会計システム（ERP）,顧客 経理部門,システム,費目別集計・管理費明細,20,財務サマリー・オブジェクトは運用コストのサマリー・データを提供します,建物の運用コスト（保守・清掃・光熱費など）の集計,中,M113,合計占有コスト (TCO) ($/面積),(運用コスト合計 + 固定資産提供コスト) / 合計賃貸可能面積,運用コストを管理対象面積の関数として等式化することによって、内部の傾向分析と外部のベンチマークを容易に実行できるようにします。 占有コストは、 IBM® TRIRIGA® のコスト・コードで表される、サブコンポーネント・レベルおよび各種操作プロセスでの、全体的な操作コストの合計として評価されます。,,EN ワークプレース・エグゼクティブ | FA 移動マネージャー/プランナー | FA スペース・マネージャー/プランナー | OP エグゼクティブ,顧客の経理部門（ERP）
会計財務データ,運用コスト・予算実績,会計システム（ERP）,顧客 経理部門,システム,費目別集計・管理費明細,70,「運用」コストのみでフィルタリングされた財務サマリー・テーブルの合計。 これには、作業場に関係するすべての運用コスト値 (移動、ユーティリティー、保全、地面、メンテナンスなど) が含まれます。,オフィス・施設の運営にかかる費用の合計（光熱費・清掃・保守・引越しなど）,高,M111,作業場合計運用コスト ($) / ビジネス運営経費合計 ($),作業場運用コスト合計 / ビジネス運用コスト合計,作業場運営コストをビジネス運営経費合計の関数として等式化することによって、内部の傾向分析と外部のベンチマークを容易に実行できるようにします。 エグゼクティブは、このメトリックを他のファイナンシャル・メトリックと一緒に使用することにより、さまざまな作業場サービスのコスト内訳を分析することができます。,コスト・コード | 地域 | ロケーション | 組織,EN ワークプレース・エグゼクティブ,顧客の経理部門（ERP）
会計財務データ,運用コスト・予算実績,会計システム（ERP）,顧客 経理部門,システム,費目別集計・管理費明細,70,「運用」コストのみでフィルタリングされた財務サマリー・テーブルの合計。 これには、作業場に関係するすべての運用コスト値 (移動、ユーティリティー、保全、地面、メンテナンスなど) が含まれます。,オフィス・施設の運営にかかる費用の合計（光熱費・清掃・保守・引越しなど）,高,M124,作業場合計運用コスト ($) /ビジネス総収益 ($),作業場運用コスト合計/事業収益合計,運用コストを事業収益合計の関数として等式化することによって、内部傾向分析および外部のベンチマークを容易に実行できるようにします。 このメトリックを他のファイナンシャル・メトリックと一緒に使用することにより、作業場サービスのコスト内訳を分析することができます。,コスト・コード | 地域 | ロケーション | 組織,EN ワークプレース・エグゼクティブ,顧客の経理部門（ERP）
会計財務データ,運用コスト・予算実績,会計システム（ERP）,顧客 経理部門,システム,費目別集計・管理費明細,72,財務サマリー・オブジェクトは運用コスト合計のサマリー・データを提供します,建物の運用コストの合計,中,M075,運用コスト (実績 vs 予算),運用コスト (実績 vs 予算),IBM® TRIRIGA® のコスト・コードで表される予算コストに対する実際のコストの測定を容易にします。,,EN ワークプレース・エグゼクティブ | FA 移動マネージャー/プランナー | FA スペース・マネージャー/プランナー | OP エグゼクティブ | OP サービス・マネージャー | OP 施設アセスメント・マネージャー/プランナー,顧客の経理部門（ERP）
会計財務データ,運用コスト・予算実績,会計システム（ERP）,顧客 経理部門,システム,費目別集計・管理費明細,72,財務サマリー・オブジェクトは運用コスト合計のサマリー・データを提供します,建物の運用コストの合計,中,M114,合計占有コスト (TCO) ($/人),(運用コスト合計 + 固定資産提供コスト) / 作業者数の合計,施設占有者の人口を基準として運用コストを扱うことにより、内部の傾向分析と外部のベンチマークを容易に実行できるようにします。 占有コストは、 IBM® TRIRIGA® のコスト・コードで表される、サブコンポーネント・レベルおよび各種操作プロセスでの、全体的な操作コストの合計として評価されます。,,FA 移動マネージャー/プランナー | OP エグゼクティブ,顧客の経理部門（ERP）
会計財務データ,運用コスト・予算実績,会計システム（ERP）,顧客 経理部門,システム,費目別集計・管理費明細,72,財務サマリー・オブジェクトは運用コスト合計のサマリー・データを提供します,建物の運用コストの合計,中,M115,合計占有コスト (TCO) (サービス・タイプ別),運用コスト合計 + 固定資産提供コスト,提供されるサービスを基準として運用コストを扱うことにより、内部の傾向分析と外部のベンチマークを容易に実行できるようにします。 占有コストは、 IBM® TRIRIGA® のコスト・コードで表される、サブコンポーネント・レベルおよび各種操作プロセスでの、全体的な操作コストの合計として評価されます。,,FA 移動マネージャー/プランナー | OP エグゼクティブ,顧客の経理部門（ERP）
会計財務データ,運用コスト・予算実績,会計システム（ERP）,顧客 経理部門,システム,費目別集計・管理費明細,114,財務サマリー・オブジェクトは運用コスト合計のサマリー・データを提供します。,建物の運用コストの予算・実績・今後の見込み,中,M076,運用コスト (予算、実際、予測の比較),運用コスト (予算、実際、予測の比較),IBM® TRIRIGA® のコスト・コードで表される予算コストに対する実際のコストの測定を容易にします。,,EN ワークプレース・エグゼクティブ | ES マネージャー/プランナー | FA 移動マネージャー/プランナー | FA スペース・マネージャー/プランナー | OP エグゼクティブ | OP サービス・マネージャー | OP 施設アセスメント・マネージャー/プランナー,顧客の経理部門（ERP）
会計財務データ,運用コスト・予算実績,受領した請求書・証憑（紙／PDF）,顧客 経理部門,紙・Excel,光熱水費の請求書,74,「コスト・タイプ」が「公共料金」でフィルタリングされた財務サマリー・テーブルの合計。,電気・ガス・水道代の合計,中,M116,公共料金 / 面積 ($/面積),公共料金合計 / 施設面積合計,業界ベンチマークと釣り合わせるための方法を管理担当者に通知します。これにより、マネージャーは地域、施設、および建物タイプ全体で公共料金を比較することができます。,建物 (面積の計算) | 外部の企業システムからの財務データ,OP エグゼクティブ | OP サービス・マネージャー,顧客の経理部門、電力・ガス・水道会社
会計財務データ,運用コスト・予算実績,受領した請求書・証憑（紙／PDF）,顧客 経理部門,紙・Excel,光熱水費の請求書,102,「サービス・タイプ」 = 「メンテナンス」でフィルタリングされた財務サマリー・テーブルの合計。 これには、公共料金、保全、および地面などのすべてのメンテナンス関連コストの値が含まれます。,建物の維持にかかる費用の合計（光熱費・修繕・外構など）,中,M055,施設運営の現在の再取得価額 (CRV) 指数,メンテナンス・コスト合計 / 現在の再取得価額 (CRV) の合計,コストは固定であるため、工場および施設での正確な測定を容易に実行できます。 また、このメトリックを使用して一定期間にわたる増加の傾向を知ることも容易です。 メンテナンス・コストのパーセンテージが増加した場合、効率の指標と有効性の指標により、増加の原因となったメンテナンス領域が分かります。,建物 (「現在の再取得価額」フィールド) | 施設アセスメント (オプション),EN ワークプレース・エグゼクティブ | ES マネージャー/プランナー | OP エグゼクティブ | OP サービス・マネージャー | OP 施設アセスメント・マネージャー/プランナー,顧客の経理部門（ERP）、FM業者自身（自社請負分）
会計財務データ,運用コスト・予算実績,受領した請求書・証憑（紙／PDF）,顧客 経理部門,紙・Excel,光熱水費の請求書,105,「コスト・タイプ」 = 「メンテナンス」でフィルタリングされた財務サマリー・テーブルの合計。 これには、公共料金、保全、地面などのすべてのメンテナンス関連コストの値が含まれます。,建物の維持にかかる費用の合計（光熱費・修繕・外構など）,中,M059,メンテナンス・コスト/面積 ($/面積),メンテナンス・コスト合計 / 施設面積合計,業界ベンチマークと比較してどのようであるかを管理担当者に通知し、管理者が複数の地域、施設、および建物タイプにわたってメンテナンス・コストを比較できるようにします。,建物 (面積の計算) | 外部の企業システムからの財務データ,OP エグゼクティブ | OP サービス・マネージャー | OP 施設アセスメント・マネージャー/プランナー,顧客の経理部門（ERP）、FM業者自身（自社請負分）
会計財務データ,運用コスト・予算実績,受領した請求書・証憑（紙／PDF）,顧客 経理部門,紙・Excel,光熱水費の請求書,106,「サービス・タイプ」 = 「メンテナンス」でフィルタリングされた財務サマリー・テーブルの合計。 これには、公共料金、保全、地面などのすべてのメンテナンス関連コストの値が含まれます。,建物の維持にかかる費用の合計（光熱費・修繕・外構など）,中,M060,メンテナンス・コスト / メンテナンス対象面積,メンテナンス・コスト合計 / メンテナンス対象面積合計,業界ベンチマークと比較してどのようであるかを管理担当者に通知し、管理者が複数の地域、施設、および建物タイプにわたってメンテナンス・コストを比較できるようにします。 このメトリックは、総面積でなくメンテナンス対象の実面積のみ使用するという点で、「メンテナンス・コスト/面積」メトリックとは異なります。,建物 (面積の計算) | 外部の企業システムからの財務データ,OP エグゼクティブ | OP サービス・マネージャー | OP 施設アセスメント・マネージャー/プランナー | OP サービス技術員,顧客の経理部門（ERP）、FM業者自身（自社請負分）
会計財務データ,運用コスト・予算実績,受領した請求書・証憑（紙／PDF）,顧客 経理部門,紙・Excel,引越しの見積書・請求書,46,移動プロジェクトの実コスト,引越し・席替えに実際にかかった費用,中,M064,移動コスト ($/移動された人物),移動コスト合計 / 移動された人物の合計,コストを人物ごとのメトリックとして扱うことにより、内部の傾向分析と外部のベンチマークのためのコスト効率の比較を容易に実行できるようにします。,,FA 移動マネージャー/プランナー | PR エグゼクティブ | PR マネージャー,顧客の総務部門、引越業者
会計財務データ,運用コスト・予算実績,受領した請求書・証憑（紙／PDF）,顧客 経理部門,紙・Excel,警備委託の請求書,68,「サービス・タイプ」が「セキュリティー関連備品」でフィルタリングされた財務サマリー・テーブルの合計。,警備・防犯にかかる費用の合計,中,M100,セキュリティー・コスト / メンテナンス対象面積,セキュリティー・コスト合計 / メンテナンス対象面積合計,業界ベンチマークと比較してどのようであるかを管理担当者に通知し、管理者が複数の地域、施設、および建物タイプにわたってセキュリティー・コストを比較できるようにします。 このメトリックは、総面積でなくメンテナンス対象の実面積のみ含むという点で、「メンテナンス・コスト/面積」メトリックとは異なります。,建物 (面積の計算) | 外部の企業システムからの財務データ,OP エグゼクティブ | OP サービス・マネージャー | OP 施設アセスメント・マネージャー/プランナー | OP サービス技術員,顧客の経理・総務部門、警備会社
会計財務データ,運用コスト・予算実績,座席・レイアウト資料（Excel／CAD／紙）,顧客 総務部門,紙・Excel,セキュリティ機器の保守契約,68,「サービス・タイプ」が「セキュリティー関連備品」でフィルタリングされた財務サマリー・テーブルの合計。,警備・防犯にかかる費用の合計,中,M100,セキュリティー・コスト / メンテナンス対象面積,セキュリティー・コスト合計 / メンテナンス対象面積合計,業界ベンチマークと比較してどのようであるかを管理担当者に通知し、管理者が複数の地域、施設、および建物タイプにわたってセキュリティー・コストを比較できるようにします。 このメトリックは、総面積でなくメンテナンス対象の実面積のみ含むという点で、「メンテナンス・コスト/面積」メトリックとは異なります。,建物 (面積の計算) | 外部の企業システムからの財務データ,OP エグゼクティブ | OP サービス・マネージャー | OP 施設アセスメント・マネージャー/プランナー | OP サービス技術員,顧客の経理・総務部門、警備会社
会計財務データ,運用コスト・予算実績,座席・レイアウト資料（Excel／CAD／紙）,顧客 総務部門,紙・Excel,移転プロジェクトの予算実績表,46,移動プロジェクトの実コスト,引越し・席替えに実際にかかった費用,中,M064,移動コスト ($/移動された人物),移動コスト合計 / 移動された人物の合計,コストを人物ごとのメトリックとして扱うことにより、内部の傾向分析と外部のベンチマークのためのコスト効率の比較を容易に実行できるようにします。,,FA 移動マネージャー/プランナー | PR エグゼクティブ | PR マネージャー,顧客の総務部門、引越業者
会計財務データ,運用コスト・予算実績,見積・請求管理,FM業者（営業・経理）,システム,作業実績・請求明細,97,「コスト・タイプ」 = 「保全」でフィルタリングされた財務サマリー・テーブルの合計,修繕・保守にかかった費用の合計,中,M029,維持管理コスト / 面積 ($/面積),保全コスト合計 / 施設面積合計,業界ベンチマークと比較した場合のパフォーマンスを管理担当者に通知し、管理者が複数の地域、施設、および建物タイプにわたって保全コストを比較できるようにします。,建物 (面積の計算) | 外部の企業システムからの財務データ,OP エグゼクティブ | OP サービス・マネージャー,顧客の経理部門（ERP）、FM業者自身（自社請負分）
会計財務データ,運用コスト・予算実績,見積・請求管理,FM業者（営業・経理）,システム,作業実績・請求明細,102,「サービス・タイプ」 = 「メンテナンス」でフィルタリングされた財務サマリー・テーブルの合計。 これには、公共料金、保全、および地面などのすべてのメンテナンス関連コストの値が含まれます。,建物の維持にかかる費用の合計（光熱費・修繕・外構など）,中,M055,施設運営の現在の再取得価額 (CRV) 指数,メンテナンス・コスト合計 / 現在の再取得価額 (CRV) の合計,コストは固定であるため、工場および施設での正確な測定を容易に実行できます。 また、このメトリックを使用して一定期間にわたる増加の傾向を知ることも容易です。 メンテナンス・コストのパーセンテージが増加した場合、効率の指標と有効性の指標により、増加の原因となったメンテナンス領域が分かります。,建物 (「現在の再取得価額」フィールド) | 施設アセスメント (オプション),EN ワークプレース・エグゼクティブ | ES マネージャー/プランナー | OP エグゼクティブ | OP サービス・マネージャー | OP 施設アセスメント・マネージャー/プランナー,顧客の経理部門（ERP）、FM業者自身（自社請負分）
会計財務データ,運用コスト・予算実績,見積・請求管理,FM業者（営業・経理）,システム,作業実績・請求明細,105,「コスト・タイプ」 = 「メンテナンス」でフィルタリングされた財務サマリー・テーブルの合計。 これには、公共料金、保全、地面などのすべてのメンテナンス関連コストの値が含まれます。,建物の維持にかかる費用の合計（光熱費・修繕・外構など）,中,M059,メンテナンス・コスト/面積 ($/面積),メンテナンス・コスト合計 / 施設面積合計,業界ベンチマークと比較してどのようであるかを管理担当者に通知し、管理者が複数の地域、施設、および建物タイプにわたってメンテナンス・コストを比較できるようにします。,建物 (面積の計算) | 外部の企業システムからの財務データ,OP エグゼクティブ | OP サービス・マネージャー | OP 施設アセスメント・マネージャー/プランナー,顧客の経理部門（ERP）、FM業者自身（自社請負分）
会計財務データ,運用コスト・予算実績,見積・請求管理,FM業者（営業・経理）,システム,作業実績・請求明細,106,「サービス・タイプ」 = 「メンテナンス」でフィルタリングされた財務サマリー・テーブルの合計。 これには、公共料金、保全、地面などのすべてのメンテナンス関連コストの値が含まれます。,建物の維持にかかる費用の合計（光熱費・修繕・外構など）,中,M060,メンテナンス・コスト / メンテナンス対象面積,メンテナンス・コスト合計 / メンテナンス対象面積合計,業界ベンチマークと比較してどのようであるかを管理担当者に通知し、管理者が複数の地域、施設、および建物タイプにわたってメンテナンス・コストを比較できるようにします。 このメトリックは、総面積でなくメンテナンス対象の実面積のみ使用するという点で、「メンテナンス・コスト/面積」メトリックとは異なります。,建物 (面積の計算) | 外部の企業システムからの財務データ,OP エグゼクティブ | OP サービス・マネージャー | OP 施設アセスメント・マネージャー/プランナー | OP サービス技術員,顧客の経理部門（ERP）、FM業者自身（自社請負分）
会計財務データ,設備投資・工事費,不動産プロジェクト記録（Excel／MS Project）,顧客 不動産部門（プロジェクト責任者）,紙・Excel,プロジェクト予算管理表,119,予算超過プロジェクト =「最終予測」>「現在の予算」,最終的な見込み額が予算を超えている工事,中,M084,予算超過プロジェクト率,予算超過のプロジェクト数 / プロジェクト数の合計,組織が予算に対してプロジェクトをどの程度適切に管理しているかを示す全体像を管理担当者に提供します。 プロジェクトをプログラムにロールアップしたり、このメトリックを地域別またはプロジェクト・タイプ別に表示したりすることによって、管理担当者は予算の問題の発生元を切り分けることができます。,資本プロジェクト、予算、変更要求管理,EN ワークプレース・エグゼクティブ | PR エグゼクティブ | PR マネージャー,顧客の施設・不動産部門（プロジェクト責任者）、CM会社
会計財務データ,設備投資・工事費,不動産プロジェクト記録（Excel／MS Project）,顧客 不動産部門（プロジェクト責任者）,紙・Excel,変更契約書・追加変更工事の合意書,91,契約変更要求の合計金額 = 契約ごとの各変更要求の「変更額」の合計,工事契約の追加・変更で増減した金額の合計,中,M016,契約に対する変更要求,契約変更要求の合計金額 / 契約の元のコミットメント,プロジェクトの予算のうちで、変更要求がどれだけの部分を占めるかを、元の契約に対する割合 (パーセント) で示します。,,PR マネージャー | PR エグゼクティブ,顧客の施設・不動産部門（工事発注担当）、施工会社
会計財務データ,設備投資・工事費,不動産プロジェクト記録（Excel／MS Project）,顧客 不動産部門（プロジェクト責任者）,紙・Excel,工事請負契約書,92,契約の元のコミットメント = 「契約の一般情報 (Contract General)」ページの「サマリー」セクションの「A. 元のコミットメント」の金額,工事契約の当初の契約金額,中,M016,契約に対する変更要求,契約変更要求の合計金額 / 契約の元のコミットメント,プロジェクトの予算のうちで、変更要求がどれだけの部分を占めるかを、元の契約に対する割合 (パーセント) で示します。,,PR マネージャー | PR エグゼクティブ,顧客の施設・不動産部門（工事発注担当）、施工会社
会計財務データ,設備投資・工事費,不動産プロジェクト記録（Excel／MS Project）,顧客 不動産部門（プロジェクト責任者）,紙・Excel,稟議書,92,契約の元のコミットメント = 「契約の一般情報 (Contract General)」ページの「サマリー」セクションの「A. 元のコミットメント」の金額,工事契約の当初の契約金額,中,M016,契約に対する変更要求,契約変更要求の合計金額 / 契約の元のコミットメント,プロジェクトの予算のうちで、変更要求がどれだけの部分を占めるかを、元の契約に対する割合 (パーセント) で示します。,,PR マネージャー | PR エグゼクティブ,顧客の施設・不動産部門（工事発注担当）、施工会社
会計財務データ,設備投資・工事費,不動産プロジェクト記録（Excel／MS Project）,顧客 不動産部門（プロジェクト責任者）,紙・Excel,稟議書,119,予算超過プロジェクト =「最終予測」>「現在の予算」,最終的な見込み額が予算を超えている工事,中,M084,予算超過プロジェクト率,予算超過のプロジェクト数 / プロジェクト数の合計,組織が予算に対してプロジェクトをどの程度適切に管理しているかを示す全体像を管理担当者に提供します。 プロジェクトをプログラムにロールアップしたり、このメトリックを地域別またはプロジェクト・タイプ別に表示したりすることによって、管理担当者は予算の問題の発生元を切り分けることができます。,資本プロジェクト、予算、変更要求管理,EN ワークプレース・エグゼクティブ | PR エグゼクティブ | PR マネージャー,顧客の施設・不動産部門（プロジェクト責任者）、CM会社
会計財務データ,設備投資・工事費,会計システム（ERP）,顧客 経理部門,システム,固定資産台帳,88,財務サマリー・オブジェクトは、合計資本コストのサマリー・データを提供します。,設備投資（大規模修繕・更新工事など）の費用,高,M012,資本コスト (実績 vs 予算),資本コスト (実績 vs 予算),IBM® TRIRIGA® のコスト・コードで表される予算コストに対する実際のコストの測定を容易にします。,,EN ワークプレース・エグゼクティブ | ES マネージャー/プランナー | FA 移動マネージャー/プランナー | OP エグゼクティブ | OP 施設アセスメント・マネージャー/プランナー,顧客の経理部門（固定資産・予算管理）
会計財務データ,設備投資・工事費,会計システム（ERP）,顧客 経理部門,システム,固定資産台帳,88,財務サマリー・オブジェクトは、合計資本コストのサマリー・データを提供します。,設備投資（大規模修繕・更新工事など）の費用,高,M013,資本コスト (予算、実際、予測の比較),資本コスト (予算、実際、予測の比較),IBM® TRIRIGA® のコスト・コードで表される予算コストに対する実際のコストの測定を容易にします。,,EN ワークプレース・エグゼクティブ | FA 移動マネージャー/プランナー | OP エグゼクティブ | OP 施設アセスメント・マネージャー/プランナー,顧客の経理部門（固定資産・予算管理）
会計財務データ,設備投資・工事費,会計システム（ERP）,顧客 経理部門,システム,固定資産台帳,89,「コスト・タイプ」 = 「資本」でフィルタリングされた財務サマリー・テーブルの合計,設備投資（大規模修繕・更新工事など）の費用の合計,高,M014,資本更新指数,資本コスト合計 / 現在の再取得価額 (CRV) の合計,施設の再取得価額に関連する施設内の資本投資について管理担当者に通知します。 施設の支出について資本サイドの視点を提供する主要なパフォーマンス測定値です。,建物 (「現在の再取得価額」フィールド) | 外部の企業システムからの財務データ,EN ワークプレース・エグゼクティブ | ES マネージャー/プランナー | OP エグゼクティブ | OP サービス・マネージャー | OP 施設アセスメント・マネージャー/プランナー,顧客の経理部門（固定資産）
会計財務データ,設備投資・工事費,会計システム（ERP）,顧客 経理部門,システム,設備投資の予算実績表,88,財務サマリー・オブジェクトは、合計資本コストのサマリー・データを提供します。,設備投資（大規模修繕・更新工事など）の費用,高,M012,資本コスト (実績 vs 予算),資本コスト (実績 vs 予算),IBM® TRIRIGA® のコスト・コードで表される予算コストに対する実際のコストの測定を容易にします。,,EN ワークプレース・エグゼクティブ | ES マネージャー/プランナー | FA 移動マネージャー/プランナー | OP エグゼクティブ | OP 施設アセスメント・マネージャー/プランナー,顧客の経理部門（固定資産・予算管理）
会計財務データ,設備投資・工事費,会計システム（ERP）,顧客 経理部門,システム,設備投資の予算実績表,88,財務サマリー・オブジェクトは、合計資本コストのサマリー・データを提供します。,設備投資（大規模修繕・更新工事など）の費用,高,M013,資本コスト (予算、実際、予測の比較),資本コスト (予算、実際、予測の比較),IBM® TRIRIGA® のコスト・コードで表される予算コストに対する実際のコストの測定を容易にします。,,EN ワークプレース・エグゼクティブ | FA 移動マネージャー/プランナー | OP エグゼクティブ | OP 施設アセスメント・マネージャー/プランナー,顧客の経理部門（固定資産・予算管理）
会計財務データ,設備投資・工事費,会計システム（ERP）,顧客 経理部門,システム,設備投資の予算実績表,89,「コスト・タイプ」 = 「資本」でフィルタリングされた財務サマリー・テーブルの合計,設備投資（大規模修繕・更新工事など）の費用の合計,高,M014,資本更新指数,資本コスト合計 / 現在の再取得価額 (CRV) の合計,施設の再取得価額に関連する施設内の資本投資について管理担当者に通知します。 施設の支出について資本サイドの視点を提供する主要なパフォーマンス測定値です。,建物 (「現在の再取得価額」フィールド) | 外部の企業システムからの財務データ,EN ワークプレース・エグゼクティブ | ES マネージャー/プランナー | OP エグゼクティブ | OP サービス・マネージャー | OP 施設アセスメント・マネージャー/プランナー,顧客の経理部門（固定資産）
会計財務データ,設備投資・工事費,工事管理資料（施工会社・CM会社）,施工会社・CM会社,紙・Excel,月次報告書,119,予算超過プロジェクト =「最終予測」>「現在の予算」,最終的な見込み額が予算を超えている工事,中,M084,予算超過プロジェクト率,予算超過のプロジェクト数 / プロジェクト数の合計,組織が予算に対してプロジェクトをどの程度適切に管理しているかを示す全体像を管理担当者に提供します。 プロジェクトをプログラムにロールアップしたり、このメトリックを地域別またはプロジェクト・タイプ別に表示したりすることによって、管理担当者は予算の問題の発生元を切り分けることができます。,資本プロジェクト、予算、変更要求管理,EN ワークプレース・エグゼクティブ | PR エグゼクティブ | PR マネージャー,顧客の施設・不動産部門（プロジェクト責任者）、CM会社
会計財務データ,資産評価（再調達価額・劣化）,CMMS（保全管理システム）,FM業者（保全担当）,システム,作業報告書・点検報告書,93,欠陥の合計コスト = 「優先順位」がレベル 1 であり、「状況」が「リタイア済み」または「完了」ではない欠陥の合計コスト。,急いで直すべき不具合（優先度が最も高いもの）の修繕費の合計,中,M018,状態指数,欠陥の合計コスト / 現在の再取得価額の合計 (CRV),建設システムおよび施設の相対的な物理的正常性について、管理担当者に通知します。 業界で採用されている一連の定義済みのしきい値を含む主要なパフォーマンス測定値です。 FCI は、据え置き保守の欠陥がさらに累積することを防ぐために、業界で認められた、対応する、年次再投資率のガイドラインを提供します。,施設アセスメント | タスク管理 | サービス管理,EN ワークプレース・エグゼクティブ | ES マネージャー/プランナー | OP エグゼクティブ | OP サービス・マネージャー | OP 施設アセスメント・マネージャー/プランナー,顧客の施設部門、FM業者（点検・劣化診断を受託している場合）
会計財務データ,資産評価（再調達価額・劣化）,修繕計画・設備評価資料,顧客 施設部門,紙・Excel,エンジニアリングレポート,19,建設システム項目 (建設システムごとの現在の再取得価額 (CRV)),建物の設備・部位（空調・屋根など）ごとに、今つくり直したらいくらかかるか,高,M018,状態指数,欠陥の合計コスト / 現在の再取得価額の合計 (CRV),建設システムおよび施設の相対的な物理的正常性について、管理担当者に通知します。 業界で採用されている一連の定義済みのしきい値を含む主要なパフォーマンス測定値です。 FCI は、据え置き保守の欠陥がさらに累積することを防ぐために、業界で認められた、対応する、年次再投資率のガイドラインを提供します。,施設アセスメント | タスク管理 | サービス管理,EN ワークプレース・エグゼクティブ | ES マネージャー/プランナー | OP エグゼクティブ | OP サービス・マネージャー | OP 施設アセスメント・マネージャー/プランナー,顧客の施設部門、建築コンサル・積算事務所
会計財務データ,資産評価（再調達価額・劣化）,修繕計画・設備評価資料,顧客 施設部門,紙・Excel,エンジニアリングレポート,90,「建物の状態アセスメント (Building Condition Assessment)」タブには、建物ごとの現在の再取得価額が保持されています (CRV = 総面積 * 面積あたりのコスト)。,建物を今つくり直したらいくらかかるか（建物ごと）,中,M014,資本更新指数,資本コスト合計 / 現在の再取得価額 (CRV) の合計,施設の再取得価額に関連する施設内の資本投資について管理担当者に通知します。 施設の支出について資本サイドの視点を提供する主要なパフォーマンス測定値です。,建物 (「現在の再取得価額」フィールド) | 外部の企業システムからの財務データ,EN ワークプレース・エグゼクティブ | ES マネージャー/プランナー | OP エグゼクティブ | OP サービス・マネージャー | OP 施設アセスメント・マネージャー/プランナー,顧客の施設部門、建築コンサル・積算事務所
会計財務データ,資産評価（再調達価額・劣化）,修繕計画・設備評価資料,顧客 施設部門,紙・Excel,エンジニアリングレポート,90,「建物の状態アセスメント (Building Condition Assessment)」タブには、建物ごとの現在の再取得価額が保持されています (CRV = 総面積 * 面積あたりのコスト)。,建物を今つくり直したらいくらかかるか（建物ごと）,中,M018,状態指数,欠陥の合計コスト / 現在の再取得価額の合計 (CRV),建設システムおよび施設の相対的な物理的正常性について、管理担当者に通知します。 業界で採用されている一連の定義済みのしきい値を含む主要なパフォーマンス測定値です。 FCI は、据え置き保守の欠陥がさらに累積することを防ぐために、業界で認められた、対応する、年次再投資率のガイドラインを提供します。,施設アセスメント | タスク管理 | サービス管理,EN ワークプレース・エグゼクティブ | ES マネージャー/プランナー | OP エグゼクティブ | OP サービス・マネージャー | OP 施設アセスメント・マネージャー/プランナー,顧客の施設部門、建築コンサル・積算事務所
会計財務データ,資産評価（再調達価額・劣化）,修繕計画・設備評価資料,顧客 施設部門,紙・Excel,エンジニアリングレポート,90,「建物の状態アセスメント (Building Condition Assessment)」タブには、建物ごとの現在の再取得価額が保持されています (CRV = 総面積 * 面積あたりのコスト)。,建物を今つくり直したらいくらかかるか（建物ごと）,中,M055,施設運営の現在の再取得価額 (CRV) 指数,メンテナンス・コスト合計 / 現在の再取得価額 (CRV) の合計,コストは固定であるため、工場および施設での正確な測定を容易に実行できます。 また、このメトリックを使用して一定期間にわたる増加の傾向を知ることも容易です。 メンテナンス・コストのパーセンテージが増加した場合、効率の指標と有効性の指標により、増加の原因となったメンテナンス領域が分かります。,建物 (「現在の再取得価額」フィールド) | 施設アセスメント (オプション),EN ワークプレース・エグゼクティブ | ES マネージャー/プランナー | OP エグゼクティブ | OP サービス・マネージャー | OP 施設アセスメント・マネージャー/プランナー,顧客の施設部門、建築コンサル・積算事務所
会計財務データ,資産評価（再調達価額・劣化）,修繕計画・設備評価資料,顧客 施設部門,紙・Excel,中長期修繕計画書,19,建設システム項目 (建設システムごとの現在の再取得価額 (CRV)),建物の設備・部位（空調・屋根など）ごとに、今つくり直したらいくらかかるか,高,M018,状態指数,欠陥の合計コスト / 現在の再取得価額の合計 (CRV),建設システムおよび施設の相対的な物理的正常性について、管理担当者に通知します。 業界で採用されている一連の定義済みのしきい値を含む主要なパフォーマンス測定値です。 FCI は、据え置き保守の欠陥がさらに累積することを防ぐために、業界で認められた、対応する、年次再投資率のガイドラインを提供します。,施設アセスメント | タスク管理 | サービス管理,EN ワークプレース・エグゼクティブ | ES マネージャー/プランナー | OP エグゼクティブ | OP サービス・マネージャー | OP 施設アセスメント・マネージャー/プランナー,顧客の施設部門、建築コンサル・積算事務所
会計財務データ,資産評価（再調達価額・劣化）,修繕計画・設備評価資料,顧客 施設部門,紙・Excel,劣化診断報告書,90,「建物の状態アセスメント (Building Condition Assessment)」タブには、建物ごとの現在の再取得価額が保持されています (CRV = 総面積 * 面積あたりのコスト)。,建物を今つくり直したらいくらかかるか（建物ごと）,中,M014,資本更新指数,資本コスト合計 / 現在の再取得価額 (CRV) の合計,施設の再取得価額に関連する施設内の資本投資について管理担当者に通知します。 施設の支出について資本サイドの視点を提供する主要なパフォーマンス測定値です。,建物 (「現在の再取得価額」フィールド) | 外部の企業システムからの財務データ,EN ワークプレース・エグゼクティブ | ES マネージャー/プランナー | OP エグゼクティブ | OP サービス・マネージャー | OP 施設アセスメント・マネージャー/プランナー,顧客の施設部門、建築コンサル・積算事務所
会計財務データ,資産評価（再調達価額・劣化）,修繕計画・設備評価資料,顧客 施設部門,紙・Excel,劣化診断報告書,90,「建物の状態アセスメント (Building Condition Assessment)」タブには、建物ごとの現在の再取得価額が保持されています (CRV = 総面積 * 面積あたりのコスト)。,建物を今つくり直したらいくらかかるか（建物ごと）,中,M018,状態指数,欠陥の合計コスト / 現在の再取得価額の合計 (CRV),建設システムおよび施設の相対的な物理的正常性について、管理担当者に通知します。 業界で採用されている一連の定義済みのしきい値を含む主要なパフォーマンス測定値です。 FCI は、据え置き保守の欠陥がさらに累積することを防ぐために、業界で認められた、対応する、年次再投資率のガイドラインを提供します。,施設アセスメント | タスク管理 | サービス管理,EN ワークプレース・エグゼクティブ | ES マネージャー/プランナー | OP エグゼクティブ | OP サービス・マネージャー | OP 施設アセスメント・マネージャー/プランナー,顧客の施設部門、建築コンサル・積算事務所
会計財務データ,資産評価（再調達価額・劣化）,修繕計画・設備評価資料,顧客 施設部門,紙・Excel,劣化診断報告書,90,「建物の状態アセスメント (Building Condition Assessment)」タブには、建物ごとの現在の再取得価額が保持されています (CRV = 総面積 * 面積あたりのコスト)。,建物を今つくり直したらいくらかかるか（建物ごと）,中,M055,施設運営の現在の再取得価額 (CRV) 指数,メンテナンス・コスト合計 / 現在の再取得価額 (CRV) の合計,コストは固定であるため、工場および施設での正確な測定を容易に実行できます。 また、このメトリックを使用して一定期間にわたる増加の傾向を知ることも容易です。 メンテナンス・コストのパーセンテージが増加した場合、効率の指標と有効性の指標により、増加の原因となったメンテナンス領域が分かります。,建物 (「現在の再取得価額」フィールド) | 施設アセスメント (オプション),EN ワークプレース・エグゼクティブ | ES マネージャー/プランナー | OP エグゼクティブ | OP サービス・マネージャー | OP 施設アセスメント・マネージャー/プランナー,顧客の施設部門、建築コンサル・積算事務所
会計財務データ,資産評価（再調達価額・劣化）,修繕計画・設備評価資料,顧客 施設部門,紙・Excel,劣化診断報告書,93,欠陥の合計コスト = 「優先順位」がレベル 1 であり、「状況」が「リタイア済み」または「完了」ではない欠陥の合計コスト。,急いで直すべき不具合（優先度が最も高いもの）の修繕費の合計,中,M018,状態指数,欠陥の合計コスト / 現在の再取得価額の合計 (CRV),建設システムおよび施設の相対的な物理的正常性について、管理担当者に通知します。 業界で採用されている一連の定義済みのしきい値を含む主要なパフォーマンス測定値です。 FCI は、据え置き保守の欠陥がさらに累積することを防ぐために、業界で認められた、対応する、年次再投資率のガイドラインを提供します。,施設アセスメント | タスク管理 | サービス管理,EN ワークプレース・エグゼクティブ | ES マネージャー/プランナー | OP エグゼクティブ | OP サービス・マネージャー | OP 施設アセスメント・マネージャー/プランナー,顧客の施設部門、FM業者（点検・劣化診断を受託している場合）
会計財務データ,資産評価（再調達価額・劣化）,修繕計画・設備評価資料,顧客 施設部門,紙・Excel,設備台帳（再調達価格）,19,建設システム項目 (建設システムごとの現在の再取得価額 (CRV)),建物の設備・部位（空調・屋根など）ごとに、今つくり直したらいくらかかるか,高,M018,状態指数,欠陥の合計コスト / 現在の再取得価額の合計 (CRV),建設システムおよび施設の相対的な物理的正常性について、管理担当者に通知します。 業界で採用されている一連の定義済みのしきい値を含む主要なパフォーマンス測定値です。 FCI は、据え置き保守の欠陥がさらに累積することを防ぐために、業界で認められた、対応する、年次再投資率のガイドラインを提供します。,施設アセスメント | タスク管理 | サービス管理,EN ワークプレース・エグゼクティブ | ES マネージャー/プランナー | OP エグゼクティブ | OP サービス・マネージャー | OP 施設アセスメント・マネージャー/プランナー,顧客の施設部門、建築コンサル・積算事務所
会計財務データ,資産評価（再調達価額・劣化）,竣工図書・面積資料（CAD／紙）,建物所有者（顧客 不動産部門）,紙・Excel,面積表,90,「建物の状態アセスメント (Building Condition Assessment)」タブには、建物ごとの現在の再取得価額が保持されています (CRV = 総面積 * 面積あたりのコスト)。,建物を今つくり直したらいくらかかるか（建物ごと）,中,M014,資本更新指数,資本コスト合計 / 現在の再取得価額 (CRV) の合計,施設の再取得価額に関連する施設内の資本投資について管理担当者に通知します。 施設の支出について資本サイドの視点を提供する主要なパフォーマンス測定値です。,建物 (「現在の再取得価額」フィールド) | 外部の企業システムからの財務データ,EN ワークプレース・エグゼクティブ | ES マネージャー/プランナー | OP エグゼクティブ | OP サービス・マネージャー | OP 施設アセスメント・マネージャー/プランナー,顧客の施設部門、建築コンサル・積算事務所
会計財務データ,資産評価（再調達価額・劣化）,竣工図書・面積資料（CAD／紙）,建物所有者（顧客 不動産部門）,紙・Excel,面積表,90,「建物の状態アセスメント (Building Condition Assessment)」タブには、建物ごとの現在の再取得価額が保持されています (CRV = 総面積 * 面積あたりのコスト)。,建物を今つくり直したらいくらかかるか（建物ごと）,中,M018,状態指数,欠陥の合計コスト / 現在の再取得価額の合計 (CRV),建設システムおよび施設の相対的な物理的正常性について、管理担当者に通知します。 業界で採用されている一連の定義済みのしきい値を含む主要なパフォーマンス測定値です。 FCI は、据え置き保守の欠陥がさらに累積することを防ぐために、業界で認められた、対応する、年次再投資率のガイドラインを提供します。,施設アセスメント | タスク管理 | サービス管理,EN ワークプレース・エグゼクティブ | ES マネージャー/プランナー | OP エグゼクティブ | OP サービス・マネージャー | OP 施設アセスメント・マネージャー/プランナー,顧客の施設部門、建築コンサル・積算事務所
会計財務データ,資産評価（再調達価額・劣化）,竣工図書・面積資料（CAD／紙）,建物所有者（顧客 不動産部門）,紙・Excel,面積表,90,「建物の状態アセスメント (Building Condition Assessment)」タブには、建物ごとの現在の再取得価額が保持されています (CRV = 総面積 * 面積あたりのコスト)。,建物を今つくり直したらいくらかかるか（建物ごと）,中,M055,施設運営の現在の再取得価額 (CRV) 指数,メンテナンス・コスト合計 / 現在の再取得価額 (CRV) の合計,コストは固定であるため、工場および施設での正確な測定を容易に実行できます。 また、このメトリックを使用して一定期間にわたる増加の傾向を知ることも容易です。 メンテナンス・コストのパーセンテージが増加した場合、効率の指標と有効性の指標により、増加の原因となったメンテナンス領域が分かります。,建物 (「現在の再取得価額」フィールド) | 施設アセスメント (オプション),EN ワークプレース・エグゼクティブ | ES マネージャー/プランナー | OP エグゼクティブ | OP サービス・マネージャー | OP 施設アセスメント・マネージャー/プランナー,顧客の施設部門、建築コンサル・積算事務所
会計財務データ,資産評価（再調達価額・劣化）,見積・請求管理,FM業者（営業・経理）,システム,見積書,93,欠陥の合計コスト = 「優先順位」がレベル 1 であり、「状況」が「リタイア済み」または「完了」ではない欠陥の合計コスト。,急いで直すべき不具合（優先度が最も高いもの）の修繕費の合計,中,M018,状態指数,欠陥の合計コスト / 現在の再取得価額の合計 (CRV),建設システムおよび施設の相対的な物理的正常性について、管理担当者に通知します。 業界で採用されている一連の定義済みのしきい値を含む主要なパフォーマンス測定値です。 FCI は、据え置き保守の欠陥がさらに累積することを防ぐために、業界で認められた、対応する、年次再投資率のガイドラインを提供します。,施設アセスメント | タスク管理 | サービス管理,EN ワークプレース・エグゼクティブ | ES マネージャー/プランナー | OP エグゼクティブ | OP サービス・マネージャー | OP 施設アセスメント・マネージャー/プランナー,顧客の施設部門、FM業者（点検・劣化診断を受託している場合）
会計財務データ,経営計画・業績,会計システム（ERP）,顧客 経理部門,システム,地代家賃勘定,104,完了トランザクションからの合計削減 = 合計年間節減額 + 生産性節減額 + 現金収入,不動産戦略で実際に実現できた削減額,高,M057,履行計画の節減進捗,完了トランザクションからの合計削減 / 合計削減目標,各トランザクションからの節減を追加し、それらを履行節減目標と比較します。,スペース利用契約 (不動産業) | スペース割り振り (施設),RE エグゼクティブ,顧客の不動産部門・経理部門
会計財務データ,経営計画・業績,会計システム（ERP）,顧客 経理部門,システム,決算書,83,「収益」のみでフィルタリングされた財務サマリー・テーブルの合計。,会社の売上（収益）の合計,高,M124,作業場合計運用コスト ($) /ビジネス総収益 ($),作業場運用コスト合計/事業収益合計,運用コストを事業収益合計の関数として等式化することによって、内部傾向分析および外部のベンチマークを容易に実行できるようにします。 このメトリックを他のファイナンシャル・メトリックと一緒に使用することにより、作業場サービスのコスト内訳を分析することができます。,コスト・コード | 地域 | ロケーション | 組織,EN ワークプレース・エグゼクティブ,顧客の経理・経営企画部門
会計財務データ,経営計画・業績,会計システム（ERP）,顧客 経理部門,システム,管理会計データ（経費・売上）,71,「ビジネス運用経費」コストのみでフィルタリングされた財務サマリー・テーブルの合計。,会社の事業運営にかかる経費の合計,高,M111,作業場合計運用コスト ($) / ビジネス運営経費合計 ($),作業場運用コスト合計 / ビジネス運用コスト合計,作業場運営コストをビジネス運営経費合計の関数として等式化することによって、内部の傾向分析と外部のベンチマークを容易に実行できるようにします。 エグゼクティブは、このメトリックを他のファイナンシャル・メトリックと一緒に使用することにより、さまざまな作業場サービスのコスト内訳を分析することができます。,コスト・コード | 地域 | ロケーション | 組織,EN ワークプレース・エグゼクティブ,顧客の経理・経営企画部門
会計財務データ,経営計画・業績,会計システム（ERP）,顧客 経理部門,システム,管理会計データ（経費・売上）,83,「収益」のみでフィルタリングされた財務サマリー・テーブルの合計。,会社の売上（収益）の合計,高,M124,作業場合計運用コスト ($) /ビジネス総収益 ($),作業場運用コスト合計/事業収益合計,運用コストを事業収益合計の関数として等式化することによって、内部傾向分析および外部のベンチマークを容易に実行できるようにします。 このメトリックを他のファイナンシャル・メトリックと一緒に使用することにより、作業場サービスのコスト内訳を分析することができます。,コスト・コード | 地域 | ロケーション | 組織,EN ワークプレース・エグゼクティブ,顧客の経理・経営企画部門
会計財務データ,経営計画・業績,経営計画資料,顧客 経営企画部門,紙・Excel,不動産戦略計画書,103,合計削減目標 = 年間節減額 + その他の年間節減額 + 生産性節減額 + 現金収入,不動産戦略で目標にしている削減額,高,M057,履行計画の節減進捗,完了トランザクションからの合計削減 / 合計削減目標,各トランザクションからの節減を追加し、それらを履行節減目標と比較します。,スペース利用契約 (不動産業) | スペース割り振り (施設),RE エグゼクティブ,顧客の経営企画・不動産戦略部門
会計財務データ,経営計画・業績,経営計画資料,顧客 経営企画部門,紙・Excel,拠点再編計画,103,合計削減目標 = 年間節減額 + その他の年間節減額 + 生産性節減額 + 現金収入,不動産戦略で目標にしている削減額,高,M057,履行計画の節減進捗,完了トランザクションからの合計削減 / 合計削減目標,各トランザクションからの節減を追加し、それらを履行節減目標と比較します。,スペース利用契約 (不動産業) | スペース割り振り (施設),RE エグゼクティブ,顧客の経営企画・不動産戦略部門
会計財務データ,経営計画・業績,経営計画資料,顧客 経営企画部門,紙・Excel,拠点再編計画,104,完了トランザクションからの合計削減 = 合計年間節減額 + 生産性節減額 + 現金収入,不動産戦略で実際に実現できた削減額,高,M057,履行計画の節減進捗,完了トランザクションからの合計削減 / 合計削減目標,各トランザクションからの節減を追加し、それらを履行節減目標と比較します。,スペース利用契約 (不動産業) | スペース割り振り (施設),RE エグゼクティブ,顧客の不動産部門・経理部門
人事総務データ,在籍者・人数,人事システム,顧客 人事部門,システム,在籍者名簿,13,合計人数,施設を利用する人数,中,M007,1 人あたりの面積 - 不動産契約,合計賃貸可能面積 | 合計人数,組織は、1 人あたりの面積の比率を低い状態に維持するように努力します。 1 人あたりの面積が大きい場合は、スペース品質が許容できないものであるか、サービス・デリバリーが不十分であるか、または地理的位置の条件が良くないことを示す可能性があります。,スペース利用契約 | スペース割り振り,RE トランザクション・マネージャー,顧客の総務・人事部門
人事総務データ,在籍者・人数,人事システム,顧客 人事部門,システム,在籍者名簿,22,建物のスペース、フロア、または建物に割り当てられた人。,建物・フロア・席に割り当てられている人,中,M022,運用コスト ($/人),運用コスト合計 / 作業者数の合計 運用コスト合計には、メンテナンス、維持管理、および公共料金が含まれます。,施設占有者の人口を基準として運用コストを扱うことにより、内部の傾向分析と外部のベンチマークを容易に実行できるようにします。 操作のコストは、 IBM® TRIRIGA® のコスト・コードで表される操作の総コスト、サブコンポーネント・レベル、および各種操作プロセスとして評価されます。,,FA 移動マネージャー/プランナー | FA スペース・マネージャー/プランナー | OP エグゼクティブ | OP サービス・マネージャー | OP 施設アセスメント・マネージャー/プランナー,顧客の総務部門
人事総務データ,在籍者・人数,人事システム,顧客 人事部門,システム,在籍者名簿,28,合計人数,施設を利用する人数,中,M026,1 人あたりのコスト - 不動産契約,不動産コスト合計 / 合計人数,組織は、1 人あたりのコストの比率を低い状態に維持するように努力します。 1 人あたりのコストが高い場合は、スペース品質が許容できないものであるか、サービス・デリバリーが不十分であるか、または地理的な位置の条件が良くないことを示している可能性があります。,スペース利用契約 (不動産業) | スペース割り振り (施設),RE エグゼクティブ | RE トランザクション・マネージャー,顧客の総務・人事部門
人事総務データ,在籍者・人数,人事システム,顧客 人事部門,システム,在籍者名簿,28,合計人数,施設を利用する人数,中,M098,席占有率 (%) – 不動産契約,合計人数 / 合計席数,組織は 1 人あたりの席数の比率を低く抑えようと努力しています。 1 人あたりの席数が多いことは、スペースの品質が容認できないか、サービス・デリバリーが不適切であるか、地理的ロケーションが悪いことを示している場合があります。,スペース利用契約 (不動産業) | スペース割り振り (施設),RE トランザクション・マネージャー,顧客の総務・人事部門
人事総務データ,在籍者・人数,人事システム,顧客 人事部門,システム,在籍者名簿,28,合計人数,施設を利用する人数,中,M099,1 人あたりの席数 – 不動産契約,合計席数 / 合計人数,組織は 1 人あたりの席数の比率を高く維持しようと努力しています。 1 人あたりの席数が少ないことは、スペースの品質が容認できないか、サービス・デリバリーが不適切であるか、地理的ロケーションが悪いことを示している場合があります。,スペース利用契約 (不動産業) | スペース割り振り (施設),RE トランザクション・マネージャー,顧客の総務・人事部門
人事総務データ,在籍者・人数,人事システム,顧客 人事部門,システム,在籍者名簿,33,建物内で (スペース、フロア、または建物に) 割り当てられたすべての人物,建物の中の席や部屋に割り当てられている人の数,中,M031,密度 (面積/人),合計面積 / 作業者数の合計,使用される面積を、作業者ごとのメトリックとして扱うことにより、内部の傾向分析と外部のベンチマークのための建物占有キャパシティーとレイアウト効率の比較を容易に実行できるようにします。,,FA 移動マネージャー/プランナー | FA スペース・マネージャー/プランナー,顧客の総務部門
人事総務データ,在籍者・人数,人事システム,顧客 人事部門,システム,在籍者名簿,73,スペースに割り当てられる人。,席や部屋に割り当てられている人,中,M114,合計占有コスト (TCO) ($/人),(運用コスト合計 + 固定資産提供コスト) / 作業者数の合計,施設占有者の人口を基準として運用コストを扱うことにより、内部の傾向分析と外部のベンチマークを容易に実行できるようにします。 占有コストは、 IBM® TRIRIGA® のコスト・コードで表される、サブコンポーネント・レベルおよび各種操作プロセスでの、全体的な操作コストの合計として評価されます。,,FA 移動マネージャー/プランナー | OP エグゼクティブ,顧客の総務部門
人事総務データ,在籍者・人数,人事システム,顧客 人事部門,システム,在籍者名簿,82,建物内で割り当てられているすべての人,建物の中の席や部屋に割り当てられている人の数,中,M123,作業者使用率 (%),作業者数の合計 / 作業ポイント数の合計,内部傾向分析と外部のベンチマークのためのワークステーションおよび作業ポイントの占有効率の比較を容易にします。,,FA 移動マネージャー/プランナー | FA スペース・マネージャー/プランナー,顧客の総務部門
人事総務データ,在籍者・人数,人事システム,顧客 人事部門,システム,在籍者名簿,109,フリーアドレス作業者は、従業員レコードの「割り当てタイプ」フィールドで判別されます。 割り当てタイプ・オプション = 割り当て済み、携帯電話、非オフィス・ワーカー (Non-Office Worker)、およびリモート。,固定席を持たない人（フリーアドレス・リモート勤務など）,中,M062,移動作業者率 (%),フリーアドレス作業者数の合計 / 作業者数の合計,フリーアドレス・ワークプレース・ソリューションを使用するモバイル作業者の使用率と俊敏性を改善するための傾向と機会を特定します。,,FA 移動マネージャー/プランナー | FA スペース・マネージャー/プランナー,顧客の人事・総務部門
人事総務データ,在籍者・人数,座席・レイアウト資料（Excel／CAD／紙）,顧客 総務部門,紙・Excel,フロアレイアウト図,22,建物のスペース、フロア、または建物に割り当てられた人。,建物・フロア・席に割り当てられている人,中,M022,運用コスト ($/人),運用コスト合計 / 作業者数の合計 運用コスト合計には、メンテナンス、維持管理、および公共料金が含まれます。,施設占有者の人口を基準として運用コストを扱うことにより、内部の傾向分析と外部のベンチマークを容易に実行できるようにします。 操作のコストは、 IBM® TRIRIGA® のコスト・コードで表される操作の総コスト、サブコンポーネント・レベル、および各種操作プロセスとして評価されます。,,FA 移動マネージャー/プランナー | FA スペース・マネージャー/プランナー | OP エグゼクティブ | OP サービス・マネージャー | OP 施設アセスメント・マネージャー/プランナー,顧客の総務部門
人事総務データ,在籍者・人数,座席・レイアウト資料（Excel／CAD／紙）,顧客 総務部門,紙・Excel,フロアレイアウト図,33,建物内で (スペース、フロア、または建物に) 割り当てられたすべての人物,建物の中の席や部屋に割り当てられている人の数,中,M031,密度 (面積/人),合計面積 / 作業者数の合計,使用される面積を、作業者ごとのメトリックとして扱うことにより、内部の傾向分析と外部のベンチマークのための建物占有キャパシティーとレイアウト効率の比較を容易に実行できるようにします。,,FA 移動マネージャー/プランナー | FA スペース・マネージャー/プランナー,顧客の総務部門
人事総務データ,在籍者・人数,座席・レイアウト資料（Excel／CAD／紙）,顧客 総務部門,紙・Excel,座席表,13,合計人数,施設を利用する人数,中,M007,1 人あたりの面積 - 不動産契約,合計賃貸可能面積 | 合計人数,組織は、1 人あたりの面積の比率を低い状態に維持するように努力します。 1 人あたりの面積が大きい場合は、スペース品質が許容できないものであるか、サービス・デリバリーが不十分であるか、または地理的位置の条件が良くないことを示す可能性があります。,スペース利用契約 | スペース割り振り,RE トランザクション・マネージャー,顧客の総務・人事部門
人事総務データ,在籍者・人数,座席・レイアウト資料（Excel／CAD／紙）,顧客 総務部門,紙・Excel,座席表,22,建物のスペース、フロア、または建物に割り当てられた人。,建物・フロア・席に割り当てられている人,中,M022,運用コスト ($/人),運用コスト合計 / 作業者数の合計 運用コスト合計には、メンテナンス、維持管理、および公共料金が含まれます。,施設占有者の人口を基準として運用コストを扱うことにより、内部の傾向分析と外部のベンチマークを容易に実行できるようにします。 操作のコストは、 IBM® TRIRIGA® のコスト・コードで表される操作の総コスト、サブコンポーネント・レベル、および各種操作プロセスとして評価されます。,,FA 移動マネージャー/プランナー | FA スペース・マネージャー/プランナー | OP エグゼクティブ | OP サービス・マネージャー | OP 施設アセスメント・マネージャー/プランナー,顧客の総務部門
人事総務データ,在籍者・人数,座席・レイアウト資料（Excel／CAD／紙）,顧客 総務部門,紙・Excel,座席表,28,合計人数,施設を利用する人数,中,M026,1 人あたりのコスト - 不動産契約,不動産コスト合計 / 合計人数,組織は、1 人あたりのコストの比率を低い状態に維持するように努力します。 1 人あたりのコストが高い場合は、スペース品質が許容できないものであるか、サービス・デリバリーが不十分であるか、または地理的な位置の条件が良くないことを示している可能性があります。,スペース利用契約 (不動産業) | スペース割り振り (施設),RE エグゼクティブ | RE トランザクション・マネージャー,顧客の総務・人事部門
人事総務データ,在籍者・人数,座席・レイアウト資料（Excel／CAD／紙）,顧客 総務部門,紙・Excel,座席表,28,合計人数,施設を利用する人数,中,M098,席占有率 (%) – 不動産契約,合計人数 / 合計席数,組織は 1 人あたりの席数の比率を低く抑えようと努力しています。 1 人あたりの席数が多いことは、スペースの品質が容認できないか、サービス・デリバリーが不適切であるか、地理的ロケーションが悪いことを示している場合があります。,スペース利用契約 (不動産業) | スペース割り振り (施設),RE トランザクション・マネージャー,顧客の総務・人事部門
人事総務データ,在籍者・人数,座席・レイアウト資料（Excel／CAD／紙）,顧客 総務部門,紙・Excel,座席表,28,合計人数,施設を利用する人数,中,M099,1 人あたりの席数 – 不動産契約,合計席数 / 合計人数,組織は 1 人あたりの席数の比率を高く維持しようと努力しています。 1 人あたりの席数が少ないことは、スペースの品質が容認できないか、サービス・デリバリーが不適切であるか、地理的ロケーションが悪いことを示している場合があります。,スペース利用契約 (不動産業) | スペース割り振り (施設),RE トランザクション・マネージャー,顧客の総務・人事部門
人事総務データ,在籍者・人数,座席・レイアウト資料（Excel／CAD／紙）,顧客 総務部門,紙・Excel,座席表,33,建物内で (スペース、フロア、または建物に) 割り当てられたすべての人物,建物の中の席や部屋に割り当てられている人の数,中,M031,密度 (面積/人),合計面積 / 作業者数の合計,使用される面積を、作業者ごとのメトリックとして扱うことにより、内部の傾向分析と外部のベンチマークのための建物占有キャパシティーとレイアウト効率の比較を容易に実行できるようにします。,,FA 移動マネージャー/プランナー | FA スペース・マネージャー/プランナー,顧客の総務部門
人事総務データ,在籍者・人数,座席・レイアウト資料（Excel／CAD／紙）,顧客 総務部門,紙・Excel,座席表,73,スペースに割り当てられる人。,席や部屋に割り当てられている人,中,M114,合計占有コスト (TCO) ($/人),(運用コスト合計 + 固定資産提供コスト) / 作業者数の合計,施設占有者の人口を基準として運用コストを扱うことにより、内部の傾向分析と外部のベンチマークを容易に実行できるようにします。 占有コストは、 IBM® TRIRIGA® のコスト・コードで表される、サブコンポーネント・レベルおよび各種操作プロセスでの、全体的な操作コストの合計として評価されます。,,FA 移動マネージャー/プランナー | OP エグゼクティブ,顧客の総務部門
人事総務データ,在籍者・人数,座席・レイアウト資料（Excel／CAD／紙）,顧客 総務部門,紙・Excel,座席表,82,建物内で割り当てられているすべての人,建物の中の席や部屋に割り当てられている人の数,中,M123,作業者使用率 (%),作業者数の合計 / 作業ポイント数の合計,内部傾向分析と外部のベンチマークのためのワークステーションおよび作業ポイントの占有効率の比較を容易にします。,,FA 移動マネージャー/プランナー | FA スペース・マネージャー/プランナー,顧客の総務部門
人事総務データ,在籍者・人数,座席・レイアウト資料（Excel／CAD／紙）,顧客 総務部門,紙・Excel,座席表,109,フリーアドレス作業者は、従業員レコードの「割り当てタイプ」フィールドで判別されます。 割り当てタイプ・オプション = 割り当て済み、携帯電話、非オフィス・ワーカー (Non-Office Worker)、およびリモート。,固定席を持たない人（フリーアドレス・リモート勤務など）,中,M062,移動作業者率 (%),フリーアドレス作業者数の合計 / 作業者数の合計,フリーアドレス・ワークプレース・ソリューションを使用するモバイル作業者の使用率と俊敏性を改善するための傾向と機会を特定します。,,FA 移動マネージャー/プランナー | FA スペース・マネージャー/プランナー,顧客の人事・総務部門
人事総務データ,座席・スペース割り当て,人事システム,顧客 人事部門,システム,在籍者名簿,18,スペースに割り当てられている人物の数,席や部屋に割り当てられている人の数,中,M017,配置換えの割合 (%),移動数の合計 / 作業者数の合計,配置換えの割合は、過剰な移動、移動コスト、および移動アクティビティーによる生産性の崩壊を示す場合があります。 ただし、ビジネスで必要な拡大、統合、再編成などの変化の期間には、配置換えの割合は増加します。 時間傾向、移動タイプ、移動理由、または組織に基づくその他の情報によって、さらに調査すべき機会または領域が示される場合があります。,,FA 移動マネージャー/プランナー | FA スペース・マネージャー/プランナー,顧客の総務部門
人事総務データ,座席・スペース割り当て,座席・レイアウト資料（Excel／CAD／紙）,顧客 総務部門,紙・Excel,フロアレイアウト図,18,スペースに割り当てられている人物の数,席や部屋に割り当てられている人の数,中,M017,配置換えの割合 (%),移動数の合計 / 作業者数の合計,配置換えの割合は、過剰な移動、移動コスト、および移動アクティビティーによる生産性の崩壊を示す場合があります。 ただし、ビジネスで必要な拡大、統合、再編成などの変化の期間には、配置換えの割合は増加します。 時間傾向、移動タイプ、移動理由、または組織に基づくその他の情報によって、さらに調査すべき機会または領域が示される場合があります。,,FA 移動マネージャー/プランナー | FA スペース・マネージャー/プランナー,顧客の総務部門
人事総務データ,座席・スペース割り当て,座席・レイアウト資料（Excel／CAD／紙）,顧客 総務部門,紙・Excel,フロアレイアウト図,30,合計席数,施設にある席の数,低,M027,席あたりのコスト – 不動産契約,不動産コスト合計 / 合計席数,組織は、席あたりのコストの比率を低い状態に維持するように努力します。 席あたりのコストが高い場合は、スペース品質が許容できないものであるか、サービス・デリバリーが不十分であるか、または地理的ロケーションが悪いことを示している可能性があります。,スペース利用契約 (不動産業) | スペース割り振り (施設),RE トランザクション・マネージャー,顧客の総務部門、FM業者（レイアウト管理を受託している場合）
人事総務データ,座席・スペース割り当て,座席・レイアウト資料（Excel／CAD／紙）,顧客 総務部門,紙・Excel,フロアレイアウト図,30,合計席数,施設にある席の数,低,M098,席占有率 (%) – 不動産契約,合計人数 / 合計席数,組織は 1 人あたりの席数の比率を低く抑えようと努力しています。 1 人あたりの席数が多いことは、スペースの品質が容認できないか、サービス・デリバリーが不適切であるか、地理的ロケーションが悪いことを示している場合があります。,スペース利用契約 (不動産業) | スペース割り振り (施設),RE トランザクション・マネージャー,顧客の総務部門、FM業者（レイアウト管理を受託している場合）
人事総務データ,座席・スペース割り当て,座席・レイアウト資料（Excel／CAD／紙）,顧客 総務部門,紙・Excel,フロアレイアウト図,30,合計席数,施設にある席の数,低,M099,1 人あたりの席数 – 不動産契約,合計席数 / 合計人数,組織は 1 人あたりの席数の比率を高く維持しようと努力しています。 1 人あたりの席数が少ないことは、スペースの品質が容認できないか、サービス・デリバリーが不適切であるか、地理的ロケーションが悪いことを示している場合があります。,スペース利用契約 (不動産業) | スペース割り振り (施設),RE トランザクション・マネージャー,顧客の総務部門、FM業者（レイアウト管理を受託している場合）
人事総務データ,座席・スペース割り当て,座席・レイアウト資料（Excel／CAD／紙）,顧客 総務部門,紙・Excel,フロアレイアウト図,98,スペースのキャパシティー (「作業ポイント」 = TRUE でフィルタリング),席（仕事ができる場所）の数,低,M032,密度 (面積/作業ポイント),合計面積 / 作業ポイント数の合計,使用される面積を、作業ポイントごとのメトリックとして扱うことにより、内部の傾向分析と外部のベンチマークのための建物占有キャパシティーとレイアウト効率の比較を容易に実行できるようにします。,,FA 移動マネージャー/プランナー | FA スペース・マネージャー/プランナー,顧客の総務部門、FM業者（レイアウト管理を受託している場合）
人事総務データ,座席・スペース割り当て,座席・レイアウト資料（Excel／CAD／紙）,顧客 総務部門,紙・Excel,フロアレイアウト図,133,全体的なスペース・キャパシティー (「作業ポイント」=「TRUE」でフィルタリング),席（仕事ができる場所）の数の合計,低,M123,作業者使用率 (%),作業者数の合計 / 作業ポイント数の合計,内部傾向分析と外部のベンチマークのためのワークステーションおよび作業ポイントの占有効率の比較を容易にします。,,FA 移動マネージャー/プランナー | FA スペース・マネージャー/プランナー,顧客の総務部門、FM業者（レイアウト管理を受託している場合）
人事総務データ,座席・スペース割り当て,座席・レイアウト資料（Excel／CAD／紙）,顧客 総務部門,紙・Excel,フロアレイアウト図,133,全体的なスペース・キャパシティー (「作業ポイント」=「TRUE」でフィルタリング),席（仕事ができる場所）の数の合計,低,M125,作業ポイントの使用率 (%),使用作業ポイント数/使用可能作業ポイント数の合計,内部傾向分析と外部のベンチマークのための建物のオフィス・スペース占有効率の比較を容易にします。,,FA 移動マネージャー/プランナー | FA スペース・マネージャー/プランナー,顧客の総務部門、FM業者（レイアウト管理を受託している場合）
人事総務データ,座席・スペース割り当て,座席・レイアウト資料（Excel／CAD／紙）,顧客 総務部門,紙・Excel,什器台帳,30,合計席数,施設にある席の数,低,M027,席あたりのコスト – 不動産契約,不動産コスト合計 / 合計席数,組織は、席あたりのコストの比率を低い状態に維持するように努力します。 席あたりのコストが高い場合は、スペース品質が許容できないものであるか、サービス・デリバリーが不十分であるか、または地理的ロケーションが悪いことを示している可能性があります。,スペース利用契約 (不動産業) | スペース割り振り (施設),RE トランザクション・マネージャー,顧客の総務部門、FM業者（レイアウト管理を受託している場合）
人事総務データ,座席・スペース割り当て,座席・レイアウト資料（Excel／CAD／紙）,顧客 総務部門,紙・Excel,什器台帳,30,合計席数,施設にある席の数,低,M098,席占有率 (%) – 不動産契約,合計人数 / 合計席数,組織は 1 人あたりの席数の比率を低く抑えようと努力しています。 1 人あたりの席数が多いことは、スペースの品質が容認できないか、サービス・デリバリーが不適切であるか、地理的ロケーションが悪いことを示している場合があります。,スペース利用契約 (不動産業) | スペース割り振り (施設),RE トランザクション・マネージャー,顧客の総務部門、FM業者（レイアウト管理を受託している場合）
人事総務データ,座席・スペース割り当て,座席・レイアウト資料（Excel／CAD／紙）,顧客 総務部門,紙・Excel,什器台帳,30,合計席数,施設にある席の数,低,M099,1 人あたりの席数 – 不動産契約,合計席数 / 合計人数,組織は 1 人あたりの席数の比率を高く維持しようと努力しています。 1 人あたりの席数が少ないことは、スペースの品質が容認できないか、サービス・デリバリーが不適切であるか、地理的ロケーションが悪いことを示している場合があります。,スペース利用契約 (不動産業) | スペース割り振り (施設),RE トランザクション・マネージャー,顧客の総務部門、FM業者（レイアウト管理を受託している場合）
人事総務データ,座席・スペース割り当て,座席・レイアウト資料（Excel／CAD／紙）,顧客 総務部門,紙・Excel,什器台帳,98,スペースのキャパシティー (「作業ポイント」 = TRUE でフィルタリング),席（仕事ができる場所）の数,低,M032,密度 (面積/作業ポイント),合計面積 / 作業ポイント数の合計,使用される面積を、作業ポイントごとのメトリックとして扱うことにより、内部の傾向分析と外部のベンチマークのための建物占有キャパシティーとレイアウト効率の比較を容易に実行できるようにします。,,FA 移動マネージャー/プランナー | FA スペース・マネージャー/プランナー,顧客の総務部門、FM業者（レイアウト管理を受託している場合）
人事総務データ,座席・スペース割り当て,座席・レイアウト資料（Excel／CAD／紙）,顧客 総務部門,紙・Excel,什器台帳,133,全体的なスペース・キャパシティー (「作業ポイント」=「TRUE」でフィルタリング),席（仕事ができる場所）の数の合計,低,M123,作業者使用率 (%),作業者数の合計 / 作業ポイント数の合計,内部傾向分析と外部のベンチマークのためのワークステーションおよび作業ポイントの占有効率の比較を容易にします。,,FA 移動マネージャー/プランナー | FA スペース・マネージャー/プランナー,顧客の総務部門、FM業者（レイアウト管理を受託している場合）
人事総務データ,座席・スペース割り当て,座席・レイアウト資料（Excel／CAD／紙）,顧客 総務部門,紙・Excel,什器台帳,133,全体的なスペース・キャパシティー (「作業ポイント」=「TRUE」でフィルタリング),席（仕事ができる場所）の数の合計,低,M125,作業ポイントの使用率 (%),使用作業ポイント数/使用可能作業ポイント数の合計,内部傾向分析と外部のベンチマークのための建物のオフィス・スペース占有効率の比較を容易にします。,,FA 移動マネージャー/プランナー | FA スペース・マネージャー/プランナー,顧客の総務部門、FM業者（レイアウト管理を受託している場合）
人事総務データ,座席・スペース割り当て,座席・レイアウト資料（Excel／CAD／紙）,顧客 総務部門,紙・Excel,座席表,18,スペースに割り当てられている人物の数,席や部屋に割り当てられている人の数,中,M017,配置換えの割合 (%),移動数の合計 / 作業者数の合計,配置換えの割合は、過剰な移動、移動コスト、および移動アクティビティーによる生産性の崩壊を示す場合があります。 ただし、ビジネスで必要な拡大、統合、再編成などの変化の期間には、配置換えの割合は増加します。 時間傾向、移動タイプ、移動理由、または組織に基づくその他の情報によって、さらに調査すべき機会または領域が示される場合があります。,,FA 移動マネージャー/プランナー | FA スペース・マネージャー/プランナー,顧客の総務部門
人事総務データ,座席・スペース割り当て,座席・レイアウト資料（Excel／CAD／紙）,顧客 総務部門,紙・Excel,座席表,30,合計席数,施設にある席の数,低,M027,席あたりのコスト – 不動産契約,不動産コスト合計 / 合計席数,組織は、席あたりのコストの比率を低い状態に維持するように努力します。 席あたりのコストが高い場合は、スペース品質が許容できないものであるか、サービス・デリバリーが不十分であるか、または地理的ロケーションが悪いことを示している可能性があります。,スペース利用契約 (不動産業) | スペース割り振り (施設),RE トランザクション・マネージャー,顧客の総務部門、FM業者（レイアウト管理を受託している場合）
人事総務データ,座席・スペース割り当て,座席・レイアウト資料（Excel／CAD／紙）,顧客 総務部門,紙・Excel,座席表,30,合計席数,施設にある席の数,低,M098,席占有率 (%) – 不動産契約,合計人数 / 合計席数,組織は 1 人あたりの席数の比率を低く抑えようと努力しています。 1 人あたりの席数が多いことは、スペースの品質が容認できないか、サービス・デリバリーが不適切であるか、地理的ロケーションが悪いことを示している場合があります。,スペース利用契約 (不動産業) | スペース割り振り (施設),RE トランザクション・マネージャー,顧客の総務部門、FM業者（レイアウト管理を受託している場合）
人事総務データ,座席・スペース割り当て,座席・レイアウト資料（Excel／CAD／紙）,顧客 総務部門,紙・Excel,座席表,30,合計席数,施設にある席の数,低,M099,1 人あたりの席数 – 不動産契約,合計席数 / 合計人数,組織は 1 人あたりの席数の比率を高く維持しようと努力しています。 1 人あたりの席数が少ないことは、スペースの品質が容認できないか、サービス・デリバリーが不適切であるか、地理的ロケーションが悪いことを示している場合があります。,スペース利用契約 (不動産業) | スペース割り振り (施設),RE トランザクション・マネージャー,顧客の総務部門、FM業者（レイアウト管理を受託している場合）
人事総務データ,座席・スペース割り当て,座席・レイアウト資料（Excel／CAD／紙）,顧客 総務部門,紙・Excel,座席表,54,組織に割り当てられているスペース,部署ごとに割り当てられている面積,中,M072,占有率 (%),使用スペース / 使用可能スペース,内部傾向分析と外部のベンチマークのための建物の占有およびレイアウトの効率の比較を容易にします。,,EN ワークプレース・エグゼクティブ | FA 移動マネージャー/プランナー | FA スペース・マネージャー/プランナー,顧客の総務部門
人事総務データ,座席・スペース割り当て,座席・レイアウト資料（Excel／CAD／紙）,顧客 総務部門,紙・Excel,座席表,84,組織に割り当てられているスペースのスペース・キャパシティー。,部署に割り当てられている席の数,中,M125,作業ポイントの使用率 (%),使用作業ポイント数/使用可能作業ポイント数の合計,内部傾向分析と外部のベンチマークのための建物のオフィス・スペース占有効率の比較を容易にします。,,FA 移動マネージャー/プランナー | FA スペース・マネージャー/プランナー,顧客の総務部門
人事総務データ,座席・スペース割り当て,座席・レイアウト資料（Excel／CAD／紙）,顧客 総務部門,紙・Excel,座席表,98,スペースのキャパシティー (「作業ポイント」 = TRUE でフィルタリング),席（仕事ができる場所）の数,低,M032,密度 (面積/作業ポイント),合計面積 / 作業ポイント数の合計,使用される面積を、作業ポイントごとのメトリックとして扱うことにより、内部の傾向分析と外部のベンチマークのための建物占有キャパシティーとレイアウト効率の比較を容易に実行できるようにします。,,FA 移動マネージャー/プランナー | FA スペース・マネージャー/プランナー,顧客の総務部門、FM業者（レイアウト管理を受託している場合）
人事総務データ,座席・スペース割り当て,座席・レイアウト資料（Excel／CAD／紙）,顧客 総務部門,紙・Excel,座席表,133,全体的なスペース・キャパシティー (「作業ポイント」=「TRUE」でフィルタリング),席（仕事ができる場所）の数の合計,低,M123,作業者使用率 (%),作業者数の合計 / 作業ポイント数の合計,内部傾向分析と外部のベンチマークのためのワークステーションおよび作業ポイントの占有効率の比較を容易にします。,,FA 移動マネージャー/プランナー | FA スペース・マネージャー/プランナー,顧客の総務部門、FM業者（レイアウト管理を受託している場合）
人事総務データ,座席・スペース割り当て,座席・レイアウト資料（Excel／CAD／紙）,顧客 総務部門,紙・Excel,座席表,133,全体的なスペース・キャパシティー (「作業ポイント」=「TRUE」でフィルタリング),席（仕事ができる場所）の数の合計,低,M125,作業ポイントの使用率 (%),使用作業ポイント数/使用可能作業ポイント数の合計,内部傾向分析と外部のベンチマークのための建物のオフィス・スペース占有効率の比較を容易にします。,,FA 移動マネージャー/プランナー | FA スペース・マネージャー/プランナー,顧客の総務部門、FM業者（レイアウト管理を受託している場合）
人事総務データ,座席・スペース割り当て,座席・レイアウト資料（Excel／CAD／紙）,顧客 総務部門,紙・Excel,部門別配置図・スペース割当表,54,組織に割り当てられているスペース,部署ごとに割り当てられている面積,中,M072,占有率 (%),使用スペース / 使用可能スペース,内部傾向分析と外部のベンチマークのための建物の占有およびレイアウトの効率の比較を容易にします。,,EN ワークプレース・エグゼクティブ | FA 移動マネージャー/プランナー | FA スペース・マネージャー/プランナー,顧客の総務部門
人事総務データ,座席・スペース割り当て,座席・レイアウト資料（Excel／CAD／紙）,顧客 総務部門,紙・Excel,部門別配置図・スペース割当表,84,組織に割り当てられているスペースのスペース・キャパシティー。,部署に割り当てられている席の数,中,M125,作業ポイントの使用率 (%),使用作業ポイント数/使用可能作業ポイント数の合計,内部傾向分析と外部のベンチマークのための建物のオフィス・スペース占有効率の比較を容易にします。,,FA 移動マネージャー/プランナー | FA スペース・マネージャー/プランナー,顧客の総務部門
人事総務データ,移動履歴（引越し・席替え）,人事システム,顧客 人事部門,システム,人事異動記録,17,期間ごとの、移動した人物の数 (入出ログより),期間中に席や拠点を移動した人の数,中,M017,配置換えの割合 (%),移動数の合計 / 作業者数の合計,配置換えの割合は、過剰な移動、移動コスト、および移動アクティビティーによる生産性の崩壊を示す場合があります。 ただし、ビジネスで必要な拡大、統合、再編成などの変化の期間には、配置換えの割合は増加します。 時間傾向、移動タイプ、移動理由、または組織に基づくその他の情報によって、さらに調査すべき機会または領域が示される場合があります。,,FA 移動マネージャー/プランナー | FA スペース・マネージャー/プランナー,顧客の人事・総務部門、引越業者、入退館システム管理者
人事総務データ,移動履歴（引越し・席替え）,入退館システム,顧客 総務部門（入退館システム管理者）,システム,入退館ログ,17,期間ごとの、移動した人物の数 (入出ログより),期間中に席や拠点を移動した人の数,中,M017,配置換えの割合 (%),移動数の合計 / 作業者数の合計,配置換えの割合は、過剰な移動、移動コスト、および移動アクティビティーによる生産性の崩壊を示す場合があります。 ただし、ビジネスで必要な拡大、統合、再編成などの変化の期間には、配置換えの割合は増加します。 時間傾向、移動タイプ、移動理由、または組織に基づくその他の情報によって、さらに調査すべき機会または領域が示される場合があります。,,FA 移動マネージャー/プランナー | FA スペース・マネージャー/プランナー,顧客の人事・総務部門、引越業者、入退館システム管理者
人事総務データ,移動履歴（引越し・席替え）,座席・レイアウト資料（Excel／CAD／紙）,顧客 総務部門,紙・Excel,MAC管理台帳・レイアウト変更申請,48,データは施設プロジェクト・オブジェクト (MAC タイプのプロジェクトに使用される) から取得されます。,引越し・レイアウト変更の申請と作業の記録,中,M064,移動コスト ($/移動された人物),移動コスト合計 / 移動された人物の合計,コストを人物ごとのメトリックとして扱うことにより、内部の傾向分析と外部のベンチマークのためのコスト効率の比較を容易に実行できるようにします。,,FA 移動マネージャー/プランナー | PR エグゼクティブ | PR マネージャー,顧客の総務部門、FM業者
人事総務データ,移動履歴（引越し・席替え）,引越し作業記録,引越業者,紙・Excel,引越し作業記録,17,期間ごとの、移動した人物の数 (入出ログより),期間中に席や拠点を移動した人の数,中,M017,配置換えの割合 (%),移動数の合計 / 作業者数の合計,配置換えの割合は、過剰な移動、移動コスト、および移動アクティビティーによる生産性の崩壊を示す場合があります。 ただし、ビジネスで必要な拡大、統合、再編成などの変化の期間には、配置換えの割合は増加します。 時間傾向、移動タイプ、移動理由、または組織に基づくその他の情報によって、さらに調査すべき機会または領域が示される場合があります。,,FA 移動マネージャー/プランナー | FA スペース・マネージャー/プランナー,顧客の人事・総務部門、引越業者、入退館システム管理者
人事総務データ,移動履歴（引越し・席替え）,引越し作業記録,引越業者,紙・Excel,引越し品目リスト,47,移動された人物の移動プロジェクト品目数,引越し・席替えで移動した人の数,中,M064,移動コスト ($/移動された人物),移動コスト合計 / 移動された人物の合計,コストを人物ごとのメトリックとして扱うことにより、内部の傾向分析と外部のベンチマークのためのコスト効率の比較を容易に実行できるようにします。,,FA 移動マネージャー/プランナー | PR エグゼクティブ | PR マネージャー,引越業者、FM業者、顧客の総務部門
人事総務データ,移動履歴（引越し・席替え）,引越し作業記録,引越業者,紙・Excel,移動対象者リスト,47,移動された人物の移動プロジェクト品目数,引越し・席替えで移動した人の数,中,M064,移動コスト ($/移動された人物),移動コスト合計 / 移動された人物の合計,コストを人物ごとのメトリックとして扱うことにより、内部の傾向分析と外部のベンチマークのためのコスト効率の比較を容易に実行できるようにします。,,FA 移動マネージャー/プランナー | PR エグゼクティブ | PR マネージャー,引越業者、FM業者、顧客の総務部門
不動産管理データ,契約・物件台帳,会計システム（ERP）,顧客 経理部門,システム,固定資産台帳,9,すべてのアクティブな不動産契約からの賃貸可能面積の合計 (所有物件 + リース),借りている物件と自社で所有する物件の面積の合計,中,M005,ポートフォリオ・リース (%) (% Portfolio Leased),賃貸可能面積の合計 (アクティブな不動産リース) | 賃貸可能面積の合計 (すべてのアクティブな不動産契約),ポートフォリオの俊敏性および柔軟性の測定値を提供します。 比率が高くなるほど、ポートフォリオは俊敏です。,スペース利用契約 (不動産業) | スペース割り振り (施設),EN ワークプレース・エグゼクティブ | FA 移動マネージャー/プランナー | FA スペース・マネージャー/プランナー | RE エグゼクティブ,顧客の不動産部門・経理部門（固定資産）
不動産管理データ,契約・物件台帳,会計システム（ERP）,顧客 経理部門,システム,固定資産台帳,26,合計賃貸可能面積,自社で所有する物件の面積の合計,中,M025,面積あたりのコスト (所有) - 不動産契約,合計不動産コスト (所有) / 合計賃貸可能面積,不動産コストを管理対象面積の関数として等式化することによって、内部の傾向分析と外部のベンチマークを容易に実行できるようにします。,スペース利用契約 (不動産業) | スペース割り振り (施設),不動産トランザクション (ポートフォリオ) マネージャー,顧客の不動産部門・経理部門（固定資産）
不動産管理データ,契約・物件台帳,会計システム（ERP）,顧客 経理部門,システム,固定資産台帳,26,合計賃貸可能面積,自社で所有する物件の面積の合計,中,M058,面積あたりの収入 (賃貸リース),合計不動産収入 (賃貸リース) / 合計賃貸可能面積,,スペース利用契約 (不動産業) | スペース割り振り (施設),RE 契約マネージャー,顧客の不動産部門・経理部門（固定資産）
不動産管理データ,契約・物件台帳,会計システム（ERP）,顧客 経理部門,システム,部門別スペース賃料の配賦表（SUA）,65,SUA 賃貸可能面積,社内の部署に貸し出している（費用を割り振っている）面積,高,M091,不動産契約使用率 – スペース利用契約,SUA 賃貸可能面積合計 / 合計賃貸可能面積,組織は使用率を低く抑えようと努力しています。 空き率が高いことは、スペースの品質が容認できないか、サービス・デリバリーが不適切であるか、地理的ロケーションが悪いことを示している場合があります。,スペース利用契約 (不動産業) | スペース割り振り (施設),RE 契約マネージャー,顧客の不動産・経理部門
不動産管理データ,契約・物件台帳,座席・レイアウト資料（Excel／CAD／紙）,顧客 総務部門,紙・Excel,スペース利用状況の調査,77,空き合計,契約している物件のうち、使われていない面積,中,M117,空きコスト – 不動産契約,面積あたりのコスト / 空き面積合計,組織は空きコストを低く抑えようと努力しています。 空きコストが高いことは、スペースの品質が容認できないか、サービス・デリバリーが不適切であるか、地理的ロケーションが悪いことを示している場合があります。,スペース利用契約 (不動産業) | スペース割り振り (施設),RE エグゼクティブ,顧客の不動産部門、PM会社
不動産管理データ,契約・物件台帳,竣工図書・面積資料（CAD／紙）,建物所有者（顧客 不動産部門）,紙・Excel,竣工図面,26,合計賃貸可能面積,自社で所有する物件の面積の合計,中,M025,面積あたりのコスト (所有) - 不動産契約,合計不動産コスト (所有) / 合計賃貸可能面積,不動産コストを管理対象面積の関数として等式化することによって、内部の傾向分析と外部のベンチマークを容易に実行できるようにします。,スペース利用契約 (不動産業) | スペース割り振り (施設),不動産トランザクション (ポートフォリオ) マネージャー,顧客の不動産部門・経理部門（固定資産）
不動産管理データ,契約・物件台帳,竣工図書・面積資料（CAD／紙）,建物所有者（顧客 不動産部門）,紙・Excel,竣工図面,26,合計賃貸可能面積,自社で所有する物件の面積の合計,中,M058,面積あたりの収入 (賃貸リース),合計不動産収入 (賃貸リース) / 合計賃貸可能面積,,スペース利用契約 (不動産業) | スペース割り振り (施設),RE 契約マネージャー,顧客の不動産部門・経理部門（固定資産）
不動産管理データ,契約・物件台帳,竣工図書・面積資料（CAD／紙）,建物所有者（顧客 不動産部門）,紙・Excel,面積表,9,すべてのアクティブな不動産契約からの賃貸可能面積の合計 (所有物件 + リース),借りている物件と自社で所有する物件の面積の合計,中,M005,ポートフォリオ・リース (%) (% Portfolio Leased),賃貸可能面積の合計 (アクティブな不動産リース) | 賃貸可能面積の合計 (すべてのアクティブな不動産契約),ポートフォリオの俊敏性および柔軟性の測定値を提供します。 比率が高くなるほど、ポートフォリオは俊敏です。,スペース利用契約 (不動産業) | スペース割り振り (施設),EN ワークプレース・エグゼクティブ | FA 移動マネージャー/プランナー | FA スペース・マネージャー/プランナー | RE エグゼクティブ,顧客の不動産部門・経理部門（固定資産）
不動産管理データ,契約・物件台帳,賃貸借契約・物件台帳（Excel／紙）,顧客 不動産部門,紙・Excel,登記簿,9,すべてのアクティブな不動産契約からの賃貸可能面積の合計 (所有物件 + リース),借りている物件と自社で所有する物件の面積の合計,中,M005,ポートフォリオ・リース (%) (% Portfolio Leased),賃貸可能面積の合計 (アクティブな不動産リース) | 賃貸可能面積の合計 (すべてのアクティブな不動産契約),ポートフォリオの俊敏性および柔軟性の測定値を提供します。 比率が高くなるほど、ポートフォリオは俊敏です。,スペース利用契約 (不動産業) | スペース割り振り (施設),EN ワークプレース・エグゼクティブ | FA 移動マネージャー/プランナー | FA スペース・マネージャー/プランナー | RE エグゼクティブ,顧客の不動産部門・経理部門（固定資産）
不動産管理データ,契約・物件台帳,賃貸借契約・物件台帳（Excel／紙）,顧客 不動産部門,紙・Excel,登記簿,26,合計賃貸可能面積,自社で所有する物件の面積の合計,中,M025,面積あたりのコスト (所有) - 不動産契約,合計不動産コスト (所有) / 合計賃貸可能面積,不動産コストを管理対象面積の関数として等式化することによって、内部の傾向分析と外部のベンチマークを容易に実行できるようにします。,スペース利用契約 (不動産業) | スペース割り振り (施設),不動産トランザクション (ポートフォリオ) マネージャー,顧客の不動産部門・経理部門（固定資産）
不動産管理データ,契約・物件台帳,賃貸借契約・物件台帳（Excel／紙）,顧客 不動産部門,紙・Excel,登記簿,26,合計賃貸可能面積,自社で所有する物件の面積の合計,中,M058,面積あたりの収入 (賃貸リース),合計不動産収入 (賃貸リース) / 合計賃貸可能面積,,スペース利用契約 (不動産業) | スペース割り振り (施設),RE 契約マネージャー,顧客の不動産部門・経理部門（固定資産）
不動産管理データ,契約・物件台帳,賃貸借契約・物件台帳（Excel／紙）,顧客 不動産部門,紙・Excel,賃借物件台帳,8,不動産リースからの賃貸可能面積の合計,借りている物件の契約面積の合計,中,M005,ポートフォリオ・リース (%) (% Portfolio Leased),賃貸可能面積の合計 (アクティブな不動産リース) | 賃貸可能面積の合計 (すべてのアクティブな不動産契約),ポートフォリオの俊敏性および柔軟性の測定値を提供します。 比率が高くなるほど、ポートフォリオは俊敏です。,スペース利用契約 (不動産業) | スペース割り振り (施設),EN ワークプレース・エグゼクティブ | FA 移動マネージャー/プランナー | FA スペース・マネージャー/プランナー | RE エグゼクティブ,顧客の不動産部門、貸主
不動産管理データ,契約・物件台帳,賃貸借契約・物件台帳（Excel／紙）,顧客 不動産部門,紙・Excel,賃借物件台帳,9,すべてのアクティブな不動産契約からの賃貸可能面積の合計 (所有物件 + リース),借りている物件と自社で所有する物件の面積の合計,中,M005,ポートフォリオ・リース (%) (% Portfolio Leased),賃貸可能面積の合計 (アクティブな不動産リース) | 賃貸可能面積の合計 (すべてのアクティブな不動産契約),ポートフォリオの俊敏性および柔軟性の測定値を提供します。 比率が高くなるほど、ポートフォリオは俊敏です。,スペース利用契約 (不動産業) | スペース割り振り (施設),EN ワークプレース・エグゼクティブ | FA 移動マネージャー/プランナー | FA スペース・マネージャー/プランナー | RE エグゼクティブ,顧客の不動産部門・経理部門（固定資産）
不動産管理データ,契約・物件台帳,賃貸借契約・物件台帳（Excel／紙）,顧客 不動産部門,紙・Excel,賃借物件台帳,12,合計賃貸可能面積,不動産契約ごとの契約面積の合計,中,M007,1 人あたりの面積 - 不動産契約,合計賃貸可能面積 | 合計人数,組織は、1 人あたりの面積の比率を低い状態に維持するように努力します。 1 人あたりの面積が大きい場合は、スペース品質が許容できないものであるか、サービス・デリバリーが不十分であるか、または地理的位置の条件が良くないことを示す可能性があります。,スペース利用契約 | スペース割り振り,RE トランザクション・マネージャー,顧客の不動産部門、貸主
不動産管理データ,契約・物件台帳,賃貸借契約・物件台帳（Excel／紙）,顧客 不動産部門,紙・Excel,賃借物件台帳,24,合計賃貸可能面積,借りている物件の契約面積の合計,中,M024,面積あたりのコスト (リース済み) - 不動産契約,合計不動産コスト (リース済み) / 合計賃貸可能面積,不動産コストを管理対象面積の関数として等式化することによって、内部の傾向分析と外部のベンチマークを容易に実行できるようにします。,スペース利用契約 (不動産業) | スペース割り振り (施設),RE トランザクション・マネージャー,顧客の不動産部門、貸主
不動産管理データ,契約・物件台帳,賃貸借契約・物件台帳（Excel／紙）,顧客 不動産部門,紙・Excel,賃借物件台帳,66,不動産契約:,不動産契約の情報（下の行をまとめる見出し）,中,M091,不動産契約使用率 – スペース利用契約,SUA 賃貸可能面積合計 / 合計賃貸可能面積,組織は使用率を低く抑えようと努力しています。 空き率が高いことは、スペースの品質が容認できないか、サービス・デリバリーが不適切であるか、地理的ロケーションが悪いことを示している場合があります。,スペース利用契約 (不動産業) | スペース割り振り (施設),RE 契約マネージャー,顧客の不動産部門（※見出し行。67の親項目）
不動産管理データ,契約・物件台帳,賃貸借契約・物件台帳（Excel／紙）,顧客 不動産部門,紙・Excel,賃借物件台帳,67,合計賃貸可能面積,社内の部署への貸し出しの元になる契約面積,中,M091,不動産契約使用率 – スペース利用契約,SUA 賃貸可能面積合計 / 合計賃貸可能面積,組織は使用率を低く抑えようと努力しています。 空き率が高いことは、スペースの品質が容認できないか、サービス・デリバリーが不適切であるか、地理的ロケーションが悪いことを示している場合があります。,スペース利用契約 (不動産業) | スペース割り振り (施設),RE 契約マネージャー,顧客の不動産部門、貸主
不動産管理データ,契約・物件台帳,賃貸借契約・物件台帳（Excel／紙）,顧客 不動産部門,紙・Excel,賃借物件台帳,75,不動産契約:,不動産契約の情報（下の2行をまとめる見出し）,中,M117,空きコスト – 不動産契約,面積あたりのコスト / 空き面積合計,組織は空きコストを低く抑えようと努力しています。 空きコストが高いことは、スペースの品質が容認できないか、サービス・デリバリーが不適切であるか、地理的ロケーションが悪いことを示している場合があります。,スペース利用契約 (不動産業) | スペース割り振り (施設),RE エグゼクティブ,顧客の不動産部門（※見出し行。76・77の親項目）
不動産管理データ,契約・物件台帳,賃貸借契約・物件台帳（Excel／紙）,顧客 不動産部門,紙・Excel,賃借物件台帳,76,合計賃貸可能面積,契約している物件の面積の合計,中,M117,空きコスト – 不動産契約,面積あたりのコスト / 空き面積合計,組織は空きコストを低く抑えようと努力しています。 空きコストが高いことは、スペースの品質が容認できないか、サービス・デリバリーが不適切であるか、地理的ロケーションが悪いことを示している場合があります。,スペース利用契約 (不動産業) | スペース割り振り (施設),RE エグゼクティブ,顧客の不動産部門、貸主
不動産管理データ,契約・物件台帳,賃貸借契約・物件台帳（Excel／紙）,顧客 不動産部門,紙・Excel,賃借物件台帳,79,合計賃貸可能面積,契約している物件の面積の合計,中,M118,空き率 – 不動産契約,空き面積合計 / 合計賃貸可能面積,組織は空き率を低く抑えようと努力しています。 空き率が高いことは、スペースの品質が容認できないか、サービス・デリバリーが不適切であるか、地理的ロケーションが悪いことを示している場合があります。,スペース利用契約 (不動産業) | スペース割り振り (施設),RE エグゼクティブ | RE トランザクション・マネージャー,顧客の不動産部門、貸主
不動産管理データ,契約・物件台帳,賃貸借契約・物件台帳（Excel／紙）,顧客 不動産部門,紙・Excel,賃貸借契約書,8,不動産リースからの賃貸可能面積の合計,借りている物件の契約面積の合計,中,M005,ポートフォリオ・リース (%) (% Portfolio Leased),賃貸可能面積の合計 (アクティブな不動産リース) | 賃貸可能面積の合計 (すべてのアクティブな不動産契約),ポートフォリオの俊敏性および柔軟性の測定値を提供します。 比率が高くなるほど、ポートフォリオは俊敏です。,スペース利用契約 (不動産業) | スペース割り振り (施設),EN ワークプレース・エグゼクティブ | FA 移動マネージャー/プランナー | FA スペース・マネージャー/プランナー | RE エグゼクティブ,顧客の不動産部門、貸主
不動産管理データ,契約・物件台帳,賃貸借契約・物件台帳（Excel／紙）,顧客 不動産部門,紙・Excel,賃貸借契約書,12,合計賃貸可能面積,不動産契約ごとの契約面積の合計,中,M007,1 人あたりの面積 - 不動産契約,合計賃貸可能面積 | 合計人数,組織は、1 人あたりの面積の比率を低い状態に維持するように努力します。 1 人あたりの面積が大きい場合は、スペース品質が許容できないものであるか、サービス・デリバリーが不十分であるか、または地理的位置の条件が良くないことを示す可能性があります。,スペース利用契約 | スペース割り振り,RE トランザクション・マネージャー,顧客の不動産部門、貸主
不動産管理データ,契約・物件台帳,賃貸借契約・物件台帳（Excel／紙）,顧客 不動産部門,紙・Excel,賃貸借契約書,24,合計賃貸可能面積,借りている物件の契約面積の合計,中,M024,面積あたりのコスト (リース済み) - 不動産契約,合計不動産コスト (リース済み) / 合計賃貸可能面積,不動産コストを管理対象面積の関数として等式化することによって、内部の傾向分析と外部のベンチマークを容易に実行できるようにします。,スペース利用契約 (不動産業) | スペース割り振り (施設),RE トランザクション・マネージャー,顧客の不動産部門、貸主
不動産管理データ,契約・物件台帳,賃貸借契約・物件台帳（Excel／紙）,顧客 不動産部門,紙・Excel,賃貸借契約書,66,不動産契約:,不動産契約の情報（下の行をまとめる見出し）,中,M091,不動産契約使用率 – スペース利用契約,SUA 賃貸可能面積合計 / 合計賃貸可能面積,組織は使用率を低く抑えようと努力しています。 空き率が高いことは、スペースの品質が容認できないか、サービス・デリバリーが不適切であるか、地理的ロケーションが悪いことを示している場合があります。,スペース利用契約 (不動産業) | スペース割り振り (施設),RE 契約マネージャー,顧客の不動産部門（※見出し行。67の親項目）
不動産管理データ,契約・物件台帳,賃貸借契約・物件台帳（Excel／紙）,顧客 不動産部門,紙・Excel,賃貸借契約書,67,合計賃貸可能面積,社内の部署への貸し出しの元になる契約面積,中,M091,不動産契約使用率 – スペース利用契約,SUA 賃貸可能面積合計 / 合計賃貸可能面積,組織は使用率を低く抑えようと努力しています。 空き率が高いことは、スペースの品質が容認できないか、サービス・デリバリーが不適切であるか、地理的ロケーションが悪いことを示している場合があります。,スペース利用契約 (不動産業) | スペース割り振り (施設),RE 契約マネージャー,顧客の不動産部門、貸主
不動産管理データ,契約・物件台帳,賃貸借契約・物件台帳（Excel／紙）,顧客 不動産部門,紙・Excel,賃貸借契約書,75,不動産契約:,不動産契約の情報（下の2行をまとめる見出し）,中,M117,空きコスト – 不動産契約,面積あたりのコスト / 空き面積合計,組織は空きコストを低く抑えようと努力しています。 空きコストが高いことは、スペースの品質が容認できないか、サービス・デリバリーが不適切であるか、地理的ロケーションが悪いことを示している場合があります。,スペース利用契約 (不動産業) | スペース割り振り (施設),RE エグゼクティブ,顧客の不動産部門（※見出し行。76・77の親項目）
不動産管理データ,契約・物件台帳,賃貸借契約・物件台帳（Excel／紙）,顧客 不動産部門,紙・Excel,賃貸借契約書,76,合計賃貸可能面積,契約している物件の面積の合計,中,M117,空きコスト – 不動産契約,面積あたりのコスト / 空き面積合計,組織は空きコストを低く抑えようと努力しています。 空きコストが高いことは、スペースの品質が容認できないか、サービス・デリバリーが不適切であるか、地理的ロケーションが悪いことを示している場合があります。,スペース利用契約 (不動産業) | スペース割り振り (施設),RE エグゼクティブ,顧客の不動産部門、貸主
不動産管理データ,契約・物件台帳,賃貸借契約・物件台帳（Excel／紙）,顧客 不動産部門,紙・Excel,賃貸借契約書,79,合計賃貸可能面積,契約している物件の面積の合計,中,M118,空き率 – 不動産契約,空き面積合計 / 合計賃貸可能面積,組織は空き率を低く抑えようと努力しています。 空き率が高いことは、スペースの品質が容認できないか、サービス・デリバリーが不適切であるか、地理的ロケーションが悪いことを示している場合があります。,スペース利用契約 (不動産業) | スペース割り振り (施設),RE エグゼクティブ | RE トランザクション・マネージャー,顧客の不動産部門、貸主
不動産管理データ,契約・物件台帳,賃貸管理（レントロール）,PM会社,システム,レントロール,77,空き合計,契約している物件のうち、使われていない面積,中,M117,空きコスト – 不動産契約,面積あたりのコスト / 空き面積合計,組織は空きコストを低く抑えようと努力しています。 空きコストが高いことは、スペースの品質が容認できないか、サービス・デリバリーが不適切であるか、地理的ロケーションが悪いことを示している場合があります。,スペース利用契約 (不動産業) | スペース割り振り (施設),RE エグゼクティブ,顧客の不動産部門、PM会社
不動産管理データ,契約・物件台帳,賃貸管理（レントロール）,PM会社,システム,レントロール,78,空き面積合計,契約している物件のうち、使われていない面積,中,M118,空き率 – 不動産契約,空き面積合計 / 合計賃貸可能面積,組織は空き率を低く抑えようと努力しています。 空き率が高いことは、スペースの品質が容認できないか、サービス・デリバリーが不適切であるか、地理的ロケーションが悪いことを示している場合があります。,スペース利用契約 (不動産業) | スペース割り振り (施設),RE エグゼクティブ | RE トランザクション・マネージャー,顧客の不動産部門、PM会社
不動産管理データ,契約・物件台帳,賃貸管理（レントロール）,PM会社,システム,空室表,77,空き合計,契約している物件のうち、使われていない面積,中,M117,空きコスト – 不動産契約,面積あたりのコスト / 空き面積合計,組織は空きコストを低く抑えようと努力しています。 空きコストが高いことは、スペースの品質が容認できないか、サービス・デリバリーが不適切であるか、地理的ロケーションが悪いことを示している場合があります。,スペース利用契約 (不動産業) | スペース割り振り (施設),RE エグゼクティブ,顧客の不動産部門、PM会社
不動産管理データ,契約・物件台帳,賃貸管理（レントロール）,PM会社,システム,空室表,78,空き面積合計,契約している物件のうち、使われていない面積,中,M118,空き率 – 不動産契約,空き面積合計 / 合計賃貸可能面積,組織は空き率を低く抑えようと努力しています。 空き率が高いことは、スペースの品質が容認できないか、サービス・デリバリーが不適切であるか、地理的ロケーションが悪いことを示している場合があります。,スペース利用契約 (不動産業) | スペース割り振り (施設),RE エグゼクティブ | RE トランザクション・マネージャー,顧客の不動産部門、PM会社
不動産管理データ,建物・面積（図面）,座席・レイアウト資料（Excel／CAD／紙）,顧客 総務部門,紙・Excel,フロアレイアウト図,107,「予約可能」 = TRUE であるスペース・レコード,固定席のないエリア（フリーアドレス）の面積,中,M061,移動スペース率 (%),フリーアドレス作業スペースの面積合計 / 作業スペースの面積合計,共有の作業スペースによって使用率と俊敏性を改善する傾向と機会を特定します。,,FA 移動マネージャー/プランナー | FA スペース・マネージャー/プランナー,顧客の総務部門
不動産管理データ,建物・面積（図面）,座席・レイアウト資料（Excel／CAD／紙）,顧客 総務部門,紙・Excel,フロアレイアウト図,108,「作業ポイント」 = TRUE であるスペース・レコード,仕事をする場所（席のあるエリア）の面積,中,M061,移動スペース率 (%),フリーアドレス作業スペースの面積合計 / 作業スペースの面積合計,共有の作業スペースによって使用率と俊敏性を改善する傾向と機会を特定します。,,FA 移動マネージャー/プランナー | FA スペース・マネージャー/プランナー,建物所有者・顧客の総務部門
不動産管理データ,建物・面積（図面）,座席予約システム,顧客 総務部門,システム,座席予約データ,107,「予約可能」 = TRUE であるスペース・レコード,固定席のないエリア（フリーアドレス）の面積,中,M061,移動スペース率 (%),フリーアドレス作業スペースの面積合計 / 作業スペースの面積合計,共有の作業スペースによって使用率と俊敏性を改善する傾向と機会を特定します。,,FA 移動マネージャー/プランナー | FA スペース・マネージャー/プランナー,顧客の総務部門
不動産管理データ,建物・面積（図面）,竣工図書・面積資料（CAD／紙）,建物所有者（顧客 不動産部門）,紙・Excel,CAD図面,32,ドリル・パスまたは対話式フィルターによってフィルタリング/グループ化された面積,フロアや部屋などの単位で区切った面積,中,M031,密度 (面積/人),合計面積 / 作業者数の合計,使用される面積を、作業者ごとのメトリックとして扱うことにより、内部の傾向分析と外部のベンチマークのための建物占有キャパシティーとレイアウト効率の比較を容易に実行できるようにします。,,FA 移動マネージャー/プランナー | FA スペース・マネージャー/プランナー,建物所有者・顧客の総務部門
不動産管理データ,建物・面積（図面）,竣工図書・面積資料（CAD／紙）,建物所有者（顧客 不動産部門）,紙・Excel,CAD図面,34,ドリル・パスまたは対話式フィルターによってフィルタリングされた面積,建物・フロアなどの条件で絞り込んだ面積,中,M032,密度 (面積/作業ポイント),合計面積 / 作業ポイント数の合計,使用される面積を、作業ポイントごとのメトリックとして扱うことにより、内部の傾向分析と外部のベンチマークのための建物占有キャパシティーとレイアウト効率の比較を容易に実行できるようにします。,,FA 移動マネージャー/プランナー | FA スペース・マネージャー/プランナー,建物所有者・顧客の総務部門
不動産管理データ,建物・面積（図面）,竣工図書・面積資料（CAD／紙）,建物所有者（顧客 不動産部門）,紙・Excel,CAD図面,108,「作業ポイント」 = TRUE であるスペース・レコード,仕事をする場所（席のあるエリア）の面積,中,M061,移動スペース率 (%),フリーアドレス作業スペースの面積合計 / 作業スペースの面積合計,共有の作業スペースによって使用率と俊敏性を改善する傾向と機会を特定します。,,FA 移動マネージャー/プランナー | FA スペース・マネージャー/プランナー,建物所有者・顧客の総務部門
不動産管理データ,建物・面積（図面）,竣工図書・面積資料（CAD／紙）,建物所有者（顧客 不動産部門）,紙・Excel,CAD図面,131,面積: ドリル・パスまたは対話式フィルターによってフィルタリング/グループ化された面積,部屋の用途（執務室・会議室など）ごとの面積,中,M109,スペース・クラス内訳 (%),スペース・クラス別の面積,内部傾向分析と外部のベンチマークのための建物のレイアウトの効率の比較を容易にします。,,FA 移動マネージャー/プランナー | FA スペース・マネージャー/プランナー,建物所有者・顧客の総務部門
不動産管理データ,建物・面積（図面）,竣工図書・面積資料（CAD／紙）,建物所有者（顧客 不動産部門）,紙・Excel,竣工図面,21,建物の賃貸可能面積 (平方フィートまたは正方形)。 メートル),建物のうち貸せる（使える）床面積,低,M021,運用コスト (金額/面積),運用コスト合計 / 面積 (面積単位) 運用コスト合計には、メンテナンス、維持管理、および公共料金が含まれます。,運用コストを管理対象面積の関数として等式化することによって、内部の傾向分析と外部のベンチマークを容易に実行できるようにします。 操作のコストは、 IBM® TRIRIGA® のコスト・コードで表される操作の総コスト、サブコンポーネント・レベル、および各種操作プロセスとして評価されます。,,EN ワークプレース・エグゼクティブ | FA 移動マネージャー/プランナー | FA スペース・マネージャー/プランナー | OP エグゼクティブ | OP サービス・マネージャー | OP 施設アセスメント・マネージャー/プランナー,建物所有者・顧客の不動産部門
不動産管理データ,建物・面積（図面）,竣工図書・面積資料（CAD／紙）,建物所有者（顧客 不動産部門）,紙・Excel,竣工図面,31,建物の賃貸可能面積,建物のうち貸せる（使える）床面積,低,M029,維持管理コスト / 面積 ($/面積),保全コスト合計 / 施設面積合計,業界ベンチマークと比較した場合のパフォーマンスを管理担当者に通知し、管理者が複数の地域、施設、および建物タイプにわたって保全コストを比較できるようにします。,建物 (面積の計算) | 外部の企業システムからの財務データ,OP エグゼクティブ | OP サービス・マネージャー,建物所有者・顧客の不動産部門
不動産管理データ,建物・面積（図面）,竣工図書・面積資料（CAD／紙）,建物所有者（顧客 不動産部門）,紙・Excel,竣工図面,31,建物の賃貸可能面積,建物のうち貸せる（使える）床面積,低,M116,公共料金 / 面積 ($/面積),公共料金合計 / 施設面積合計,業界ベンチマークと釣り合わせるための方法を管理担当者に通知します。これにより、マネージャーは地域、施設、および建物タイプ全体で公共料金を比較することができます。,建物 (面積の計算) | 外部の企業システムからの財務データ,OP エグゼクティブ | OP サービス・マネージャー,建物所有者・顧客の不動産部門
不動産管理データ,建物・面積（図面）,竣工図書・面積資料（CAD／紙）,建物所有者（顧客 不動産部門）,紙・Excel,竣工図面,43,建物の賃貸可能面積,施設の床面積の合計,低,M059,メンテナンス・コスト/面積 ($/面積),メンテナンス・コスト合計 / 施設面積合計,業界ベンチマークと比較してどのようであるかを管理担当者に通知し、管理者が複数の地域、施設、および建物タイプにわたってメンテナンス・コストを比較できるようにします。,建物 (面積の計算) | 外部の企業システムからの財務データ,OP エグゼクティブ | OP サービス・マネージャー | OP 施設アセスメント・マネージャー/プランナー,建物所有者・顧客の不動産部門
不動産管理データ,建物・面積（図面）,竣工図書・面積資料（CAD／紙）,建物所有者（顧客 不動産部門）,紙・Excel,竣工図面,45,建物の賃貸可能面積 (平方フィートまたは平方メートル),建物のうち貸せる（使える）床面積,低,M063,移動コスト ($/面積),移動コスト合計 / 面積合計,コストを面積メトリックとして扱うことにより、内部の傾向分析と外部のベンチマークのためのコスト効率の比較を容易に実行できるようにします。,,FA 移動マネージャー/プランナー | OP エグゼクティブ | PR エグゼクティブ | PR マネージャー,建物所有者・顧客の不動産部門
不動産管理データ,建物・面積（図面）,竣工図書・面積資料（CAD／紙）,建物所有者（顧客 不動産部門）,紙・Excel,竣工図面,45,建物の賃貸可能面積 (平方フィートまたは平方メートル),建物のうち貸せる（使える）床面積,低,M113,合計占有コスト (TCO) ($/面積),(運用コスト合計 + 固定資産提供コスト) / 合計賃貸可能面積,運用コストを管理対象面積の関数として等式化することによって、内部の傾向分析と外部のベンチマークを容易に実行できるようにします。 占有コストは、 IBM® TRIRIGA® のコスト・コードで表される、サブコンポーネント・レベルおよび各種操作プロセスでの、全体的な操作コストの合計として評価されます。,,EN ワークプレース・エグゼクティブ | FA 移動マネージャー/プランナー | FA スペース・マネージャー/プランナー | OP エグゼクティブ,建物所有者・顧客の不動産部門
不動産管理データ,建物・面積（図面）,竣工図書・面積資料（CAD／紙）,建物所有者（顧客 不動産部門）,紙・Excel,竣工図面,55,建物内部の合計スペース,建物の中で使える面積の合計,低,M072,占有率 (%),使用スペース / 使用可能スペース,内部傾向分析と外部のベンチマークのための建物の占有およびレイアウトの効率の比較を容易にします。,,EN ワークプレース・エグゼクティブ | FA 移動マネージャー/プランナー | FA スペース・マネージャー/プランナー,建物所有者・顧客の不動産部門
不動産管理データ,建物・面積（図面）,竣工図書・面積資料（CAD／紙）,建物所有者（顧客 不動産部門）,紙・Excel,竣工図面,96,ファクト・テーブルでは、総面積と利用可能面積の値も取り込みます。,建物の延床面積と、実際に使える面積,低,M021,運用コスト (金額/面積),運用コスト合計 / 面積 (面積単位) 運用コスト合計には、メンテナンス、維持管理、および公共料金が含まれます。,運用コストを管理対象面積の関数として等式化することによって、内部の傾向分析と外部のベンチマークを容易に実行できるようにします。 操作のコストは、 IBM® TRIRIGA® のコスト・コードで表される操作の総コスト、サブコンポーネント・レベル、および各種操作プロセスとして評価されます。,,EN ワークプレース・エグゼクティブ | FA 移動マネージャー/プランナー | FA スペース・マネージャー/プランナー | OP エグゼクティブ | OP サービス・マネージャー | OP 施設アセスメント・マネージャー/プランナー,建物所有者・顧客の不動産部門
不動産管理データ,建物・面積（図面）,竣工図書・面積資料（CAD／紙）,建物所有者（顧客 不動産部門）,紙・Excel,竣工図面,96,ファクト・テーブルでは、総面積と利用可能面積の値も取り込みます。,建物の延床面積と、実際に使える面積,低,M063,移動コスト ($/面積),移動コスト合計 / 面積合計,コストを面積メトリックとして扱うことにより、内部の傾向分析と外部のベンチマークのためのコスト効率の比較を容易に実行できるようにします。,,FA 移動マネージャー/プランナー | OP エグゼクティブ | PR エグゼクティブ | PR マネージャー,建物所有者・顧客の不動産部門
不動産管理データ,建物・面積（図面）,竣工図書・面積資料（CAD／紙）,建物所有者（顧客 不動産部門）,紙・Excel,竣工図面,96,ファクト・テーブルでは、総面積と利用可能面積の値も取り込みます。,建物の延床面積と、実際に使える面積,低,M113,合計占有コスト (TCO) ($/面積),(運用コスト合計 + 固定資産提供コスト) / 合計賃貸可能面積,運用コストを管理対象面積の関数として等式化することによって、内部の傾向分析と外部のベンチマークを容易に実行できるようにします。 占有コストは、 IBM® TRIRIGA® のコスト・コードで表される、サブコンポーネント・レベルおよび各種操作プロセスでの、全体的な操作コストの合計として評価されます。,,EN ワークプレース・エグゼクティブ | FA 移動マネージャー/プランナー | FA スペース・マネージャー/プランナー | OP エグゼクティブ,建物所有者・顧客の不動産部門
不動産管理データ,建物・面積（図面）,竣工図書・面積資料（CAD／紙）,建物所有者（顧客 不動産部門）,紙・Excel,面積表,21,建物の賃貸可能面積 (平方フィートまたは正方形)。 メートル),建物のうち貸せる（使える）床面積,低,M021,運用コスト (金額/面積),運用コスト合計 / 面積 (面積単位) 運用コスト合計には、メンテナンス、維持管理、および公共料金が含まれます。,運用コストを管理対象面積の関数として等式化することによって、内部の傾向分析と外部のベンチマークを容易に実行できるようにします。 操作のコストは、 IBM® TRIRIGA® のコスト・コードで表される操作の総コスト、サブコンポーネント・レベル、および各種操作プロセスとして評価されます。,,EN ワークプレース・エグゼクティブ | FA 移動マネージャー/プランナー | FA スペース・マネージャー/プランナー | OP エグゼクティブ | OP サービス・マネージャー | OP 施設アセスメント・マネージャー/プランナー,建物所有者・顧客の不動産部門
不動産管理データ,建物・面積（図面）,竣工図書・面積資料（CAD／紙）,建物所有者（顧客 不動産部門）,紙・Excel,面積表,31,建物の賃貸可能面積,建物のうち貸せる（使える）床面積,低,M029,維持管理コスト / 面積 ($/面積),保全コスト合計 / 施設面積合計,業界ベンチマークと比較した場合のパフォーマンスを管理担当者に通知し、管理者が複数の地域、施設、および建物タイプにわたって保全コストを比較できるようにします。,建物 (面積の計算) | 外部の企業システムからの財務データ,OP エグゼクティブ | OP サービス・マネージャー,建物所有者・顧客の不動産部門
不動産管理データ,建物・面積（図面）,竣工図書・面積資料（CAD／紙）,建物所有者（顧客 不動産部門）,紙・Excel,面積表,31,建物の賃貸可能面積,建物のうち貸せる（使える）床面積,低,M116,公共料金 / 面積 ($/面積),公共料金合計 / 施設面積合計,業界ベンチマークと釣り合わせるための方法を管理担当者に通知します。これにより、マネージャーは地域、施設、および建物タイプ全体で公共料金を比較することができます。,建物 (面積の計算) | 外部の企業システムからの財務データ,OP エグゼクティブ | OP サービス・マネージャー,建物所有者・顧客の不動産部門
不動産管理データ,建物・面積（図面）,竣工図書・面積資料（CAD／紙）,建物所有者（顧客 不動産部門）,紙・Excel,面積表,32,ドリル・パスまたは対話式フィルターによってフィルタリング/グループ化された面積,フロアや部屋などの単位で区切った面積,中,M031,密度 (面積/人),合計面積 / 作業者数の合計,使用される面積を、作業者ごとのメトリックとして扱うことにより、内部の傾向分析と外部のベンチマークのための建物占有キャパシティーとレイアウト効率の比較を容易に実行できるようにします。,,FA 移動マネージャー/プランナー | FA スペース・マネージャー/プランナー,建物所有者・顧客の総務部門
不動産管理データ,建物・面積（図面）,竣工図書・面積資料（CAD／紙）,建物所有者（顧客 不動産部門）,紙・Excel,面積表,34,ドリル・パスまたは対話式フィルターによってフィルタリングされた面積,建物・フロアなどの条件で絞り込んだ面積,中,M032,密度 (面積/作業ポイント),合計面積 / 作業ポイント数の合計,使用される面積を、作業ポイントごとのメトリックとして扱うことにより、内部の傾向分析と外部のベンチマークのための建物占有キャパシティーとレイアウト効率の比較を容易に実行できるようにします。,,FA 移動マネージャー/プランナー | FA スペース・マネージャー/プランナー,建物所有者・顧客の総務部門
不動産管理データ,建物・面積（図面）,竣工図書・面積資料（CAD／紙）,建物所有者（顧客 不動産部門）,紙・Excel,面積表,43,建物の賃貸可能面積,施設の床面積の合計,低,M059,メンテナンス・コスト/面積 ($/面積),メンテナンス・コスト合計 / 施設面積合計,業界ベンチマークと比較してどのようであるかを管理担当者に通知し、管理者が複数の地域、施設、および建物タイプにわたってメンテナンス・コストを比較できるようにします。,建物 (面積の計算) | 外部の企業システムからの財務データ,OP エグゼクティブ | OP サービス・マネージャー | OP 施設アセスメント・マネージャー/プランナー,建物所有者・顧客の不動産部門
不動産管理データ,建物・面積（図面）,竣工図書・面積資料（CAD／紙）,建物所有者（顧客 不動産部門）,紙・Excel,面積表,45,建物の賃貸可能面積 (平方フィートまたは平方メートル),建物のうち貸せる（使える）床面積,低,M063,移動コスト ($/面積),移動コスト合計 / 面積合計,コストを面積メトリックとして扱うことにより、内部の傾向分析と外部のベンチマークのためのコスト効率の比較を容易に実行できるようにします。,,FA 移動マネージャー/プランナー | OP エグゼクティブ | PR エグゼクティブ | PR マネージャー,建物所有者・顧客の不動産部門
不動産管理データ,建物・面積（図面）,竣工図書・面積資料（CAD／紙）,建物所有者（顧客 不動産部門）,紙・Excel,面積表,45,建物の賃貸可能面積 (平方フィートまたは平方メートル),建物のうち貸せる（使える）床面積,低,M113,合計占有コスト (TCO) ($/面積),(運用コスト合計 + 固定資産提供コスト) / 合計賃貸可能面積,運用コストを管理対象面積の関数として等式化することによって、内部の傾向分析と外部のベンチマークを容易に実行できるようにします。 占有コストは、 IBM® TRIRIGA® のコスト・コードで表される、サブコンポーネント・レベルおよび各種操作プロセスでの、全体的な操作コストの合計として評価されます。,,EN ワークプレース・エグゼクティブ | FA 移動マネージャー/プランナー | FA スペース・マネージャー/プランナー | OP エグゼクティブ,建物所有者・顧客の不動産部門
不動産管理データ,建物・面積（図面）,竣工図書・面積資料（CAD／紙）,建物所有者（顧客 不動産部門）,紙・Excel,面積表,55,建物内部の合計スペース,建物の中で使える面積の合計,低,M072,占有率 (%),使用スペース / 使用可能スペース,内部傾向分析と外部のベンチマークのための建物の占有およびレイアウトの効率の比較を容易にします。,,EN ワークプレース・エグゼクティブ | FA 移動マネージャー/プランナー | FA スペース・マネージャー/プランナー,建物所有者・顧客の不動産部門
不動産管理データ,建物・面積（図面）,竣工図書・面積資料（CAD／紙）,建物所有者（顧客 不動産部門）,紙・Excel,面積表,96,ファクト・テーブルでは、総面積と利用可能面積の値も取り込みます。,建物の延床面積と、実際に使える面積,低,M021,運用コスト (金額/面積),運用コスト合計 / 面積 (面積単位) 運用コスト合計には、メンテナンス、維持管理、および公共料金が含まれます。,運用コストを管理対象面積の関数として等式化することによって、内部の傾向分析と外部のベンチマークを容易に実行できるようにします。 操作のコストは、 IBM® TRIRIGA® のコスト・コードで表される操作の総コスト、サブコンポーネント・レベル、および各種操作プロセスとして評価されます。,,EN ワークプレース・エグゼクティブ | FA 移動マネージャー/プランナー | FA スペース・マネージャー/プランナー | OP エグゼクティブ | OP サービス・マネージャー | OP 施設アセスメント・マネージャー/プランナー,建物所有者・顧客の不動産部門
不動産管理データ,建物・面積（図面）,竣工図書・面積資料（CAD／紙）,建物所有者（顧客 不動産部門）,紙・Excel,面積表,96,ファクト・テーブルでは、総面積と利用可能面積の値も取り込みます。,建物の延床面積と、実際に使える面積,低,M063,移動コスト ($/面積),移動コスト合計 / 面積合計,コストを面積メトリックとして扱うことにより、内部の傾向分析と外部のベンチマークのためのコスト効率の比較を容易に実行できるようにします。,,FA 移動マネージャー/プランナー | OP エグゼクティブ | PR エグゼクティブ | PR マネージャー,建物所有者・顧客の不動産部門
不動産管理データ,建物・面積（図面）,竣工図書・面積資料（CAD／紙）,建物所有者（顧客 不動産部門）,紙・Excel,面積表,96,ファクト・テーブルでは、総面積と利用可能面積の値も取り込みます。,建物の延床面積と、実際に使える面積,低,M113,合計占有コスト (TCO) ($/面積),(運用コスト合計 + 固定資産提供コスト) / 合計賃貸可能面積,運用コストを管理対象面積の関数として等式化することによって、内部の傾向分析と外部のベンチマークを容易に実行できるようにします。 占有コストは、 IBM® TRIRIGA® のコスト・コードで表される、サブコンポーネント・レベルおよび各種操作プロセスでの、全体的な操作コストの合計として評価されます。,,EN ワークプレース・エグゼクティブ | FA 移動マネージャー/プランナー | FA スペース・マネージャー/プランナー | OP エグゼクティブ,建物所有者・顧客の不動産部門
不動産管理データ,建物・面積（図面）,竣工図書・面積資料（CAD／紙）,建物所有者（顧客 不動産部門）,紙・Excel,面積表,107,「予約可能」 = TRUE であるスペース・レコード,固定席のないエリア（フリーアドレス）の面積,中,M061,移動スペース率 (%),フリーアドレス作業スペースの面積合計 / 作業スペースの面積合計,共有の作業スペースによって使用率と俊敏性を改善する傾向と機会を特定します。,,FA 移動マネージャー/プランナー | FA スペース・マネージャー/プランナー,顧客の総務部門
不動産管理データ,建物・面積（図面）,竣工図書・面積資料（CAD／紙）,建物所有者（顧客 不動産部門）,紙・Excel,面積表,108,「作業ポイント」 = TRUE であるスペース・レコード,仕事をする場所（席のあるエリア）の面積,中,M061,移動スペース率 (%),フリーアドレス作業スペースの面積合計 / 作業スペースの面積合計,共有の作業スペースによって使用率と俊敏性を改善する傾向と機会を特定します。,,FA 移動マネージャー/プランナー | FA スペース・マネージャー/プランナー,建物所有者・顧客の総務部門
不動産管理データ,建物・面積（図面）,竣工図書・面積資料（CAD／紙）,建物所有者（顧客 不動産部門）,紙・Excel,面積表,131,面積: ドリル・パスまたは対話式フィルターによってフィルタリング/グループ化された面積,部屋の用途（執務室・会議室など）ごとの面積,中,M109,スペース・クラス内訳 (%),スペース・クラス別の面積,内部傾向分析と外部のベンチマークのための建物のレイアウトの効率の比較を容易にします。,,FA 移動マネージャー/プランナー | FA スペース・マネージャー/プランナー,建物所有者・顧客の総務部門
不動産管理データ,建物・面積（図面）,賃貸借契約・物件台帳（Excel／紙）,顧客 不動産部門,紙・Excel,賃貸借契約書,21,建物の賃貸可能面積 (平方フィートまたは正方形)。 メートル),建物のうち貸せる（使える）床面積,低,M021,運用コスト (金額/面積),運用コスト合計 / 面積 (面積単位) 運用コスト合計には、メンテナンス、維持管理、および公共料金が含まれます。,運用コストを管理対象面積の関数として等式化することによって、内部の傾向分析と外部のベンチマークを容易に実行できるようにします。 操作のコストは、 IBM® TRIRIGA® のコスト・コードで表される操作の総コスト、サブコンポーネント・レベル、および各種操作プロセスとして評価されます。,,EN ワークプレース・エグゼクティブ | FA 移動マネージャー/プランナー | FA スペース・マネージャー/プランナー | OP エグゼクティブ | OP サービス・マネージャー | OP 施設アセスメント・マネージャー/プランナー,建物所有者・顧客の不動産部門
不動産管理データ,建物・面積（図面）,賃貸借契約・物件台帳（Excel／紙）,顧客 不動産部門,紙・Excel,賃貸借契約書,31,建物の賃貸可能面積,建物のうち貸せる（使える）床面積,低,M029,維持管理コスト / 面積 ($/面積),保全コスト合計 / 施設面積合計,業界ベンチマークと比較した場合のパフォーマンスを管理担当者に通知し、管理者が複数の地域、施設、および建物タイプにわたって保全コストを比較できるようにします。,建物 (面積の計算) | 外部の企業システムからの財務データ,OP エグゼクティブ | OP サービス・マネージャー,建物所有者・顧客の不動産部門
不動産管理データ,建物・面積（図面）,賃貸借契約・物件台帳（Excel／紙）,顧客 不動産部門,紙・Excel,賃貸借契約書,31,建物の賃貸可能面積,建物のうち貸せる（使える）床面積,低,M116,公共料金 / 面積 ($/面積),公共料金合計 / 施設面積合計,業界ベンチマークと釣り合わせるための方法を管理担当者に通知します。これにより、マネージャーは地域、施設、および建物タイプ全体で公共料金を比較することができます。,建物 (面積の計算) | 外部の企業システムからの財務データ,OP エグゼクティブ | OP サービス・マネージャー,建物所有者・顧客の不動産部門
不動産管理データ,建物・面積（図面）,賃貸借契約・物件台帳（Excel／紙）,顧客 不動産部門,紙・Excel,賃貸借契約書,45,建物の賃貸可能面積 (平方フィートまたは平方メートル),建物のうち貸せる（使える）床面積,低,M063,移動コスト ($/面積),移動コスト合計 / 面積合計,コストを面積メトリックとして扱うことにより、内部の傾向分析と外部のベンチマークのためのコスト効率の比較を容易に実行できるようにします。,,FA 移動マネージャー/プランナー | OP エグゼクティブ | PR エグゼクティブ | PR マネージャー,建物所有者・顧客の不動産部門
不動産管理データ,建物・面積（図面）,賃貸借契約・物件台帳（Excel／紙）,顧客 不動産部門,紙・Excel,賃貸借契約書,45,建物の賃貸可能面積 (平方フィートまたは平方メートル),建物のうち貸せる（使える）床面積,低,M113,合計占有コスト (TCO) ($/面積),(運用コスト合計 + 固定資産提供コスト) / 合計賃貸可能面積,運用コストを管理対象面積の関数として等式化することによって、内部の傾向分析と外部のベンチマークを容易に実行できるようにします。 占有コストは、 IBM® TRIRIGA® のコスト・コードで表される、サブコンポーネント・レベルおよび各種操作プロセスでの、全体的な操作コストの合計として評価されます。,,EN ワークプレース・エグゼクティブ | FA 移動マネージャー/プランナー | FA スペース・マネージャー/プランナー | OP エグゼクティブ,建物所有者・顧客の不動産部門
不動産管理データ,不動産プロジェクト（移転・取引）,TRIRIGA,顧客 不動産部門,システム,不動産トランザクション計画,125,計算上の収益週数 = (会計年の終了日 – 不動産プロジェクトの計算上の終了日) の合計,今の見込みで終わった場合、年度末までに効果が出る週の数,高,M096,目標までの収益週,計算上の収益週数の合計 / 計画上の収益週数の合計,スケジュールどおりにトランザクション計画を達成することによる、収益への影響を特定します。,スペース利用契約 (不動産業) | スペース割り振り (施設),RE エグゼクティブ | RE トランザクション・マネージャー,顧客の不動産部門（TRIRIGAの不動産トランザクション計画）
不動産管理データ,不動産プロジェクト（移転・取引）,TRIRIGA,顧客 不動産部門,システム,取引評価（シグマ・スコア）,16,総合シグマ・スコア,不動産の取引（移転・契約など）の出来を TRIRIGA で採点した点数,高,M009,総合トランザクション平均スコア,総合シグマ・スコア,完了した不動産プロジェクトの総合トランザクション平均スコア。,スペース利用契約 (不動産業),RE エグゼクティブ,顧客の不動産部門（TRIRIGAの取引評価機能）
不動産管理データ,不動産プロジェクト（移転・取引）,TRIRIGA,顧客 不動産部門,システム,取引評価（シグマ・スコア）,16,総合シグマ・スコア,不動産の取引（移転・契約など）の出来を TRIRIGA で採点した点数,高,M010,総合トランザクション平均スコア - My プロジェクト,総合シグマ・スコア,アクティブ・ユーザーの完了した不動産プロジェクトの総合トランザクション平均スコア。,スペース利用契約 (不動産業) | スペース割り振り (施設),RE トランザクション・マネージャー | RE 契約マネージャー,顧客の不動産部門（TRIRIGAの取引評価機能）
不動産管理データ,不動産プロジェクト（移転・取引）,不動産プロジェクト記録（Excel／MS Project）,顧客 不動産部門（プロジェクト責任者）,紙・Excel,プロジェクト管理台帳,1,不動産プロジェクトの実終了日,不動産プロジェクト（移転・改装など）が実際に終わった日,中,M001,オンタイム引渡 (%) - My プロジェクト,実現したオンタイム引渡,計画上の終了日と照合して不動産プロジェクトの実際の終了日を計算します。,スペース利用契約 (不動産業) | スペース割り振り (施設),RE トランザクション・マネージャー,顧客の不動産・総務部門（プロジェクト責任者）、施工会社・CM会社
不動産管理データ,不動産プロジェクト（移転・取引）,不動産プロジェクト記録（Excel／MS Project）,顧客 不動産部門（プロジェクト責任者）,紙・Excel,プロジェクト管理台帳,1,不動産プロジェクトの実終了日,不動産プロジェクト（移転・改装など）が実際に終わった日,中,M003,オンタイム引渡 (%) - 不動産プロジェクト,実現したオンタイム引渡,計画上の終了日と照合して不動産プロジェクトの実際の終了日を計算します。,スペース利用契約 (不動産業) | スペース割り振り (施設),RE エグゼクティブ,顧客の不動産・総務部門（プロジェクト責任者）、施工会社・CM会社
不動産管理データ,不動産プロジェクト（移転・取引）,不動産プロジェクト記録（Excel／MS Project）,顧客 不動産部門（プロジェクト責任者）,紙・Excel,プロジェクト管理台帳,1,不動産プロジェクトの実終了日,不動産プロジェクト（移転・改装など）が実際に終わった日,中,M065,My 平均トランザクション・サイクル・タイム,(実際の終了 - 実際の開始) / 完了プロジェクト数の合計,不動産プロジェクトの実終了日を、実開始日に照らして計算します。,スペース利用契約 (不動産業) | スペース割り振り (施設),RE トランザクション・マネージャー,顧客の不動産・総務部門（プロジェクト責任者）、施工会社・CM会社
不動産管理データ,不動産プロジェクト（移転・取引）,不動産プロジェクト記録（Excel／MS Project）,顧客 不動産部門（プロジェクト責任者）,紙・Excel,プロジェクト管理台帳,41,不動産プロジェクト (triREProject),不動産プロジェクト（移転・改装など）の一覧,中,M057,履行計画の節減進捗,完了トランザクションからの合計削減 / 合計削減目標,各トランザクションからの節減を追加し、それらを履行節減目標と比較します。,スペース利用契約 (不動産業) | スペース割り振り (施設),RE エグゼクティブ,顧客の不動産部門
不動産管理データ,不動産プロジェクト（移転・取引）,不動産プロジェクト記録（Excel／MS Project）,顧客 不動産部門（プロジェクト責任者）,紙・Excel,プロジェクト管理台帳,49,不動産プロジェクトの実開始日,不動産プロジェクト（移転・改装など）が実際に始まった日,中,M065,My 平均トランザクション・サイクル・タイム,(実際の終了 - 実際の開始) / 完了プロジェクト数の合計,不動産プロジェクトの実終了日を、実開始日に照らして計算します。,スペース利用契約 (不動産業) | スペース割り振り (施設),RE トランザクション・マネージャー,顧客の不動産・総務部門、施工会社
不動産管理データ,不動産プロジェクト（移転・取引）,不動産プロジェクト記録（Excel／MS Project）,顧客 不動産部門（プロジェクト責任者）,紙・Excel,プロジェクト管理台帳,124,計画上の収益週数 = (会計年の終了日 – 不動産プロジェクトの計画上の終了日) の合計,計画どおりに終わった場合、年度末までに効果が出る週の数,中,M096,目標までの収益週,計算上の収益週数の合計 / 計画上の収益週数の合計,スケジュールどおりにトランザクション計画を達成することによる、収益への影響を特定します。,スペース利用契約 (不動産業) | スペース割り振り (施設),RE エグゼクティブ | RE トランザクション・マネージャー,顧客の不動産部門
不動産管理データ,不動産プロジェクト（移転・取引）,不動産プロジェクト記録（Excel／MS Project）,顧客 不動産部門（プロジェクト責任者）,紙・Excel,工事請負契約書,2,不動産プロジェクトの計画上の終了日,不動産プロジェクト（移転・改装など）が終わる予定だった日,中,M001,オンタイム引渡 (%) - My プロジェクト,実現したオンタイム引渡,計画上の終了日と照合して不動産プロジェクトの実際の終了日を計算します。,スペース利用契約 (不動産業) | スペース割り振り (施設),RE トランザクション・マネージャー,顧客の不動産・総務部門、施工会社・CM会社
不動産管理データ,不動産プロジェクト（移転・取引）,不動産プロジェクト記録（Excel／MS Project）,顧客 不動産部門（プロジェクト責任者）,紙・Excel,工事請負契約書,2,不動産プロジェクトの計画上の終了日,不動産プロジェクト（移転・改装など）が終わる予定だった日,中,M003,オンタイム引渡 (%) - 不動産プロジェクト,実現したオンタイム引渡,計画上の終了日と照合して不動産プロジェクトの実際の終了日を計算します。,スペース利用契約 (不動産業) | スペース割り振り (施設),RE エグゼクティブ,顧客の不動産・総務部門、施工会社・CM会社
不動産管理データ,不動産プロジェクト（移転・取引）,不動産プロジェクト記録（Excel／MS Project）,顧客 不動産部門（プロジェクト責任者）,紙・Excel,工程表,1,不動産プロジェクトの実終了日,不動産プロジェクト（移転・改装など）が実際に終わった日,中,M001,オンタイム引渡 (%) - My プロジェクト,実現したオンタイム引渡,計画上の終了日と照合して不動産プロジェクトの実際の終了日を計算します。,スペース利用契約 (不動産業) | スペース割り振り (施設),RE トランザクション・マネージャー,顧客の不動産・総務部門（プロジェクト責任者）、施工会社・CM会社
不動産管理データ,不動産プロジェクト（移転・取引）,不動産プロジェクト記録（Excel／MS Project）,顧客 不動産部門（プロジェクト責任者）,紙・Excel,工程表,1,不動産プロジェクトの実終了日,不動産プロジェクト（移転・改装など）が実際に終わった日,中,M003,オンタイム引渡 (%) - 不動産プロジェクト,実現したオンタイム引渡,計画上の終了日と照合して不動産プロジェクトの実際の終了日を計算します。,スペース利用契約 (不動産業) | スペース割り振り (施設),RE エグゼクティブ,顧客の不動産・総務部門（プロジェクト責任者）、施工会社・CM会社
不動産管理データ,不動産プロジェクト（移転・取引）,不動産プロジェクト記録（Excel／MS Project）,顧客 不動産部門（プロジェクト責任者）,紙・Excel,工程表,1,不動産プロジェクトの実終了日,不動産プロジェクト（移転・改装など）が実際に終わった日,中,M065,My 平均トランザクション・サイクル・タイム,(実際の終了 - 実際の開始) / 完了プロジェクト数の合計,不動産プロジェクトの実終了日を、実開始日に照らして計算します。,スペース利用契約 (不動産業) | スペース割り振り (施設),RE トランザクション・マネージャー,顧客の不動産・総務部門（プロジェクト責任者）、施工会社・CM会社
不動産管理データ,不動産プロジェクト（移転・取引）,不動産プロジェクト記録（Excel／MS Project）,顧客 不動産部門（プロジェクト責任者）,紙・Excel,工程表,2,不動産プロジェクトの計画上の終了日,不動産プロジェクト（移転・改装など）が終わる予定だった日,中,M001,オンタイム引渡 (%) - My プロジェクト,実現したオンタイム引渡,計画上の終了日と照合して不動産プロジェクトの実際の終了日を計算します。,スペース利用契約 (不動産業) | スペース割り振り (施設),RE トランザクション・マネージャー,顧客の不動産・総務部門、施工会社・CM会社
不動産管理データ,不動産プロジェクト（移転・取引）,不動産プロジェクト記録（Excel／MS Project）,顧客 不動産部門（プロジェクト責任者）,紙・Excel,工程表,2,不動産プロジェクトの計画上の終了日,不動産プロジェクト（移転・改装など）が終わる予定だった日,中,M003,オンタイム引渡 (%) - 不動産プロジェクト,実現したオンタイム引渡,計画上の終了日と照合して不動産プロジェクトの実際の終了日を計算します。,スペース利用契約 (不動産業) | スペース割り振り (施設),RE エグゼクティブ,顧客の不動産・総務部門、施工会社・CM会社
不動産管理データ,不動産プロジェクト（移転・取引）,不動産プロジェクト記録（Excel／MS Project）,顧客 不動産部門（プロジェクト責任者）,紙・Excel,工程表,49,不動産プロジェクトの実開始日,不動産プロジェクト（移転・改装など）が実際に始まった日,中,M065,My 平均トランザクション・サイクル・タイム,(実際の終了 - 実際の開始) / 完了プロジェクト数の合計,不動産プロジェクトの実終了日を、実開始日に照らして計算します。,スペース利用契約 (不動産業) | スペース割り振り (施設),RE トランザクション・マネージャー,顧客の不動産・総務部門、施工会社
不動産管理データ,不動産プロジェクト（移転・取引）,不動産プロジェクト記録（Excel／MS Project）,顧客 不動産部門（プロジェクト責任者）,紙・Excel,着工届,49,不動産プロジェクトの実開始日,不動産プロジェクト（移転・改装など）が実際に始まった日,中,M065,My 平均トランザクション・サイクル・タイム,(実際の終了 - 実際の開始) / 完了プロジェクト数の合計,不動産プロジェクトの実終了日を、実開始日に照らして計算します。,スペース利用契約 (不動産業) | スペース割り振り (施設),RE トランザクション・マネージャー,顧客の不動産・総務部門、施工会社
不動産管理データ,不動産プロジェクト（移転・取引）,不動産プロジェクト記録（Excel／MS Project）,顧客 不動産部門（プロジェクト責任者）,紙・Excel,稟議書,2,不動産プロジェクトの計画上の終了日,不動産プロジェクト（移転・改装など）が終わる予定だった日,中,M001,オンタイム引渡 (%) - My プロジェクト,実現したオンタイム引渡,計画上の終了日と照合して不動産プロジェクトの実際の終了日を計算します。,スペース利用契約 (不動産業) | スペース割り振り (施設),RE トランザクション・マネージャー,顧客の不動産・総務部門、施工会社・CM会社
不動産管理データ,不動産プロジェクト（移転・取引）,不動産プロジェクト記録（Excel／MS Project）,顧客 不動産部門（プロジェクト責任者）,紙・Excel,稟議書,2,不動産プロジェクトの計画上の終了日,不動産プロジェクト（移転・改装など）が終わる予定だった日,中,M003,オンタイム引渡 (%) - 不動産プロジェクト,実現したオンタイム引渡,計画上の終了日と照合して不動産プロジェクトの実際の終了日を計算します。,スペース利用契約 (不動産業) | スペース割り振り (施設),RE エグゼクティブ,顧客の不動産・総務部門、施工会社・CM会社
不動産管理データ,不動産プロジェクト（移転・取引）,不動産プロジェクト記録（Excel／MS Project）,顧客 不動産部門（プロジェクト責任者）,紙・Excel,稟議書,41,不動産プロジェクト (triREProject),不動産プロジェクト（移転・改装など）の一覧,中,M057,履行計画の節減進捗,完了トランザクションからの合計削減 / 合計削減目標,各トランザクションからの節減を追加し、それらを履行節減目標と比較します。,スペース利用契約 (不動産業) | スペース割り振り (施設),RE エグゼクティブ,顧客の不動産部門
不動産管理データ,不動産プロジェクト（移転・取引）,不動産プロジェクト記録（Excel／MS Project）,顧客 不動産部門（プロジェクト責任者）,紙・Excel,竣工・引渡書類,1,不動産プロジェクトの実終了日,不動産プロジェクト（移転・改装など）が実際に終わった日,中,M001,オンタイム引渡 (%) - My プロジェクト,実現したオンタイム引渡,計画上の終了日と照合して不動産プロジェクトの実際の終了日を計算します。,スペース利用契約 (不動産業) | スペース割り振り (施設),RE トランザクション・マネージャー,顧客の不動産・総務部門（プロジェクト責任者）、施工会社・CM会社
不動産管理データ,不動産プロジェクト（移転・取引）,不動産プロジェクト記録（Excel／MS Project）,顧客 不動産部門（プロジェクト責任者）,紙・Excel,竣工・引渡書類,1,不動産プロジェクトの実終了日,不動産プロジェクト（移転・改装など）が実際に終わった日,中,M003,オンタイム引渡 (%) - 不動産プロジェクト,実現したオンタイム引渡,計画上の終了日と照合して不動産プロジェクトの実際の終了日を計算します。,スペース利用契約 (不動産業) | スペース割り振り (施設),RE エグゼクティブ,顧客の不動産・総務部門（プロジェクト責任者）、施工会社・CM会社
不動産管理データ,不動産プロジェクト（移転・取引）,不動産プロジェクト記録（Excel／MS Project）,顧客 不動産部門（プロジェクト責任者）,紙・Excel,竣工・引渡書類,1,不動産プロジェクトの実終了日,不動産プロジェクト（移転・改装など）が実際に終わった日,中,M065,My 平均トランザクション・サイクル・タイム,(実際の終了 - 実際の開始) / 完了プロジェクト数の合計,不動産プロジェクトの実終了日を、実開始日に照らして計算します。,スペース利用契約 (不動産業) | スペース割り振り (施設),RE トランザクション・マネージャー,顧客の不動産・総務部門（プロジェクト責任者）、施工会社・CM会社
不動産管理データ,不動産プロジェクト（移転・取引）,経営計画資料,顧客 経営企画部門,紙・Excel,不動産戦略計画書,40,履行計画,不動産戦略（拠点の統廃合など）の実行計画,高,M057,履行計画の節減進捗,完了トランザクションからの合計削減 / 合計削減目標,各トランザクションからの節減を追加し、それらを履行節減目標と比較します。,スペース利用契約 (不動産業) | スペース割り振り (施設),RE エグゼクティブ,顧客の経営企画・不動産戦略部門
不動産管理データ,不動産プロジェクト（移転・取引）,経営計画資料,顧客 経営企画部門,紙・Excel,不動産戦略計画書,124,計画上の収益週数 = (会計年の終了日 – 不動産プロジェクトの計画上の終了日) の合計,計画どおりに終わった場合、年度末までに効果が出る週の数,中,M096,目標までの収益週,計算上の収益週数の合計 / 計画上の収益週数の合計,スケジュールどおりにトランザクション計画を達成することによる、収益への影響を特定します。,スペース利用契約 (不動産業) | スペース割り振り (施設),RE エグゼクティブ | RE トランザクション・マネージャー,顧客の不動産部門
不動産管理データ,不動産プロジェクト（移転・取引）,経営計画資料,顧客 経営企画部門,紙・Excel,中期経営計画,40,履行計画,不動産戦略（拠点の統廃合など）の実行計画,高,M057,履行計画の節減進捗,完了トランザクションからの合計削減 / 合計削減目標,各トランザクションからの節減を追加し、それらを履行節減目標と比較します。,スペース利用契約 (不動産業) | スペース割り振り (施設),RE エグゼクティブ,顧客の経営企画・不動産戦略部門
不動産管理データ,不動産プロジェクト（移転・取引）,経営計画資料,顧客 経営企画部門,紙・Excel,拠点再編計画,40,履行計画,不動産戦略（拠点の統廃合など）の実行計画,高,M057,履行計画の節減進捗,完了トランザクションからの合計削減 / 合計削減目標,各トランザクションからの節減を追加し、それらを履行節減目標と比較します。,スペース利用契約 (不動産業) | スペース割り振り (施設),RE エグゼクティブ,顧客の経営企画・不動産戦略部門
不動産管理データ,工事プロジェクト（工期・質疑）,不動産プロジェクト記録（Excel／MS Project）,顧客 不動産部門（プロジェクト責任者）,紙・Excel,プロジェクト管理台帳,122,オンタイムで完了したプロジェクト = 実終了日 < 計画上の終了日,予定日までに終わった工事,中,M089,プロジェクト・オンタイム完了率,オンタイムで完了したプロジェクトの総数 / プロジェクトの総数,プロジェクト・オンタイム完了率を知ることは、プロジェクトの効率を改善するための開始点としての役割を果たします。この情報は、経時的に追跡することができます。 傾向により、プロジェクトのオンタイムでの完了に関して組織が改善されつつあるのかそうでないのかがわかります。,,PR マネージャー,顧客の不動産・総務部門、施工会社
不動産管理データ,工事プロジェクト（工期・質疑）,不動産プロジェクト記録（Excel／MS Project）,顧客 不動産部門（プロジェクト責任者）,紙・Excel,工事請負契約書,95,オンタイムに完了した契約 = 実際の終了日 (triFinalCompletionDA) < 計画上の終了日 (triContractEndDA),工期内に終わった工事契約,中,M020,契約期限内完了率,オンタイムに完了した契約の合計数 / 契約の合計数,例えばベンダーごとの契約期限内完了率を知ることによって、組織がベンダーのパフォーマンスを改善するために努力することができます。,,PR マネージャー | PR エグゼクティブ,顧客の施設・不動産部門、施工会社
不動産管理データ,工事プロジェクト（工期・質疑）,不動産プロジェクト記録（Excel／MS Project）,顧客 不動産部門（プロジェクト責任者）,紙・Excel,工程表,95,オンタイムに完了した契約 = 実際の終了日 (triFinalCompletionDA) < 計画上の終了日 (triContractEndDA),工期内に終わった工事契約,中,M020,契約期限内完了率,オンタイムに完了した契約の合計数 / 契約の合計数,例えばベンダーごとの契約期限内完了率を知ることによって、組織がベンダーのパフォーマンスを改善するために努力することができます。,,PR マネージャー | PR エグゼクティブ,顧客の施設・不動産部門、施工会社
不動産管理データ,工事プロジェクト（工期・質疑）,不動産プロジェクト記録（Excel／MS Project）,顧客 不動産部門（プロジェクト責任者）,紙・Excel,工程表,120,スケジュールを超えたまたは下回った日数 (差異) = 計画上の終了日 – 予想終了日。,工事の終了予定日と、今の見込みの終了日のずれ（日数）,中,M085,スケジュール超過プロジェクト (%),スケジュール超過プロジェクトの数 (計画上の終了日 < 予想終了日) / プロジェクト数の合計,スケジュールを超過したプロジェクトの数の概要を提供します。プロジェクト内で遅延しているタスクを表示するためのドリルダウン機能があります。 しきい値機能により、管理者は地域別またはプロジェクト・タイプ別に知ることができます。 例えば、ある割合を超えるプロジェクトが遅れている場合などです。,,EN ワークプレース・エグゼクティブ | PR エグゼクティブ | PR マネージャー,顧客の不動産・総務部門、施工会社・CM会社
不動産管理データ,工事プロジェクト（工期・質疑）,不動産プロジェクト記録（Excel／MS Project）,顧客 不動産部門（プロジェクト責任者）,紙・Excel,工程表,120,スケジュールを超えたまたは下回った日数 (差異) = 計画上の終了日 – 予想終了日。,工事の終了予定日と、今の見込みの終了日のずれ（日数）,中,M090,プロジェクト・スケジュール差異,計画上の終了日 – 予想終了日,実際のプロジェクト・スケジュールを当初のスケジュールと比較してどのようであるかを示し、プロジェクトまたはプロジェクトのグループが当初のスケジュールと比べてどの程度遅れているかを示します。 ドリルダウン機能により、ユーザーはプロジェクト内で遅延しているタスクを確認することができます。 しきい値機能によって、管理担当者はプロジェクトが特定の遅延量を超えたかどうかを知ることができます。,,PR エグゼクティブ | PR マネージャー,顧客の不動産・総務部門、施工会社・CM会社
不動産管理データ,工事プロジェクト（工期・質疑）,不動産プロジェクト記録（Excel／MS Project）,顧客 不動産部門（プロジェクト責任者）,紙・Excel,工程表,122,オンタイムで完了したプロジェクト = 実終了日 < 計画上の終了日,予定日までに終わった工事,中,M089,プロジェクト・オンタイム完了率,オンタイムで完了したプロジェクトの総数 / プロジェクトの総数,プロジェクト・オンタイム完了率を知ることは、プロジェクトの効率を改善するための開始点としての役割を果たします。この情報は、経時的に追跡することができます。 傾向により、プロジェクトのオンタイムでの完了に関して組織が改善されつつあるのかそうでないのかがわかります。,,PR マネージャー,顧客の不動産・総務部門、施工会社
不動産管理データ,工事プロジェクト（工期・質疑）,不動産プロジェクト記録（Excel／MS Project）,顧客 不動産部門（プロジェクト責任者）,紙・Excel,竣工・引渡書類,95,オンタイムに完了した契約 = 実際の終了日 (triFinalCompletionDA) < 計画上の終了日 (triContractEndDA),工期内に終わった工事契約,中,M020,契約期限内完了率,オンタイムに完了した契約の合計数 / 契約の合計数,例えばベンダーごとの契約期限内完了率を知ることによって、組織がベンダーのパフォーマンスを改善するために努力することができます。,,PR マネージャー | PR エグゼクティブ,顧客の施設・不動産部門、施工会社
不動産管理データ,工事プロジェクト（工期・質疑）,不動産プロジェクト記録（Excel／MS Project）,顧客 不動産部門（プロジェクト責任者）,紙・Excel,竣工・引渡書類,122,オンタイムで完了したプロジェクト = 実終了日 < 計画上の終了日,予定日までに終わった工事,中,M089,プロジェクト・オンタイム完了率,オンタイムで完了したプロジェクトの総数 / プロジェクトの総数,プロジェクト・オンタイム完了率を知ることは、プロジェクトの効率を改善するための開始点としての役割を果たします。この情報は、経時的に追跡することができます。 傾向により、プロジェクトのオンタイムでの完了に関して組織が改善されつつあるのかそうでないのかがわかります。,,PR マネージャー,顧客の不動産・総務部門、施工会社
不動産管理データ,工事プロジェクト（工期・質疑）,不動産プロジェクト記録（Excel／MS Project）,顧客 不動産部門（プロジェクト責任者）,紙・Excel,設計図書・確認申請書,113,プロジェクト総建設面積およびプロジェクトの利用可能面積,新築工事でつくる建物の面積,中,M071,新築コスト / 面積 (資本プロジェクトのみ),発生した実コスト (新築プロジェクトのみ) / プロジェクト建設総面積 (またはプロジェクトの利用可能面積),平方フィートあたりの平均新築コストを可視化します。 この情報は、正確な新築見積を提示するのに役立ちます。 また、これによって管理担当者は平均コストがあまりに高いプロジェクトまたはチームに注意を集中することができます。 このメトリックは、将来のコスト変化の予測に役立つ価格の経時的な増減を確認するためのゲージを提供します。,,PR エグゼクティブ | PR マネージャー,顧客の施設・不動産部門、設計事務所
不動産管理データ,工事プロジェクト（工期・質疑）,不動産プロジェクト記録（Excel／MS Project）,顧客 不動産部門（プロジェクト責任者）,紙・Excel,設計図書・確認申請書,123,プロジェクト総建設面積およびプロジェクトの利用可能面積。,改築工事の対象になる面積,中,M094,改築コスト / 面積 (資本プロジェクトのみ),発生した実際のコスト (改築プロジェクトのみ)/プロジェクト総建設面積 (またはプロジェクトの利用可能面積),平方フィートあたりの平均改築コストを可視化します。 この情報は、より正確な見積を行うために役立ちます。これにより、管理担当者が平均コストの高すぎるプロジェクトまたはチームに集中できるようになります。また、将来のコスト見積の予測に役立つ、経時的な価格の傾向を見るためのゲージが提供されます。,,PR エグゼクティブ | PR マネージャー,顧客の施設・不動産部門、設計事務所
不動産管理データ,工事プロジェクト（工期・質疑）,工事管理資料（施工会社・CM会社）,施工会社・CM会社,紙・Excel,月次報告書,120,スケジュールを超えたまたは下回った日数 (差異) = 計画上の終了日 – 予想終了日。,工事の終了予定日と、今の見込みの終了日のずれ（日数）,中,M085,スケジュール超過プロジェクト (%),スケジュール超過プロジェクトの数 (計画上の終了日 < 予想終了日) / プロジェクト数の合計,スケジュールを超過したプロジェクトの数の概要を提供します。プロジェクト内で遅延しているタスクを表示するためのドリルダウン機能があります。 しきい値機能により、管理者は地域別またはプロジェクト・タイプ別に知ることができます。 例えば、ある割合を超えるプロジェクトが遅れている場合などです。,,EN ワークプレース・エグゼクティブ | PR エグゼクティブ | PR マネージャー,顧客の不動産・総務部門、施工会社・CM会社
不動産管理データ,工事プロジェクト（工期・質疑）,工事管理資料（施工会社・CM会社）,施工会社・CM会社,紙・Excel,月次報告書,120,スケジュールを超えたまたは下回った日数 (差異) = 計画上の終了日 – 予想終了日。,工事の終了予定日と、今の見込みの終了日のずれ（日数）,中,M090,プロジェクト・スケジュール差異,計画上の終了日 – 予想終了日,実際のプロジェクト・スケジュールを当初のスケジュールと比較してどのようであるかを示し、プロジェクトまたはプロジェクトのグループが当初のスケジュールと比べてどの程度遅れているかを示します。 ドリルダウン機能により、ユーザーはプロジェクト内で遅延しているタスクを確認することができます。 しきい値機能によって、管理担当者はプロジェクトが特定の遅延量を超えたかどうかを知ることができます。,,PR エグゼクティブ | PR マネージャー,顧客の不動産・総務部門、施工会社・CM会社
不動産管理データ,工事プロジェクト（工期・質疑）,工事管理資料（施工会社・CM会社）,施工会社・CM会社,紙・Excel,質疑応答書・RFI管理台帳,121,期限切れの情報要求 = 情報要求の対応期限日 < システム日付,工事中の質問（質疑）のうち、回答期限を過ぎたもの,中,M086,情報要求の期限切れ率,期限切れ情報要求の合計 / 情報要求の合計,期限切れ情報要求が最も多いプロジェクトを表示したり、プロジェクト・レベルで最も期限超過している情報要求を表示したりすることによって、注意を払う必要があるプロジェクトをプロジェクト・マネージャーが特定するのに役立ちます。,,PR マネージャー,施工会社・CM会社、設計事務所
不動産管理データ,工事プロジェクト（工期・質疑）,工事管理資料（施工会社・CM会社）,施工会社・CM会社,紙・Excel,質疑応答書・RFI管理台帳,126,情報要求応答時間 = 情報要求クローズ日 – 情報要求作成日,工事中の質問（質疑）に回答するまでにかかった日数,中,M097,情報要求応答時間,各情報要求に応答する平均時間 / 情報要求の総数,平均の情報要求応答時間が長いプロジェクト・リードまたはプロジェクトを特定します。,,PR マネージャー,施工会社・CM会社、設計事務所
FM運営データ,保全計画・業務範囲,CMMS（保全管理システム）,FM業者（保全担当）,システム,CMMS（データ全般）,4,計画上の終了日,保守・修繕などの作業を終える予定だった日,低,M002,オンタイム引渡 (%) - My タスク,実現したオンタイム引渡,計画上の終了日と照合してタスクの実際の終了日を計算します。,スペース利用契約 (不動産業) | スペース割り振り (施設),RE トランザクション・マネージャー | 不動産プロジェクト・チーム・メンバー,FM業者自身・顧客の施設管理担当
FM運営データ,保全計画・業務範囲,CMMS（保全管理システム）,FM業者（保全担当）,システム,CMMS（データ全般）,62,「タスク・タイプ」が「予防」、「状況」が「完了」、「クローズ済み」、または「計画」、「計画上の終了」が収集期間内にある、スケジュール済みの予防保全タスクの総数,期間中に予定していた定期点検・予防保全の件数,低,M087,予防保全タスク完了率,完了した予防保全タスクの総数 / スケジュール済みの予防保全タスクの総数,計画された予防保全プログラムを組織がどれだけ効果的に実施しているかについて、管理担当者に通知します。 効果的でない予防保全プログラムを目立たせるのに役立ちます。,タスク管理 | サービス管理 | 予防保全ジョブ計画 | PM スケジュール,OP サービス・マネージャー | OP 施設アセスメント・マネージャー/プランナー,FM業者自身
FM運営データ,保全計画・業務範囲,CMMS（保全管理システム）,FM業者（保全担当）,システム,作業指示票,4,計画上の終了日,保守・修繕などの作業を終える予定だった日,低,M002,オンタイム引渡 (%) - My タスク,実現したオンタイム引渡,計画上の終了日と照合してタスクの実際の終了日を計算します。,スペース利用契約 (不動産業) | スペース割り振り (施設),RE トランザクション・マネージャー | 不動産プロジェクト・チーム・メンバー,FM業者自身・顧客の施設管理担当
FM運営データ,保全計画・業務範囲,CMMS（保全管理システム）,FM業者（保全担当）,システム,年間保守・点検計画表,4,計画上の終了日,保守・修繕などの作業を終える予定だった日,低,M002,オンタイム引渡 (%) - My タスク,実現したオンタイム引渡,計画上の終了日と照合してタスクの実際の終了日を計算します。,スペース利用契約 (不動産業) | スペース割り振り (施設),RE トランザクション・マネージャー | 不動産プロジェクト・チーム・メンバー,FM業者自身・顧客の施設管理担当
FM運営データ,保全計画・業務範囲,CMMS（保全管理システム）,FM業者（保全担当）,システム,年間保守・点検計画表,62,「タスク・タイプ」が「予防」、「状況」が「完了」、「クローズ済み」、または「計画」、「計画上の終了」が収集期間内にある、スケジュール済みの予防保全タスクの総数,期間中に予定していた定期点検・予防保全の件数,低,M087,予防保全タスク完了率,完了した予防保全タスクの総数 / スケジュール済みの予防保全タスクの総数,計画された予防保全プログラムを組織がどれだけ効果的に実施しているかについて、管理担当者に通知します。 効果的でない予防保全プログラムを目立たせるのに役立ちます。,タスク管理 | サービス管理 | 予防保全ジョブ計画 | PM スケジュール,OP サービス・マネージャー | OP 施設アセスメント・マネージャー/プランナー,FM業者自身
FM運営データ,保全計画・業務範囲,業務仕様書類,FM業者（清掃・保守担当）,紙・Excel,保守対象範囲図,44,フロア・レコードで「メンテナンスされた床」フィールドが「TRUE」である面積の合計。,清掃・保守の対象になっている床面積,低,M060,メンテナンス・コスト / メンテナンス対象面積,メンテナンス・コスト合計 / メンテナンス対象面積合計,業界ベンチマークと比較してどのようであるかを管理担当者に通知し、管理者が複数の地域、施設、および建物タイプにわたってメンテナンス・コストを比較できるようにします。 このメトリックは、総面積でなくメンテナンス対象の実面積のみ使用するという点で、「メンテナンス・コスト/面積」メトリックとは異なります。,建物 (面積の計算) | 外部の企業システムからの財務データ,OP エグゼクティブ | OP サービス・マネージャー | OP 施設アセスメント・マネージャー/プランナー | OP サービス技術員,FM業者自身（清掃・保守担当）
FM運営データ,保全計画・業務範囲,業務仕様書類,FM業者（清掃・保守担当）,紙・Excel,保守対象範囲図,44,フロア・レコードで「メンテナンスされた床」フィールドが「TRUE」である面積の合計。,清掃・保守の対象になっている床面積,低,M100,セキュリティー・コスト / メンテナンス対象面積,セキュリティー・コスト合計 / メンテナンス対象面積合計,業界ベンチマークと比較してどのようであるかを管理担当者に通知し、管理者が複数の地域、施設、および建物タイプにわたってセキュリティー・コストを比較できるようにします。 このメトリックは、総面積でなくメンテナンス対象の実面積のみ含むという点で、「メンテナンス・コスト/面積」メトリックとは異なります。,建物 (面積の計算) | 外部の企業システムからの財務データ,OP エグゼクティブ | OP サービス・マネージャー | OP 施設アセスメント・マネージャー/プランナー | OP サービス技術員,FM業者自身（清掃・保守担当）
FM運営データ,保全計画・業務範囲,業務仕様書類,FM業者（清掃・保守担当）,紙・Excel,清掃仕様書,44,フロア・レコードで「メンテナンスされた床」フィールドが「TRUE」である面積の合計。,清掃・保守の対象になっている床面積,低,M060,メンテナンス・コスト / メンテナンス対象面積,メンテナンス・コスト合計 / メンテナンス対象面積合計,業界ベンチマークと比較してどのようであるかを管理担当者に通知し、管理者が複数の地域、施設、および建物タイプにわたってメンテナンス・コストを比較できるようにします。 このメトリックは、総面積でなくメンテナンス対象の実面積のみ使用するという点で、「メンテナンス・コスト/面積」メトリックとは異なります。,建物 (面積の計算) | 外部の企業システムからの財務データ,OP エグゼクティブ | OP サービス・マネージャー | OP 施設アセスメント・マネージャー/プランナー | OP サービス技術員,FM業者自身（清掃・保守担当）
FM運営データ,保全計画・業務範囲,業務仕様書類,FM業者（清掃・保守担当）,紙・Excel,清掃仕様書,44,フロア・レコードで「メンテナンスされた床」フィールドが「TRUE」である面積の合計。,清掃・保守の対象になっている床面積,低,M100,セキュリティー・コスト / メンテナンス対象面積,セキュリティー・コスト合計 / メンテナンス対象面積合計,業界ベンチマークと比較してどのようであるかを管理担当者に通知し、管理者が複数の地域、施設、および建物タイプにわたってセキュリティー・コストを比較できるようにします。 このメトリックは、総面積でなくメンテナンス対象の実面積のみ含むという点で、「メンテナンス・コスト/面積」メトリックとは異なります。,建物 (面積の計算) | 外部の企業システムからの財務データ,OP エグゼクティブ | OP サービス・マネージャー | OP 施設アセスメント・マネージャー/プランナー | OP サービス技術員,FM業者自身（清掃・保守担当）
FM運営データ,保全計画・業務範囲,業務仕様書類,FM業者（清掃・保守担当）,紙・Excel,清掃面積表,44,フロア・レコードで「メンテナンスされた床」フィールドが「TRUE」である面積の合計。,清掃・保守の対象になっている床面積,低,M060,メンテナンス・コスト / メンテナンス対象面積,メンテナンス・コスト合計 / メンテナンス対象面積合計,業界ベンチマークと比較してどのようであるかを管理担当者に通知し、管理者が複数の地域、施設、および建物タイプにわたってメンテナンス・コストを比較できるようにします。 このメトリックは、総面積でなくメンテナンス対象の実面積のみ使用するという点で、「メンテナンス・コスト/面積」メトリックとは異なります。,建物 (面積の計算) | 外部の企業システムからの財務データ,OP エグゼクティブ | OP サービス・マネージャー | OP 施設アセスメント・マネージャー/プランナー | OP サービス技術員,FM業者自身（清掃・保守担当）
FM運営データ,保全計画・業務範囲,業務仕様書類,FM業者（清掃・保守担当）,紙・Excel,清掃面積表,44,フロア・レコードで「メンテナンスされた床」フィールドが「TRUE」である面積の合計。,清掃・保守の対象になっている床面積,低,M100,セキュリティー・コスト / メンテナンス対象面積,セキュリティー・コスト合計 / メンテナンス対象面積合計,業界ベンチマークと比較してどのようであるかを管理担当者に通知し、管理者が複数の地域、施設、および建物タイプにわたってセキュリティー・コストを比較できるようにします。 このメトリックは、総面積でなくメンテナンス対象の実面積のみ含むという点で、「メンテナンス・コスト/面積」メトリックとは異なります。,建物 (面積の計算) | 外部の企業システムからの財務データ,OP エグゼクティブ | OP サービス・マネージャー | OP 施設アセスメント・マネージャー/プランナー | OP サービス技術員,FM業者自身（清掃・保守担当）
FM運営データ,作業依頼・保全履歴,CMMS（保全管理システム）,FM業者（保全担当）,システム,CMMS（データ全般）,3,実終了日,保守・修繕などの作業が実際に終わった日,低,M002,オンタイム引渡 (%) - My タスク,実現したオンタイム引渡,計画上の終了日と照合してタスクの実際の終了日を計算します。,スペース利用契約 (不動産業) | スペース割り振り (施設),RE トランザクション・マネージャー | 不動産プロジェクト・チーム・メンバー,FM業者自身・保守協力会社
FM運営データ,作業依頼・保全履歴,CMMS（保全管理システム）,FM業者（保全担当）,システム,CMMS（データ全般）,50,タスク – 担当組織セクションを持つすべてのタスク・タイプを含む,担当する会社・部署が決まっている作業の記録,低,M066,My 目標どおりのサービス・コスト,実際のタスク・コスト / 計画済みタスク・コスト,個々のサービス技術員およびその組織のパフォーマンス状況を、そのサービス技術員に通知します。 顧客となる企業または機関は、合意および契約で指定されているコスト内でサービスが実施されることを期待しています。 これらの期待は、要求されたサービス、要求組織、および要求の地域またはロケーションに基づいて、合意および契約に関連付けられたサービス・マトリックスに記録されます。 この組み合わせにより、サービス・レベルのコスト見積がタスクに追加されます。,タスク管理 | サービス管理 | サービス・マトリックス項目を持つ契約管理,OP サービス・マネージャー | OP サービス技術員,FM業者自身・保守協力会社
FM運営データ,作業依頼・保全履歴,CMMS（保全管理システム）,FM業者（保全担当）,システム,CMMS（データ全般）,50,タスク – 担当組織セクションを持つすべてのタスク・タイプを含む,担当する会社・部署が決まっている作業の記録,低,M073,目標どおりのサービス・コスト,実際のタスク・コスト / 計画済みタスク・コスト,内部サービス・プロバイダー、外部サービス・プロバイダー、またはその両方のパフォーマンス状況と、タスク見積もりの正確さを管理担当者に通知します。 顧客となる企業または機関は、合意および契約で指定されているコスト内でサービスが実施されることを期待しています。 これらの期待は、要求されたサービス、要求組織、および要求の地域またはロケーションに基づいて、合意および契約に関連付けられたサービス・マトリックスに記録されます。 この組み合わせにより、計画済みのコストがタスクに追加されます。,タスク管理 | サービス管理 | サービス・マトリックス項目を持つ契約管理,EN ワークプレース・エグゼクティブ | FA 移動マネージャー/プランナー | FA スペース・マネージャー/プランナー | OP エグゼクティブ | OP サービス・マネージャー | PR エグゼクティブ | PR マネージャー,FM業者自身・保守協力会社
FM運営データ,作業依頼・保全履歴,CMMS（保全管理システム）,FM業者（保全担当）,システム,CMMS（データ全般）,61,「タスク・タイプ」が「予防」、「状況」が「完了」または「クローズ済み」、「計画上の終了」が収集期間内にある、完了した予防保全タスクの総数,期間中に終わった定期点検・予防保全の件数,低,M087,予防保全タスク完了率,完了した予防保全タスクの総数 / スケジュール済みの予防保全タスクの総数,計画された予防保全プログラムを組織がどれだけ効果的に実施しているかについて、管理担当者に通知します。 効果的でない予防保全プログラムを目立たせるのに役立ちます。,タスク管理 | サービス管理 | 予防保全ジョブ計画 | PM スケジュール,OP サービス・マネージャー | OP 施設アセスメント・マネージャー/プランナー,FM業者自身・保守協力会社
FM運営データ,作業依頼・保全履歴,CMMS（保全管理システム）,FM業者（保全担当）,システム,CMMS（データ全般）,87,「タスク・タイプ」 = 「改良」である完了したタスクの数の合計,終わった修繕作業の件数,低,M011,コールバック指数,「コールバック」が TRUE である完了した改良タスクの数の合計 / 完了した改良タスクの数の合計,内部サービス・プロバイダーまたは外部サービス・プロバイダー、あるいはその両方がどれだけのパフォーマンスを示しているか、および「最初の応答」の解決の正確さについて、管理担当者に通知します。 顧客企業/機関は、余分なコールバック作業を必要とすることなく、さまざまな合意および契約で規定された時間とコストの範囲内でサービスが実行されることを期待します。 これは、パフォーマンスが劣るもののみを評価する例外ベースのメトリックです。 このメトリックは、少なくとも以下のトピックに関するパフォーマンスをモニターするために役立ちます。 オペレーターのトレーニングに関連する再作業 メンテナンスのトレーニングに関連する再作業 (知識またはスキルの不足) トレーニングに関連する生産性の損失 パフォーマンスが不十分な技術者に関連する再作業 正しくない手順に関連する再作業,タスク管理 | サービス管理,OP サービス・マネージャー,FM業者自身・保守協力会社
FM運営データ,作業依頼・保全履歴,CMMS（保全管理システム）,FM業者（保全担当）,システム,CMMS（データ全般）,110,タスク – ベースライン完了日、ベースライン予定日、完了/クローズ状況,作業の約束の期限と、実際に終わった日,低,M067,My 時間内のサービス対応度 (ターンアラウンド時間),(「実際の完了日時」<=「ベースラインの予定日時」となる完了済みタスクの数) / 完了済みタスクの総数,個々のサービス技術員のパフォーマンス状況を、そのサービス技術員に通知します。 顧客となる企業または機関は、合意および契約で指定されている時間内にサービスが実施されることを期待しています。 これらの期待は、要求されたサービス、要求組織、および要求の地域またはロケーションに基づいて、合意および契約に関連付けられたサービス・マトリックスに記録されます。 この組み合わせにより、要求への応答時間、要求を満たす時間、および要求者をフォローアップする時間に基づいて、サービス・レベル時間枠がタスクに追加されます。 このメトリックは、実際の完了時刻に焦点を合わせています。,タスク管理 | サービス管理 | サービス・マトリックス項目を持つ契約管理,OP サービス・マネージャー | OP サービス技術員,FM業者自身・保守協力会社
FM運営データ,作業依頼・保全履歴,CMMS（保全管理システム）,FM業者（保全担当）,システム,CMMS（データ全般）,110,タスク – ベースライン完了日、ベースライン予定日、完了/クローズ状況,作業の約束の期限と、実際に終わった日,低,M074,時間内のサービス対応度 (ターンアラウンド時間),(「実際の完了日時」<=「ベースラインの予定日時」となる完了済みタスクの数) / 完了済みタスクの総数,内部サービス・プロバイダー、外部サービス・プロバイダー、またはその両方のパフォーマンス状況を管理担当者に通知します。 顧客となる企業または機関は、合意および契約で指定されている時間内にサービスが実施されることを期待しています。 これらの期待は、要求されたサービス、要求組織、および要求の地域またはロケーションに基づいて、合意および契約に関連付けられたサービス・マトリックスに記録されます。 この組み合わせにより、要求への応答時間、要求を満たす時間、および要求者をフォローアップする時間に基づいて、サービス・レベル時間枠がタスクに追加されます。 このメトリックは、実際の完了時刻に焦点を合わせています。,タスク管理 | サービス管理 | サービス・マトリックス項目を持つ契約管理,EN ワークプレース・エグゼクティブ | FA 移動マネージャー/プランナー | FA スペース・マネージャー/プランナー | OP エグゼクティブ | OP サービス・マネージャー | PR エグゼクティブ | PR マネージャー,FM業者自身・保守協力会社
FM運営データ,作業依頼・保全履歴,CMMS（保全管理システム）,FM業者（保全担当）,システム,CMMS（データ全般）,128,タスク・オブジェクトとタスク・コストのための関連するデータ、ロケーション、および建物データ,作業の記録と、その場所（建物・拠点）の情報,低,M102,サービス・タスク・ボリューム,タスク数,タスク・ボリュームおよび傾向の分析に使用されるサービス・タスク・ボリュームのデータをグラフ化します。,サービス管理 | サービス・タスク,OP サービス・マネージャー | OP 施設アセスメント・マネージャー/プランナー,FM業者自身
FM運営データ,作業依頼・保全履歴,CMMS（保全管理システム）,FM業者（保全担当）,システム,作業依頼の受付記録,50,タスク – 担当組織セクションを持つすべてのタスク・タイプを含む,担当する会社・部署が決まっている作業の記録,低,M066,My 目標どおりのサービス・コスト,実際のタスク・コスト / 計画済みタスク・コスト,個々のサービス技術員およびその組織のパフォーマンス状況を、そのサービス技術員に通知します。 顧客となる企業または機関は、合意および契約で指定されているコスト内でサービスが実施されることを期待しています。 これらの期待は、要求されたサービス、要求組織、および要求の地域またはロケーションに基づいて、合意および契約に関連付けられたサービス・マトリックスに記録されます。 この組み合わせにより、サービス・レベルのコスト見積がタスクに追加されます。,タスク管理 | サービス管理 | サービス・マトリックス項目を持つ契約管理,OP サービス・マネージャー | OP サービス技術員,FM業者自身・保守協力会社
FM運営データ,作業依頼・保全履歴,CMMS（保全管理システム）,FM業者（保全担当）,システム,作業依頼の受付記録,50,タスク – 担当組織セクションを持つすべてのタスク・タイプを含む,担当する会社・部署が決まっている作業の記録,低,M073,目標どおりのサービス・コスト,実際のタスク・コスト / 計画済みタスク・コスト,内部サービス・プロバイダー、外部サービス・プロバイダー、またはその両方のパフォーマンス状況と、タスク見積もりの正確さを管理担当者に通知します。 顧客となる企業または機関は、合意および契約で指定されているコスト内でサービスが実施されることを期待しています。 これらの期待は、要求されたサービス、要求組織、および要求の地域またはロケーションに基づいて、合意および契約に関連付けられたサービス・マトリックスに記録されます。 この組み合わせにより、計画済みのコストがタスクに追加されます。,タスク管理 | サービス管理 | サービス・マトリックス項目を持つ契約管理,EN ワークプレース・エグゼクティブ | FA 移動マネージャー/プランナー | FA スペース・マネージャー/プランナー | OP エグゼクティブ | OP サービス・マネージャー | PR エグゼクティブ | PR マネージャー,FM業者自身・保守協力会社
FM運営データ,作業依頼・保全履歴,CMMS（保全管理システム）,FM業者（保全担当）,システム,作業依頼の受付記録,94,コンタクト・センター通信レコード - 開始時間 – 終了時間,ヘルプデスクが1件の問い合わせに対応した時間,中,M019,コンタクト・センターの効率,期間 (開始時間 - 終了時間) / 要求数の合計,コンタクト・センター要求の処理にかかる時間。,コンタクト・センター,OP サービス・マネージャー,ヘルプデスクの運営者（FM業者が受託している場合はFM業者自身）
FM運営データ,作業依頼・保全履歴,CMMS（保全管理システム）,FM業者（保全担当）,システム,作業依頼の受付記録,128,タスク・オブジェクトとタスク・コストのための関連するデータ、ロケーション、および建物データ,作業の記録と、その場所（建物・拠点）の情報,低,M102,サービス・タスク・ボリューム,タスク数,タスク・ボリュームおよび傾向の分析に使用されるサービス・タスク・ボリュームのデータをグラフ化します。,サービス管理 | サービス・タスク,OP サービス・マネージャー | OP 施設アセスメント・マネージャー/プランナー,FM業者自身
FM運営データ,作業依頼・保全履歴,CMMS（保全管理システム）,FM業者（保全担当）,システム,作業報告書・点検報告書,3,実終了日,保守・修繕などの作業が実際に終わった日,低,M002,オンタイム引渡 (%) - My タスク,実現したオンタイム引渡,計画上の終了日と照合してタスクの実際の終了日を計算します。,スペース利用契約 (不動産業) | スペース割り振り (施設),RE トランザクション・マネージャー | 不動産プロジェクト・チーム・メンバー,FM業者自身・保守協力会社
FM運営データ,作業依頼・保全履歴,CMMS（保全管理システム）,FM業者（保全担当）,システム,作業報告書・点検報告書,61,「タスク・タイプ」が「予防」、「状況」が「完了」または「クローズ済み」、「計画上の終了」が収集期間内にある、完了した予防保全タスクの総数,期間中に終わった定期点検・予防保全の件数,低,M087,予防保全タスク完了率,完了した予防保全タスクの総数 / スケジュール済みの予防保全タスクの総数,計画された予防保全プログラムを組織がどれだけ効果的に実施しているかについて、管理担当者に通知します。 効果的でない予防保全プログラムを目立たせるのに役立ちます。,タスク管理 | サービス管理 | 予防保全ジョブ計画 | PM スケジュール,OP サービス・マネージャー | OP 施設アセスメント・マネージャー/プランナー,FM業者自身・保守協力会社
FM運営データ,作業依頼・保全履歴,CMMS（保全管理システム）,FM業者（保全担当）,システム,作業報告書・点検報告書,86,「コールバック」フィールド = TRUE および「タスク・タイプ」 = 「改良」である完了したタスクの数の合計,修繕したのに不具合が再発し、もう一度対応した件数,中,M011,コールバック指数,「コールバック」が TRUE である完了した改良タスクの数の合計 / 完了した改良タスクの数の合計,内部サービス・プロバイダーまたは外部サービス・プロバイダー、あるいはその両方がどれだけのパフォーマンスを示しているか、および「最初の応答」の解決の正確さについて、管理担当者に通知します。 顧客企業/機関は、余分なコールバック作業を必要とすることなく、さまざまな合意および契約で規定された時間とコストの範囲内でサービスが実行されることを期待します。 これは、パフォーマンスが劣るもののみを評価する例外ベースのメトリックです。 このメトリックは、少なくとも以下のトピックに関するパフォーマンスをモニターするために役立ちます。 オペレーターのトレーニングに関連する再作業 メンテナンスのトレーニングに関連する再作業 (知識またはスキルの不足) トレーニングに関連する生産性の損失 パフォーマンスが不十分な技術者に関連する再作業 正しくない手順に関連する再作業,タスク管理 | サービス管理,OP サービス・マネージャー,FM業者自身・保守協力会社
FM運営データ,作業依頼・保全履歴,CMMS（保全管理システム）,FM業者（保全担当）,システム,作業報告書・点検報告書,87,「タスク・タイプ」 = 「改良」である完了したタスクの数の合計,終わった修繕作業の件数,低,M011,コールバック指数,「コールバック」が TRUE である完了した改良タスクの数の合計 / 完了した改良タスクの数の合計,内部サービス・プロバイダーまたは外部サービス・プロバイダー、あるいはその両方がどれだけのパフォーマンスを示しているか、および「最初の応答」の解決の正確さについて、管理担当者に通知します。 顧客企業/機関は、余分なコールバック作業を必要とすることなく、さまざまな合意および契約で規定された時間とコストの範囲内でサービスが実行されることを期待します。 これは、パフォーマンスが劣るもののみを評価する例外ベースのメトリックです。 このメトリックは、少なくとも以下のトピックに関するパフォーマンスをモニターするために役立ちます。 オペレーターのトレーニングに関連する再作業 メンテナンスのトレーニングに関連する再作業 (知識またはスキルの不足) トレーニングに関連する生産性の損失 パフォーマンスが不十分な技術者に関連する再作業 正しくない手順に関連する再作業,タスク管理 | サービス管理,OP サービス・マネージャー,FM業者自身・保守協力会社
FM運営データ,作業依頼・保全履歴,CMMS（保全管理システム）,FM業者（保全担当）,システム,作業報告書・点検報告書,110,タスク – ベースライン完了日、ベースライン予定日、完了/クローズ状況,作業の約束の期限と、実際に終わった日,低,M067,My 時間内のサービス対応度 (ターンアラウンド時間),(「実際の完了日時」<=「ベースラインの予定日時」となる完了済みタスクの数) / 完了済みタスクの総数,個々のサービス技術員のパフォーマンス状況を、そのサービス技術員に通知します。 顧客となる企業または機関は、合意および契約で指定されている時間内にサービスが実施されることを期待しています。 これらの期待は、要求されたサービス、要求組織、および要求の地域またはロケーションに基づいて、合意および契約に関連付けられたサービス・マトリックスに記録されます。 この組み合わせにより、要求への応答時間、要求を満たす時間、および要求者をフォローアップする時間に基づいて、サービス・レベル時間枠がタスクに追加されます。 このメトリックは、実際の完了時刻に焦点を合わせています。,タスク管理 | サービス管理 | サービス・マトリックス項目を持つ契約管理,OP サービス・マネージャー | OP サービス技術員,FM業者自身・保守協力会社
FM運営データ,作業依頼・保全履歴,CMMS（保全管理システム）,FM業者（保全担当）,システム,作業報告書・点検報告書,110,タスク – ベースライン完了日、ベースライン予定日、完了/クローズ状況,作業の約束の期限と、実際に終わった日,低,M074,時間内のサービス対応度 (ターンアラウンド時間),(「実際の完了日時」<=「ベースラインの予定日時」となる完了済みタスクの数) / 完了済みタスクの総数,内部サービス・プロバイダー、外部サービス・プロバイダー、またはその両方のパフォーマンス状況を管理担当者に通知します。 顧客となる企業または機関は、合意および契約で指定されている時間内にサービスが実施されることを期待しています。 これらの期待は、要求されたサービス、要求組織、および要求の地域またはロケーションに基づいて、合意および契約に関連付けられたサービス・マトリックスに記録されます。 この組み合わせにより、要求への応答時間、要求を満たす時間、および要求者をフォローアップする時間に基づいて、サービス・レベル時間枠がタスクに追加されます。 このメトリックは、実際の完了時刻に焦点を合わせています。,タスク管理 | サービス管理 | サービス・マトリックス項目を持つ契約管理,EN ワークプレース・エグゼクティブ | FA 移動マネージャー/プランナー | FA スペース・マネージャー/プランナー | OP エグゼクティブ | OP サービス・マネージャー | PR エグゼクティブ | PR マネージャー,FM業者自身・保守協力会社
FM運営データ,作業依頼・保全履歴,CMMS（保全管理システム）,FM業者（保全担当）,システム,作業指示票,3,実終了日,保守・修繕などの作業が実際に終わった日,低,M002,オンタイム引渡 (%) - My タスク,実現したオンタイム引渡,計画上の終了日と照合してタスクの実際の終了日を計算します。,スペース利用契約 (不動産業) | スペース割り振り (施設),RE トランザクション・マネージャー | 不動産プロジェクト・チーム・メンバー,FM業者自身・保守協力会社
FM運営データ,作業依頼・保全履歴,CMMS（保全管理システム）,FM業者（保全担当）,システム,作業指示票,50,タスク – 担当組織セクションを持つすべてのタスク・タイプを含む,担当する会社・部署が決まっている作業の記録,低,M066,My 目標どおりのサービス・コスト,実際のタスク・コスト / 計画済みタスク・コスト,個々のサービス技術員およびその組織のパフォーマンス状況を、そのサービス技術員に通知します。 顧客となる企業または機関は、合意および契約で指定されているコスト内でサービスが実施されることを期待しています。 これらの期待は、要求されたサービス、要求組織、および要求の地域またはロケーションに基づいて、合意および契約に関連付けられたサービス・マトリックスに記録されます。 この組み合わせにより、サービス・レベルのコスト見積がタスクに追加されます。,タスク管理 | サービス管理 | サービス・マトリックス項目を持つ契約管理,OP サービス・マネージャー | OP サービス技術員,FM業者自身・保守協力会社
FM運営データ,作業依頼・保全履歴,CMMS（保全管理システム）,FM業者（保全担当）,システム,作業指示票,50,タスク – 担当組織セクションを持つすべてのタスク・タイプを含む,担当する会社・部署が決まっている作業の記録,低,M073,目標どおりのサービス・コスト,実際のタスク・コスト / 計画済みタスク・コスト,内部サービス・プロバイダー、外部サービス・プロバイダー、またはその両方のパフォーマンス状況と、タスク見積もりの正確さを管理担当者に通知します。 顧客となる企業または機関は、合意および契約で指定されているコスト内でサービスが実施されることを期待しています。 これらの期待は、要求されたサービス、要求組織、および要求の地域またはロケーションに基づいて、合意および契約に関連付けられたサービス・マトリックスに記録されます。 この組み合わせにより、計画済みのコストがタスクに追加されます。,タスク管理 | サービス管理 | サービス・マトリックス項目を持つ契約管理,EN ワークプレース・エグゼクティブ | FA 移動マネージャー/プランナー | FA スペース・マネージャー/プランナー | OP エグゼクティブ | OP サービス・マネージャー | PR エグゼクティブ | PR マネージャー,FM業者自身・保守協力会社
FM運営データ,作業依頼・保全履歴,CMMS（保全管理システム）,FM業者（保全担当）,システム,作業指示票,110,タスク – ベースライン完了日、ベースライン予定日、完了/クローズ状況,作業の約束の期限と、実際に終わった日,低,M067,My 時間内のサービス対応度 (ターンアラウンド時間),(「実際の完了日時」<=「ベースラインの予定日時」となる完了済みタスクの数) / 完了済みタスクの総数,個々のサービス技術員のパフォーマンス状況を、そのサービス技術員に通知します。 顧客となる企業または機関は、合意および契約で指定されている時間内にサービスが実施されることを期待しています。 これらの期待は、要求されたサービス、要求組織、および要求の地域またはロケーションに基づいて、合意および契約に関連付けられたサービス・マトリックスに記録されます。 この組み合わせにより、要求への応答時間、要求を満たす時間、および要求者をフォローアップする時間に基づいて、サービス・レベル時間枠がタスクに追加されます。 このメトリックは、実際の完了時刻に焦点を合わせています。,タスク管理 | サービス管理 | サービス・マトリックス項目を持つ契約管理,OP サービス・マネージャー | OP サービス技術員,FM業者自身・保守協力会社
FM運営データ,作業依頼・保全履歴,CMMS（保全管理システム）,FM業者（保全担当）,システム,作業指示票,110,タスク – ベースライン完了日、ベースライン予定日、完了/クローズ状況,作業の約束の期限と、実際に終わった日,低,M074,時間内のサービス対応度 (ターンアラウンド時間),(「実際の完了日時」<=「ベースラインの予定日時」となる完了済みタスクの数) / 完了済みタスクの総数,内部サービス・プロバイダー、外部サービス・プロバイダー、またはその両方のパフォーマンス状況を管理担当者に通知します。 顧客となる企業または機関は、合意および契約で指定されている時間内にサービスが実施されることを期待しています。 これらの期待は、要求されたサービス、要求組織、および要求の地域またはロケーションに基づいて、合意および契約に関連付けられたサービス・マトリックスに記録されます。 この組み合わせにより、要求への応答時間、要求を満たす時間、および要求者をフォローアップする時間に基づいて、サービス・レベル時間枠がタスクに追加されます。 このメトリックは、実際の完了時刻に焦点を合わせています。,タスク管理 | サービス管理 | サービス・マトリックス項目を持つ契約管理,EN ワークプレース・エグゼクティブ | FA 移動マネージャー/プランナー | FA スペース・マネージャー/プランナー | OP エグゼクティブ | OP サービス・マネージャー | PR エグゼクティブ | PR マネージャー,FM業者自身・保守協力会社
FM運営データ,作業依頼・保全履歴,電話システム（CTI）,ヘルプデスクの運営者（FM業者が受託している場合はFM業者）,システム,通話記録,94,コンタクト・センター通信レコード - 開始時間 – 終了時間,ヘルプデスクが1件の問い合わせに対応した時間,中,M019,コンタクト・センターの効率,期間 (開始時間 - 終了時間) / 要求数の合計,コンタクト・センター要求の処理にかかる時間。,コンタクト・センター,OP サービス・マネージャー,ヘルプデスクの運営者（FM業者が受託している場合はFM業者自身）
FM運営データ,作業コスト,CMMS（保全管理システム）,FM業者（保全担当）,システム,CMMS（データ全般）,80,タスク・タイプ別の完了タスクの合計コスト,作業の種類（点検・修繕など）ごとの費用,低,M122,作業配分率,タスク・タイプごとの完了済みタスクの合計コスト / 完了済みタスクの合計コスト,改良作業、予防作業、移動作業、またはその他のタスク作業の間でメンテナンス・コストがどのように配分されているかを管理担当者に通知します。 これを施設状態指数 (FCI) などの他のメトリックや他のファイナンシャル・メトリックと組み合わせて使用して、メンテナンス・プログラムの全体的な効果を判別します。,タスク管理 | サービス管理,OP サービス・マネージャー | OP 施設アセスメント・マネージャー/プランナー,FM業者自身
FM運営データ,作業コスト,CMMS（保全管理システム）,FM業者（保全担当）,システム,CMMS（データ全般）,81,完了タスクの合計コスト,終わった作業にかかった費用の合計,低,M122,作業配分率,タスク・タイプごとの完了済みタスクの合計コスト / 完了済みタスクの合計コスト,改良作業、予防作業、移動作業、またはその他のタスク作業の間でメンテナンス・コストがどのように配分されているかを管理担当者に通知します。 これを施設状態指数 (FCI) などの他のメトリックや他のファイナンシャル・メトリックと組み合わせて使用して、メンテナンス・プログラムの全体的な効果を判別します。,タスク管理 | サービス管理,OP サービス・マネージャー | OP 施設アセスメント・マネージャー/プランナー,FM業者自身
FM運営データ,作業コスト,CMMS（保全管理システム）,FM業者（保全担当）,システム,CMMS（データ全般）,99,緊急タスク・コストの合計 = 完了したタスクのコストの合計。ここで、「タスクの優先順位」 = 「緊急時」、「状況」 = 「完了」または「クローズ済み」であり、「計画上の終了」は収集期間の範囲内です。,緊急対応（故障・トラブル）にかかった費用,低,M033,緊急タスク・コスト比率,緊急タスク・コスト合計 / メンテナンス・コスト合計,予防保全プログラムを組織がどれだけ効果的に実施しているかについて、管理担当者に通知します。 メンテナンスの労働力が、緊急時作業または故障時作業に使用されているかどうかを調べるために役立ちます。 通常、緊急時作業または故障時作業に使用される金額が、メンテナンス労働リソースの 20% を超える場合、予防保全プログラムは効果的ではありません。,タスク管理 | サービス管理 | 予防保全ジョブ計画 | PM スケジュール,OP サービス・マネージャー | OP 施設アセスメント・マネージャー/プランナー,FM業者自身・保守協力会社
FM運営データ,作業コスト,CMMS（保全管理システム）,FM業者（保全担当）,システム,CMMS（データ全般）,100,メンテナンス・コストの合計 = 完了したタスクのコストの合計。「状況」 = 「完了」または「クローズ済み」であり、「計画上の終了」は収集期間の範囲内です。,終わった保守・修繕作業にかかった費用の合計,低,M033,緊急タスク・コスト比率,緊急タスク・コスト合計 / メンテナンス・コスト合計,予防保全プログラムを組織がどれだけ効果的に実施しているかについて、管理担当者に通知します。 メンテナンスの労働力が、緊急時作業または故障時作業に使用されているかどうかを調べるために役立ちます。 通常、緊急時作業または故障時作業に使用される金額が、メンテナンス労働リソースの 20% を超える場合、予防保全プログラムは効果的ではありません。,タスク管理 | サービス管理 | 予防保全ジョブ計画 | PM スケジュール,OP サービス・マネージャー | OP 施設アセスメント・マネージャー/プランナー,FM業者自身・保守協力会社
FM運営データ,作業コスト,CMMS（保全管理システム）,FM業者（保全担当）,システム,CMMS（データ全般）,115,タスクの合計契約コスト = タスクに関連付けられている担当組織が外部組織であるか、担当組織が社内の部門または機関あるいは作業グループであっても、リソースとして外部組織が指定されている場合の合計タスク・コスト。,外部の業者に任せた作業の費用,中,M078,外部委託率,タスクの合計契約コスト / 合計タスク・コスト,外部サービス・プロバイダーに外部委託されているタスク作業の量を管理担当者に通知します。,タスク管理 | サービス管理,OP エグゼクティブ | OP サービス・マネージャー | OP 施設アセスメント・マネージャー/プランナー,FM業者自身・保守協力会社、顧客の施設部門
FM運営データ,作業コスト,CMMS（保全管理システム）,FM業者（保全担当）,システム,CMMS（データ全般）,116,合計タスク・コスト = すべてのタスクの合計コスト,すべての作業の費用の合計,中,M078,外部委託率,タスクの合計契約コスト / 合計タスク・コスト,外部サービス・プロバイダーに外部委託されているタスク作業の量を管理担当者に通知します。,タスク管理 | サービス管理,OP エグゼクティブ | OP サービス・マネージャー | OP 施設アセスメント・マネージャー/プランナー,FM業者自身、顧客の施設部門
FM運営データ,作業コスト,CMMS（保全管理システム）,FM業者（保全担当）,システム,CMMS（データ全般）,127,タスク・コスト、サブタブ・データ照会用: 関連する建物総面積、関連するタスク組織 (要求者、責任者),作業の費用と、依頼した部署・建物の面積の情報,中,M101,サービス・タスク・コスト,タスク・コストの合計,タスク・コストおよび傾向の分析に使用されるサービス・タスク・ボリュームのデータをグラフ化します。,サービス管理 | サービス・タスク | 取り込まれたタスク・コスト・データ,OP エグゼクティブ | OP サービス・マネージャー | OP 施設アセスメント・マネージャー/プランナー,FM業者自身＋顧客（組織マスタ）
FM運営データ,作業コスト,CMMS（保全管理システム）,FM業者（保全担当）,システム,修繕工事の記録,64,「タスク・タイプ」が「改良」である完了済みタスクの合計コスト,修繕（壊れたものを直す作業）にかかった費用,低,M088,予防保全コストと修理メンテナンス・コストとの比率,完了済み予防タスクの合計コスト / 完了済み修理タスクの合計コスト,プロアクティブな予防保全プログラムとリアクティブな改良メンテナンスに対してメンテナンス・コストがどのように配分されているかを管理担当者に通知します。 これを施設状態指数 (FCI) などの他のメトリックや他のファイナンシャル・メトリックと組み合わせて使用して、予防保全プログラムの効果を判別します。,タスク管理 | サービス管理 | 予防保全ジョブ計画 | PM スケジュール,OP サービス・マネージャー | OP 施設アセスメント・マネージャー/プランナー,FM業者自身・修繕施工会社
FM運営データ,作業コスト,人事システム,顧客 人事部門,システム,組織・拠点マスタ,127,タスク・コスト、サブタブ・データ照会用: 関連する建物総面積、関連するタスク組織 (要求者、責任者),作業の費用と、依頼した部署・建物の面積の情報,中,M101,サービス・タスク・コスト,タスク・コストの合計,タスク・コストおよび傾向の分析に使用されるサービス・タスク・ボリュームのデータをグラフ化します。,サービス管理 | サービス・タスク | 取り込まれたタスク・コスト・データ,OP エグゼクティブ | OP サービス・マネージャー | OP 施設アセスメント・マネージャー/プランナー,FM業者自身＋顧客（組織マスタ）
FM運営データ,作業コスト,竣工図書・面積資料（CAD／紙）,建物所有者（顧客 不動産部門）,紙・Excel,面積表,127,タスク・コスト、サブタブ・データ照会用: 関連する建物総面積、関連するタスク組織 (要求者、責任者),作業の費用と、依頼した部署・建物の面積の情報,中,M101,サービス・タスク・コスト,タスク・コストの合計,タスク・コストおよび傾向の分析に使用されるサービス・タスク・ボリュームのデータをグラフ化します。,サービス管理 | サービス・タスク | 取り込まれたタスク・コスト・データ,OP エグゼクティブ | OP サービス・マネージャー | OP 施設アセスメント・マネージャー/プランナー,FM業者自身＋顧客（組織マスタ）
FM運営データ,作業コスト,見積・請求管理,FM業者（営業・経理）,システム,作業実績・請求明細,51,計画上のコスト、実コスト (完了またはクローズしたタスクについて),作業の見積額と、実際にかかった費用,低,M066,My 目標どおりのサービス・コスト,実際のタスク・コスト / 計画済みタスク・コスト,個々のサービス技術員およびその組織のパフォーマンス状況を、そのサービス技術員に通知します。 顧客となる企業または機関は、合意および契約で指定されているコスト内でサービスが実施されることを期待しています。 これらの期待は、要求されたサービス、要求組織、および要求の地域またはロケーションに基づいて、合意および契約に関連付けられたサービス・マトリックスに記録されます。 この組み合わせにより、サービス・レベルのコスト見積がタスクに追加されます。,タスク管理 | サービス管理 | サービス・マトリックス項目を持つ契約管理,OP サービス・マネージャー | OP サービス技術員,FM業者自身
FM運営データ,作業コスト,見積・請求管理,FM業者（営業・経理）,システム,作業実績・請求明細,51,計画上のコスト、実コスト (完了またはクローズしたタスクについて),作業の見積額と、実際にかかった費用,低,M073,目標どおりのサービス・コスト,実際のタスク・コスト / 計画済みタスク・コスト,内部サービス・プロバイダー、外部サービス・プロバイダー、またはその両方のパフォーマンス状況と、タスク見積もりの正確さを管理担当者に通知します。 顧客となる企業または機関は、合意および契約で指定されているコスト内でサービスが実施されることを期待しています。 これらの期待は、要求されたサービス、要求組織、および要求の地域またはロケーションに基づいて、合意および契約に関連付けられたサービス・マトリックスに記録されます。 この組み合わせにより、計画済みのコストがタスクに追加されます。,タスク管理 | サービス管理 | サービス・マトリックス項目を持つ契約管理,EN ワークプレース・エグゼクティブ | FA 移動マネージャー/プランナー | FA スペース・マネージャー/プランナー | OP エグゼクティブ | OP サービス・マネージャー | PR エグゼクティブ | PR マネージャー,FM業者自身
FM運営データ,作業コスト,見積・請求管理,FM業者（営業・経理）,システム,作業実績・請求明細,63,「タスク・タイプ」が「予防」である完了済み予防タスクの合計コスト,定期点検・予防保全にかかった費用,低,M088,予防保全コストと修理メンテナンス・コストとの比率,完了済み予防タスクの合計コスト / 完了済み修理タスクの合計コスト,プロアクティブな予防保全プログラムとリアクティブな改良メンテナンスに対してメンテナンス・コストがどのように配分されているかを管理担当者に通知します。 これを施設状態指数 (FCI) などの他のメトリックや他のファイナンシャル・メトリックと組み合わせて使用して、予防保全プログラムの効果を判別します。,タスク管理 | サービス管理 | 予防保全ジョブ計画 | PM スケジュール,OP サービス・マネージャー | OP 施設アセスメント・マネージャー/プランナー,FM業者自身
FM運営データ,作業コスト,見積・請求管理,FM業者（営業・経理）,システム,作業実績・請求明細,64,「タスク・タイプ」が「改良」である完了済みタスクの合計コスト,修繕（壊れたものを直す作業）にかかった費用,低,M088,予防保全コストと修理メンテナンス・コストとの比率,完了済み予防タスクの合計コスト / 完了済み修理タスクの合計コスト,プロアクティブな予防保全プログラムとリアクティブな改良メンテナンスに対してメンテナンス・コストがどのように配分されているかを管理担当者に通知します。 これを施設状態指数 (FCI) などの他のメトリックや他のファイナンシャル・メトリックと組み合わせて使用して、予防保全プログラムの効果を判別します。,タスク管理 | サービス管理 | 予防保全ジョブ計画 | PM スケジュール,OP サービス・マネージャー | OP 施設アセスメント・マネージャー/プランナー,FM業者自身・修繕施工会社
FM運営データ,作業コスト,見積・請求管理,FM業者（営業・経理）,システム,作業実績・請求明細,80,タスク・タイプ別の完了タスクの合計コスト,作業の種類（点検・修繕など）ごとの費用,低,M122,作業配分率,タスク・タイプごとの完了済みタスクの合計コスト / 完了済みタスクの合計コスト,改良作業、予防作業、移動作業、またはその他のタスク作業の間でメンテナンス・コストがどのように配分されているかを管理担当者に通知します。 これを施設状態指数 (FCI) などの他のメトリックや他のファイナンシャル・メトリックと組み合わせて使用して、メンテナンス・プログラムの全体的な効果を判別します。,タスク管理 | サービス管理,OP サービス・マネージャー | OP 施設アセスメント・マネージャー/プランナー,FM業者自身
FM運営データ,作業コスト,見積・請求管理,FM業者（営業・経理）,システム,作業実績・請求明細,81,完了タスクの合計コスト,終わった作業にかかった費用の合計,低,M122,作業配分率,タスク・タイプごとの完了済みタスクの合計コスト / 完了済みタスクの合計コスト,改良作業、予防作業、移動作業、またはその他のタスク作業の間でメンテナンス・コストがどのように配分されているかを管理担当者に通知します。 これを施設状態指数 (FCI) などの他のメトリックや他のファイナンシャル・メトリックと組み合わせて使用して、メンテナンス・プログラムの全体的な効果を判別します。,タスク管理 | サービス管理,OP サービス・マネージャー | OP 施設アセスメント・マネージャー/プランナー,FM業者自身
FM運営データ,作業コスト,見積・請求管理,FM業者（営業・経理）,システム,作業実績・請求明細,99,緊急タスク・コストの合計 = 完了したタスクのコストの合計。ここで、「タスクの優先順位」 = 「緊急時」、「状況」 = 「完了」または「クローズ済み」であり、「計画上の終了」は収集期間の範囲内です。,緊急対応（故障・トラブル）にかかった費用,低,M033,緊急タスク・コスト比率,緊急タスク・コスト合計 / メンテナンス・コスト合計,予防保全プログラムを組織がどれだけ効果的に実施しているかについて、管理担当者に通知します。 メンテナンスの労働力が、緊急時作業または故障時作業に使用されているかどうかを調べるために役立ちます。 通常、緊急時作業または故障時作業に使用される金額が、メンテナンス労働リソースの 20% を超える場合、予防保全プログラムは効果的ではありません。,タスク管理 | サービス管理 | 予防保全ジョブ計画 | PM スケジュール,OP サービス・マネージャー | OP 施設アセスメント・マネージャー/プランナー,FM業者自身・保守協力会社
FM運営データ,作業コスト,見積・請求管理,FM業者（営業・経理）,システム,作業実績・請求明細,100,メンテナンス・コストの合計 = 完了したタスクのコストの合計。「状況」 = 「完了」または「クローズ済み」であり、「計画上の終了」は収集期間の範囲内です。,終わった保守・修繕作業にかかった費用の合計,低,M033,緊急タスク・コスト比率,緊急タスク・コスト合計 / メンテナンス・コスト合計,予防保全プログラムを組織がどれだけ効果的に実施しているかについて、管理担当者に通知します。 メンテナンスの労働力が、緊急時作業または故障時作業に使用されているかどうかを調べるために役立ちます。 通常、緊急時作業または故障時作業に使用される金額が、メンテナンス労働リソースの 20% を超える場合、予防保全プログラムは効果的ではありません。,タスク管理 | サービス管理 | 予防保全ジョブ計画 | PM スケジュール,OP サービス・マネージャー | OP 施設アセスメント・マネージャー/プランナー,FM業者自身・保守協力会社
FM運営データ,作業コスト,見積・請求管理,FM業者（営業・経理）,システム,作業実績・請求明細,116,合計タスク・コスト = すべてのタスクの合計コスト,すべての作業の費用の合計,中,M078,外部委託率,タスクの合計契約コスト / 合計タスク・コスト,外部サービス・プロバイダーに外部委託されているタスク作業の量を管理担当者に通知します。,タスク管理 | サービス管理,OP エグゼクティブ | OP サービス・マネージャー | OP 施設アセスメント・マネージャー/プランナー,FM業者自身、顧客の施設部門
FM運営データ,作業コスト,見積・請求管理,FM業者（営業・経理）,システム,作業実績・請求明細,127,タスク・コスト、サブタブ・データ照会用: 関連する建物総面積、関連するタスク組織 (要求者、責任者),作業の費用と、依頼した部署・建物の面積の情報,中,M101,サービス・タスク・コスト,タスク・コストの合計,タスク・コストおよび傾向の分析に使用されるサービス・タスク・ボリュームのデータをグラフ化します。,サービス管理 | サービス・タスク | 取り込まれたタスク・コスト・データ,OP エグゼクティブ | OP サービス・マネージャー | OP 施設アセスメント・マネージャー/プランナー,FM業者自身＋顧客（組織マスタ）
FM運営データ,作業コスト,見積・請求管理,FM業者（営業・経理）,システム,協力会社からの請求書,115,タスクの合計契約コスト = タスクに関連付けられている担当組織が外部組織であるか、担当組織が社内の部門または機関あるいは作業グループであっても、リソースとして外部組織が指定されている場合の合計タスク・コスト。,外部の業者に任せた作業の費用,中,M078,外部委託率,タスクの合計契約コスト / 合計タスク・コスト,外部サービス・プロバイダーに外部委託されているタスク作業の量を管理担当者に通知します。,タスク管理 | サービス管理,OP エグゼクティブ | OP サービス・マネージャー | OP 施設アセスメント・マネージャー/プランナー,FM業者自身・保守協力会社、顧客の施設部門
FM運営データ,作業コスト,見積・請求管理,FM業者（営業・経理）,システム,見積書,51,計画上のコスト、実コスト (完了またはクローズしたタスクについて),作業の見積額と、実際にかかった費用,低,M066,My 目標どおりのサービス・コスト,実際のタスク・コスト / 計画済みタスク・コスト,個々のサービス技術員およびその組織のパフォーマンス状況を、そのサービス技術員に通知します。 顧客となる企業または機関は、合意および契約で指定されているコスト内でサービスが実施されることを期待しています。 これらの期待は、要求されたサービス、要求組織、および要求の地域またはロケーションに基づいて、合意および契約に関連付けられたサービス・マトリックスに記録されます。 この組み合わせにより、サービス・レベルのコスト見積がタスクに追加されます。,タスク管理 | サービス管理 | サービス・マトリックス項目を持つ契約管理,OP サービス・マネージャー | OP サービス技術員,FM業者自身
FM運営データ,作業コスト,見積・請求管理,FM業者（営業・経理）,システム,見積書,51,計画上のコスト、実コスト (完了またはクローズしたタスクについて),作業の見積額と、実際にかかった費用,低,M073,目標どおりのサービス・コスト,実際のタスク・コスト / 計画済みタスク・コスト,内部サービス・プロバイダー、外部サービス・プロバイダー、またはその両方のパフォーマンス状況と、タスク見積もりの正確さを管理担当者に通知します。 顧客となる企業または機関は、合意および契約で指定されているコスト内でサービスが実施されることを期待しています。 これらの期待は、要求されたサービス、要求組織、および要求の地域またはロケーションに基づいて、合意および契約に関連付けられたサービス・マトリックスに記録されます。 この組み合わせにより、計画済みのコストがタスクに追加されます。,タスク管理 | サービス管理 | サービス・マトリックス項目を持つ契約管理,EN ワークプレース・エグゼクティブ | FA 移動マネージャー/プランナー | FA スペース・マネージャー/プランナー | OP エグゼクティブ | OP サービス・マネージャー | PR エグゼクティブ | PR マネージャー,FM業者自身
FM運営データ,作業コスト,見積・請求管理,FM業者（営業・経理）,システム,見積書,63,「タスク・タイプ」が「予防」である完了済み予防タスクの合計コスト,定期点検・予防保全にかかった費用,低,M088,予防保全コストと修理メンテナンス・コストとの比率,完了済み予防タスクの合計コスト / 完了済み修理タスクの合計コスト,プロアクティブな予防保全プログラムとリアクティブな改良メンテナンスに対してメンテナンス・コストがどのように配分されているかを管理担当者に通知します。 これを施設状態指数 (FCI) などの他のメトリックや他のファイナンシャル・メトリックと組み合わせて使用して、予防保全プログラムの効果を判別します。,タスク管理 | サービス管理 | 予防保全ジョブ計画 | PM スケジュール,OP サービス・マネージャー | OP 施設アセスメント・マネージャー/プランナー,FM業者自身
FM運営データ,作業時間・勤怠,人事システム,顧客 人事部門,システム,組織・拠点マスタ,53,組織、ロケーション、および地域は、タイム・カード・エントリーの従業員の関連付けに基づきます。,作業員の所属と担当拠点（作業時間をどこの分として数えるかの基準）,中,M070,My サービス時間使用率,タスク関連の時間エントリーの合計時間 / 合計標準時間 (作業スケジュールに基づく),サービス技術員がタスクに費やした時間が、ダウン時間や休日あるいは休暇などの非作業時間と比較して、どの程度有効であるかをサービス技術員に通知します。,タスク管理 | サービス管理 | 時間エントリー,OP サービス技術員,FM業者自身（勤怠）＋顧客（組織マスタ）
FM運営データ,作業時間・勤怠,人事システム,顧客 人事部門,システム,組織・拠点マスタ,53,組織、ロケーション、および地域は、タイム・カード・エントリーの従業員の関連付けに基づきます。,作業員の所属と担当拠点（作業時間をどこの分として数えるかの基準）,中,M083,時間外使用率,時間外勤務時間 / 合計時間,時間外勤務が必要な作業の量を管理担当者に通知します。,タスク管理 | サービス管理 | 時間エントリー,OP サービス・マネージャー,FM業者自身（勤怠）＋顧客（組織マスタ）
FM運営データ,作業時間・勤怠,人事システム,顧客 人事部門,システム,組織・拠点マスタ,53,組織、ロケーション、および地域は、タイム・カード・エントリーの従業員の関連付けに基づきます。,作業員の所属と担当拠点（作業時間をどこの分として数えるかの基準）,中,M103,サービス時間使用率,タスクの合計時間 / 合計標準時間 (作業スケジュールに基づく),タスクの割り当てとリソースの使用がどの程度効果的であるかを管理担当者に通知します。 多くの場合、メンテナンス作業グループでは 「レンチタイム」(作業時間) 、サービス提供企業では支払請求可能レートと呼ばれています。,タスク管理 | サービス管理 | 時間エントリー,EN ワークプレース・エグゼクティブ | OP エグゼクティブ | OP サービス・マネージャー,FM業者自身（勤怠）＋顧客（組織マスタ）
FM運営データ,作業時間・勤怠,勤怠システム,FM業者（労務管理）,システム,タイムカード,60,タイム・カードおよび時間エントリーから:,作業員の勤務・作業時間の記録（No.52・53 をまとめる見出し）,低,M083,時間外使用率,時間外勤務時間 / 合計時間,時間外勤務が必要な作業の量を管理担当者に通知します。,タスク管理 | サービス管理 | 時間エントリー,OP サービス・マネージャー,FM業者自身
FM運営データ,作業時間・勤怠,勤怠システム,FM業者（労務管理）,システム,作業日報,52,期間は時間ログの明細日付に基づきます (タイム・カード期間ではありません),作業時間を記録した日付（どの期間に数えるかの基準）,低,M070,My サービス時間使用率,タスク関連の時間エントリーの合計時間 / 合計標準時間 (作業スケジュールに基づく),サービス技術員がタスクに費やした時間が、ダウン時間や休日あるいは休暇などの非作業時間と比較して、どの程度有効であるかをサービス技術員に通知します。,タスク管理 | サービス管理 | 時間エントリー,OP サービス技術員,FM業者自身
FM運営データ,作業時間・勤怠,勤怠システム,FM業者（労務管理）,システム,作業日報,52,期間は時間ログの明細日付に基づきます (タイム・カード期間ではありません),作業時間を記録した日付（どの期間に数えるかの基準）,低,M083,時間外使用率,時間外勤務時間 / 合計時間,時間外勤務が必要な作業の量を管理担当者に通知します。,タスク管理 | サービス管理 | 時間エントリー,OP サービス・マネージャー,FM業者自身
FM運営データ,作業時間・勤怠,勤怠システム,FM業者（労務管理）,システム,作業日報,53,組織、ロケーション、および地域は、タイム・カード・エントリーの従業員の関連付けに基づきます。,作業員の所属と担当拠点（作業時間をどこの分として数えるかの基準）,中,M070,My サービス時間使用率,タスク関連の時間エントリーの合計時間 / 合計標準時間 (作業スケジュールに基づく),サービス技術員がタスクに費やした時間が、ダウン時間や休日あるいは休暇などの非作業時間と比較して、どの程度有効であるかをサービス技術員に通知します。,タスク管理 | サービス管理 | 時間エントリー,OP サービス技術員,FM業者自身（勤怠）＋顧客（組織マスタ）
FM運営データ,作業時間・勤怠,勤怠システム,FM業者（労務管理）,システム,作業日報,53,組織、ロケーション、および地域は、タイム・カード・エントリーの従業員の関連付けに基づきます。,作業員の所属と担当拠点（作業時間をどこの分として数えるかの基準）,中,M083,時間外使用率,時間外勤務時間 / 合計時間,時間外勤務が必要な作業の量を管理担当者に通知します。,タスク管理 | サービス管理 | 時間エントリー,OP サービス・マネージャー,FM業者自身（勤怠）＋顧客（組織マスタ）
FM運営データ,作業時間・勤怠,勤怠システム,FM業者（労務管理）,システム,作業日報,53,組織、ロケーション、および地域は、タイム・カード・エントリーの従業員の関連付けに基づきます。,作業員の所属と担当拠点（作業時間をどこの分として数えるかの基準）,中,M103,サービス時間使用率,タスクの合計時間 / 合計標準時間 (作業スケジュールに基づく),タスクの割り当てとリソースの使用がどの程度効果的であるかを管理担当者に通知します。 多くの場合、メンテナンス作業グループでは 「レンチタイム」(作業時間) 、サービス提供企業では支払請求可能レートと呼ばれています。,タスク管理 | サービス管理 | 時間エントリー,EN ワークプレース・エグゼクティブ | OP エグゼクティブ | OP サービス・マネージャー,FM業者自身（勤怠）＋顧客（組織マスタ）
FM運営データ,作業時間・勤怠,勤怠システム,FM業者（労務管理）,システム,作業日報,69,期間は時間ログの明細日付に基づきます (タイム・カード期間ではありません)。,作業時間を記録した日付（どの期間に数えるかの基準）,低,M103,サービス時間使用率,タスクの合計時間 / 合計標準時間 (作業スケジュールに基づく),タスクの割り当てとリソースの使用がどの程度効果的であるかを管理担当者に通知します。 多くの場合、メンテナンス作業グループでは 「レンチタイム」(作業時間) 、サービス提供企業では支払請求可能レートと呼ばれています。,タスク管理 | サービス管理 | 時間エントリー,EN ワークプレース・エグゼクティブ | OP エグゼクティブ | OP サービス・マネージャー,FM業者自身
FM運営データ,作業時間・勤怠,勤怠システム,FM業者（労務管理）,システム,作業日報,111,タスク関連の時間エントリーの合計時間 = 該当する収集期間について関連付けられたタスクを持つ時間エントリーに記録された合計時間,作業員が実際に作業に使った時間,中,M070,My サービス時間使用率,タスク関連の時間エントリーの合計時間 / 合計標準時間 (作業スケジュールに基づく),サービス技術員がタスクに費やした時間が、ダウン時間や休日あるいは休暇などの非作業時間と比較して、どの程度有効であるかをサービス技術員に通知します。,タスク管理 | サービス管理 | 時間エントリー,OP サービス技術員,FM業者自身
FM運営データ,作業時間・勤怠,勤怠システム,FM業者（労務管理）,システム,作業日報,129,タスク関連の時間エントリーの合計時間 = 該当する収集期間について関連付けられたタスクを持つ時間エントリーに記録された合計時間。,作業員が実際に作業に使った時間,中,M103,サービス時間使用率,タスクの合計時間 / 合計標準時間 (作業スケジュールに基づく),タスクの割り当てとリソースの使用がどの程度効果的であるかを管理担当者に通知します。 多くの場合、メンテナンス作業グループでは 「レンチタイム」(作業時間) 、サービス提供企業では支払請求可能レートと呼ばれています。,タスク管理 | サービス管理 | 時間エントリー,EN ワークプレース・エグゼクティブ | OP エグゼクティブ | OP サービス・マネージャー,FM業者自身
FM運営データ,作業時間・勤怠,勤怠システム,FM業者（労務管理）,システム,勤務シフト表,112,時間エントリーの合計時間 = 該当する収集期間についてタスク関連の時間エントリー (分子) 内に収集された個人の作業スケジュールに基づく合計「標準」時間 (つまり 1 日 8 時間、週 40 時間),作業員の本来の勤務時間（1日8時間など）,低,M070,My サービス時間使用率,タスク関連の時間エントリーの合計時間 / 合計標準時間 (作業スケジュールに基づく),サービス技術員がタスクに費やした時間が、ダウン時間や休日あるいは休暇などの非作業時間と比較して、どの程度有効であるかをサービス技術員に通知します。,タスク管理 | サービス管理 | 時間エントリー,OP サービス技術員,FM業者自身
FM運営データ,作業時間・勤怠,勤怠システム,FM業者（労務管理）,システム,勤務シフト表,118,時間エントリーの合計時間 = 該当する収集期間についてタスク関連の時間エントリー (分子) 内に収集された個人の作業スケジュールに基づく合計「標準」時間 (つまり 1 日 8 時間、週 40 時間) (triTask – 担当組織セクションを持つすべてのタスク・タイプを含む),作業員の本来の勤務時間（1日8時間など）,低,M083,時間外使用率,時間外勤務時間 / 合計時間,時間外勤務が必要な作業の量を管理担当者に通知します。,タスク管理 | サービス管理 | 時間エントリー,OP サービス・マネージャー,FM業者自身
FM運営データ,作業時間・勤怠,勤怠システム,FM業者（労務管理）,システム,勤務シフト表,130,時間エントリーの合計時間 = 該当する収集期間についてタスク関連の時間エントリー (分子) 内に収集された個人の作業スケジュールに基づく合計「標準」時間 (つまり 1 日 8 時間、週 40 時間など),作業員の本来の勤務時間（1日8時間など）,低,M103,サービス時間使用率,タスクの合計時間 / 合計標準時間 (作業スケジュールに基づく),タスクの割り当てとリソースの使用がどの程度効果的であるかを管理担当者に通知します。 多くの場合、メンテナンス作業グループでは 「レンチタイム」(作業時間) 、サービス提供企業では支払請求可能レートと呼ばれています。,タスク管理 | サービス管理 | 時間エントリー,EN ワークプレース・エグゼクティブ | OP エグゼクティブ | OP サービス・マネージャー,FM業者自身
FM運営データ,作業時間・勤怠,勤怠システム,FM業者（労務管理）,システム,勤怠データ,52,期間は時間ログの明細日付に基づきます (タイム・カード期間ではありません),作業時間を記録した日付（どの期間に数えるかの基準）,低,M070,My サービス時間使用率,タスク関連の時間エントリーの合計時間 / 合計標準時間 (作業スケジュールに基づく),サービス技術員がタスクに費やした時間が、ダウン時間や休日あるいは休暇などの非作業時間と比較して、どの程度有効であるかをサービス技術員に通知します。,タスク管理 | サービス管理 | 時間エントリー,OP サービス技術員,FM業者自身
FM運営データ,作業時間・勤怠,勤怠システム,FM業者（労務管理）,システム,勤怠データ,52,期間は時間ログの明細日付に基づきます (タイム・カード期間ではありません),作業時間を記録した日付（どの期間に数えるかの基準）,低,M083,時間外使用率,時間外勤務時間 / 合計時間,時間外勤務が必要な作業の量を管理担当者に通知します。,タスク管理 | サービス管理 | 時間エントリー,OP サービス・マネージャー,FM業者自身
FM運営データ,作業時間・勤怠,勤怠システム,FM業者（労務管理）,システム,勤怠データ,53,組織、ロケーション、および地域は、タイム・カード・エントリーの従業員の関連付けに基づきます。,作業員の所属と担当拠点（作業時間をどこの分として数えるかの基準）,中,M070,My サービス時間使用率,タスク関連の時間エントリーの合計時間 / 合計標準時間 (作業スケジュールに基づく),サービス技術員がタスクに費やした時間が、ダウン時間や休日あるいは休暇などの非作業時間と比較して、どの程度有効であるかをサービス技術員に通知します。,タスク管理 | サービス管理 | 時間エントリー,OP サービス技術員,FM業者自身（勤怠）＋顧客（組織マスタ）
FM運営データ,作業時間・勤怠,勤怠システム,FM業者（労務管理）,システム,勤怠データ,53,組織、ロケーション、および地域は、タイム・カード・エントリーの従業員の関連付けに基づきます。,作業員の所属と担当拠点（作業時間をどこの分として数えるかの基準）,中,M083,時間外使用率,時間外勤務時間 / 合計時間,時間外勤務が必要な作業の量を管理担当者に通知します。,タスク管理 | サービス管理 | 時間エントリー,OP サービス・マネージャー,FM業者自身（勤怠）＋顧客（組織マスタ）
FM運営データ,作業時間・勤怠,勤怠システム,FM業者（労務管理）,システム,勤怠データ,53,組織、ロケーション、および地域は、タイム・カード・エントリーの従業員の関連付けに基づきます。,作業員の所属と担当拠点（作業時間をどこの分として数えるかの基準）,中,M103,サービス時間使用率,タスクの合計時間 / 合計標準時間 (作業スケジュールに基づく),タスクの割り当てとリソースの使用がどの程度効果的であるかを管理担当者に通知します。 多くの場合、メンテナンス作業グループでは 「レンチタイム」(作業時間) 、サービス提供企業では支払請求可能レートと呼ばれています。,タスク管理 | サービス管理 | 時間エントリー,EN ワークプレース・エグゼクティブ | OP エグゼクティブ | OP サービス・マネージャー,FM業者自身（勤怠）＋顧客（組織マスタ）
FM運営データ,作業時間・勤怠,勤怠システム,FM業者（労務管理）,システム,勤怠データ,60,タイム・カードおよび時間エントリーから:,作業員の勤務・作業時間の記録（No.52・53 をまとめる見出し）,低,M083,時間外使用率,時間外勤務時間 / 合計時間,時間外勤務が必要な作業の量を管理担当者に通知します。,タスク管理 | サービス管理 | 時間エントリー,OP サービス・マネージャー,FM業者自身
FM運営データ,作業時間・勤怠,勤怠システム,FM業者（労務管理）,システム,勤怠データ,69,期間は時間ログの明細日付に基づきます (タイム・カード期間ではありません)。,作業時間を記録した日付（どの期間に数えるかの基準）,低,M103,サービス時間使用率,タスクの合計時間 / 合計標準時間 (作業スケジュールに基づく),タスクの割り当てとリソースの使用がどの程度効果的であるかを管理担当者に通知します。 多くの場合、メンテナンス作業グループでは 「レンチタイム」(作業時間) 、サービス提供企業では支払請求可能レートと呼ばれています。,タスク管理 | サービス管理 | 時間エントリー,EN ワークプレース・エグゼクティブ | OP エグゼクティブ | OP サービス・マネージャー,FM業者自身
FM運営データ,作業時間・勤怠,勤怠システム,FM業者（労務管理）,システム,勤怠データ,111,タスク関連の時間エントリーの合計時間 = 該当する収集期間について関連付けられたタスクを持つ時間エントリーに記録された合計時間,作業員が実際に作業に使った時間,中,M070,My サービス時間使用率,タスク関連の時間エントリーの合計時間 / 合計標準時間 (作業スケジュールに基づく),サービス技術員がタスクに費やした時間が、ダウン時間や休日あるいは休暇などの非作業時間と比較して、どの程度有効であるかをサービス技術員に通知します。,タスク管理 | サービス管理 | 時間エントリー,OP サービス技術員,FM業者自身
FM運営データ,作業時間・勤怠,勤怠システム,FM業者（労務管理）,システム,勤怠データ,112,時間エントリーの合計時間 = 該当する収集期間についてタスク関連の時間エントリー (分子) 内に収集された個人の作業スケジュールに基づく合計「標準」時間 (つまり 1 日 8 時間、週 40 時間),作業員の本来の勤務時間（1日8時間など）,低,M070,My サービス時間使用率,タスク関連の時間エントリーの合計時間 / 合計標準時間 (作業スケジュールに基づく),サービス技術員がタスクに費やした時間が、ダウン時間や休日あるいは休暇などの非作業時間と比較して、どの程度有効であるかをサービス技術員に通知します。,タスク管理 | サービス管理 | 時間エントリー,OP サービス技術員,FM業者自身
FM運営データ,作業時間・勤怠,勤怠システム,FM業者（労務管理）,システム,勤怠データ,117,「時間タイプ」=「時間外勤務時間」の時間エントリー,作業員の残業時間,低,M083,時間外使用率,時間外勤務時間 / 合計時間,時間外勤務が必要な作業の量を管理担当者に通知します。,タスク管理 | サービス管理 | 時間エントリー,OP サービス・マネージャー,FM業者自身
FM運営データ,作業時間・勤怠,勤怠システム,FM業者（労務管理）,システム,勤怠データ,118,時間エントリーの合計時間 = 該当する収集期間についてタスク関連の時間エントリー (分子) 内に収集された個人の作業スケジュールに基づく合計「標準」時間 (つまり 1 日 8 時間、週 40 時間) (triTask – 担当組織セクションを持つすべてのタスク・タイプを含む),作業員の本来の勤務時間（1日8時間など）,低,M083,時間外使用率,時間外勤務時間 / 合計時間,時間外勤務が必要な作業の量を管理担当者に通知します。,タスク管理 | サービス管理 | 時間エントリー,OP サービス・マネージャー,FM業者自身
FM運営データ,作業時間・勤怠,勤怠システム,FM業者（労務管理）,システム,勤怠データ,129,タスク関連の時間エントリーの合計時間 = 該当する収集期間について関連付けられたタスクを持つ時間エントリーに記録された合計時間。,作業員が実際に作業に使った時間,中,M103,サービス時間使用率,タスクの合計時間 / 合計標準時間 (作業スケジュールに基づく),タスクの割り当てとリソースの使用がどの程度効果的であるかを管理担当者に通知します。 多くの場合、メンテナンス作業グループでは 「レンチタイム」(作業時間) 、サービス提供企業では支払請求可能レートと呼ばれています。,タスク管理 | サービス管理 | 時間エントリー,EN ワークプレース・エグゼクティブ | OP エグゼクティブ | OP サービス・マネージャー,FM業者自身
FM運営データ,作業時間・勤怠,勤怠システム,FM業者（労務管理）,システム,勤怠データ,130,時間エントリーの合計時間 = 該当する収集期間についてタスク関連の時間エントリー (分子) 内に収集された個人の作業スケジュールに基づく合計「標準」時間 (つまり 1 日 8 時間、週 40 時間など),作業員の本来の勤務時間（1日8時間など）,低,M103,サービス時間使用率,タスクの合計時間 / 合計標準時間 (作業スケジュールに基づく),タスクの割り当てとリソースの使用がどの程度効果的であるかを管理担当者に通知します。 多くの場合、メンテナンス作業グループでは 「レンチタイム」(作業時間) 、サービス提供企業では支払請求可能レートと呼ばれています。,タスク管理 | サービス管理 | 時間エントリー,EN ワークプレース・エグゼクティブ | OP エグゼクティブ | OP サービス・マネージャー,FM業者自身
FM運営データ,エネルギー・稼働,BEMS,FM業者（設備管理）,システム,検針データ,101,度日の値は、建物レコードから取得します。,その時期に冷暖房がどれだけ必要だったかを表す気温の指標（冷暖房度日）,低,M044,冷房度日別のエネルギー利用 (キロワット時),合計エネルギー利用 / GSF / 度日,建物のサイズと気象に基づいて、1000 イギリス熱単位 (kBtu) を単位として度日ごとに平方フィートあたりの値として測定される、正規化されたエネルギー消費量を示します。,エネルギー・ログ,ES マネージャー,気象庁（公開データ）、FM業者自身（算出）
FM運営データ,エネルギー・稼働,BEMS,FM業者（設備管理）,システム,検針データ,101,度日の値は、建物レコードから取得します。,その時期に冷暖房がどれだけ必要だったかを表す気温の指標（冷暖房度日）,低,M045,度日合計別のエネルギー利用 (キロワット時/度日単位),合計エネルギー利用 / GSF / 度日,建物のサイズと気象に基づいて、1000 イギリス熱単位 (kBtu) を単位として度日ごとに平方フィートあたりの値として測定される、正規化されたエネルギー消費量を示します。,エネルギー・ログ,ES マネージャー,気象庁（公開データ）、FM業者自身（算出）
FM運営データ,エネルギー・稼働,BEMS,FM業者（設備管理）,システム,検針データ,101,度日の値は、建物レコードから取得します。,その時期に冷暖房がどれだけ必要だったかを表す気温の指標（冷暖房度日）,低,M046,暖房度日別のエネルギー利用 (キロワット時),合計エネルギー利用 / GSF / 度日,建物のサイズと気象に基づいて、1000 イギリス熱単位 (kBtu) を単位として度日ごとに平方フィートあたりの値として測定される、正規化されたエネルギー消費量を示します。,エネルギー・ログ,ES マネージャー,気象庁（公開データ）、FM業者自身（算出）
FM運営データ,エネルギー・稼働,気象データ（公開）,気象庁,システム,日平均気温（度日の算出元）,101,度日の値は、建物レコードから取得します。,その時期に冷暖房がどれだけ必要だったかを表す気温の指標（冷暖房度日）,低,M044,冷房度日別のエネルギー利用 (キロワット時),合計エネルギー利用 / GSF / 度日,建物のサイズと気象に基づいて、1000 イギリス熱単位 (kBtu) を単位として度日ごとに平方フィートあたりの値として測定される、正規化されたエネルギー消費量を示します。,エネルギー・ログ,ES マネージャー,気象庁（公開データ）、FM業者自身（算出）
FM運営データ,エネルギー・稼働,気象データ（公開）,気象庁,システム,日平均気温（度日の算出元）,101,度日の値は、建物レコードから取得します。,その時期に冷暖房がどれだけ必要だったかを表す気温の指標（冷暖房度日）,低,M045,度日合計別のエネルギー利用 (キロワット時/度日単位),合計エネルギー利用 / GSF / 度日,建物のサイズと気象に基づいて、1000 イギリス熱単位 (kBtu) を単位として度日ごとに平方フィートあたりの値として測定される、正規化されたエネルギー消費量を示します。,エネルギー・ログ,ES マネージャー,気象庁（公開データ）、FM業者自身（算出）
FM運営データ,エネルギー・稼働,気象データ（公開）,気象庁,システム,日平均気温（度日の算出元）,101,度日の値は、建物レコードから取得します。,その時期に冷暖房がどれだけ必要だったかを表す気温の指標（冷暖房度日）,低,M046,暖房度日別のエネルギー利用 (キロワット時),合計エネルギー利用 / GSF / 度日,建物のサイズと気象に基づいて、1000 イギリス熱単位 (kBtu) を単位として度日ごとに平方フィートあたりの値として測定される、正規化されたエネルギー消費量を示します。,エネルギー・ログ,ES マネージャー,気象庁（公開データ）、FM業者自身（算出）
FM運営データ,評価・アンケート,サステナビリティ資料,顧客 環境・CSR部門,紙・Excel,サステナビリティ報告の資料,35,環境要求評価:,環境への配慮についての評価アンケート（下の2行をまとめる見出し）,高,M052,環境評価調査 (%),総合顧客満足度 = 合計調査回答スコア / 調査質問数の合計 (完了した調査質問の平均スコア),組織がどれだけ効果的に施設占有者に生産性の高い作業環境を提供しているかを管理担当者に通知します。 返送された評価フォームからの平均スコアに基づいています。,環境調査および評価要求,ES マネージャー/プランナー,顧客の環境・CSR部門（※見出し行。36・37の親項目）
FM運営データ,評価・アンケート,業者評価資料,顧客 購買部門,紙・Excel,業者評価の調査票設計書,59,合計調査質問予想スコア,委託先についての評価アンケートの満点,中,M081,総合顧客満足度 – 優先プロバイダー,合計調査回答スコア / 合計調査質問予想スコア,優先プロバイダー評価の平均スコアについて管理担当者に通知します。,スペース利用契約 (不動産業) | スペース割り振り (施設),EN ワークプレース・エグゼクティブ | RE エグゼクティブ,顧客の購買・施設部門
FM運営データ,評価・アンケート,業者評価資料,顧客 購買部門,紙・Excel,業者評価の調査票設計書,59,合計調査質問予想スコア,委託先についての評価アンケートの満点,中,M082,総合顧客満足度 – 優先プロバイダー – My プロジェクト,合計調査回答スコア / 合計調査質問予想スコア,優先プロバイダー評価の平均スコアについて、ログインしている不動産トランザクション・マネージャーに通知します。,スペース利用契約 (不動産業) | スペース割り振り (施設),RE トランザクション・マネージャー,顧客の購買・施設部門
FM運営データ,評価・アンケート,業者評価資料,顧客 購買部門,紙・Excel,業者評価表,58,合計調査回答スコア,委託先（FM業者など）についての評価アンケートの点数,高,M081,総合顧客満足度 – 優先プロバイダー,合計調査回答スコア / 合計調査質問予想スコア,優先プロバイダー評価の平均スコアについて管理担当者に通知します。,スペース利用契約 (不動産業) | スペース割り振り (施設),EN ワークプレース・エグゼクティブ | RE エグゼクティブ,顧客の購買・施設部門
FM運営データ,評価・アンケート,業者評価資料,顧客 購買部門,紙・Excel,業者評価表,58,合計調査回答スコア,委託先（FM業者など）についての評価アンケートの点数,高,M082,総合顧客満足度 – 優先プロバイダー – My プロジェクト,合計調査回答スコア / 合計調査質問予想スコア,優先プロバイダー評価の平均スコアについて、ログインしている不動産トランザクション・マネージャーに通知します。,スペース利用契約 (不動産業) | スペース割り振り (施設),RE トランザクション・マネージャー,顧客の購買・施設部門
FM運営データ,評価・アンケート,調査票・回答集計（Excel／Webフォーム）,調査の実施者（顧客 施設部門 または FM業者）,紙・Excel,回答集計表,36,合計調査回答スコア,アンケートの回答の点数の合計,中,M052,環境評価調査 (%),総合顧客満足度 = 合計調査回答スコア / 調査質問数の合計 (完了した調査質問の平均スコア),組織がどれだけ効果的に施設占有者に生産性の高い作業環境を提供しているかを管理担当者に通知します。 返送された評価フォームからの平均スコアに基づいています。,環境調査および評価要求,ES マネージャー/プランナー,調査の実施者（顧客の施設部門またはFM業者）
FM運営データ,評価・アンケート,調査票・回答集計（Excel／Webフォーム）,調査の実施者（顧客 施設部門 または FM業者）,紙・Excel,回答集計表,36,合計調査回答スコア,アンケートの回答の点数の合計,中,M080,総合顧客満足度 – ポートフォリオ・マネージャー,合計調査回答スコア / 合計調査質問予想スコア,ポートフォリオ・マネージャー評価の平均スコアについて管理担当者に通知します。,スペース利用契約 (不動産業) | スペース割り振り (施設),EN ワークプレース・エグゼクティブ | RE エグゼクティブ,調査の実施者（顧客の施設部門またはFM業者）
FM運営データ,評価・アンケート,調査票・回答集計（Excel／Webフォーム）,調査の実施者（顧客 施設部門 または FM業者）,紙・Excel,回答集計表,37,スコアが 0.0 を超える調査質問の総数、該当しない回答の除外、またはその両方。,点数が付く質問の数（「該当なし」を除く）,中,M052,環境評価調査 (%),総合顧客満足度 = 合計調査回答スコア / 調査質問数の合計 (完了した調査質問の平均スコア),組織がどれだけ効果的に施設占有者に生産性の高い作業環境を提供しているかを管理担当者に通知します。 返送された評価フォームからの平均スコアに基づいています。,環境調査および評価要求,ES マネージャー/プランナー,調査の設計者（顧客の施設部門またはFM業者）
FM運営データ,評価・アンケート,調査票・回答集計（Excel／Webフォーム）,調査の実施者（顧客 施設部門 または FM業者）,紙・Excel,回答集計表,38,合計調査回答スコア,環境への配慮についてのアンケートの点数の合計,中,M056,グリーン状態指数,比率 (グリーン状態指数) = エネルギー機会 (欠陥) の合計コスト / 現在の再取得価額 (CRV) の合計,施設の相対環境条件について管理担当者に通知します。 これは、「施設状態指数 (FCI)」に基づき、プロセスを FCI と共有しています。,環境機会 (欠陥),ES マネージャー/プランナー,顧客の環境・CSR部門、調査の実施者
FM運営データ,評価・アンケート,調査票・回答集計（Excel／Webフォーム）,調査の実施者（顧客 施設部門 または FM業者）,紙・Excel,回答集計表,39,スコアが 0.0 を超える調査質問の総数、該当しない回答の除外、またはその両方。,環境への配慮についてのアンケートで、点数が付く質問の数,中,M056,グリーン状態指数,比率 (グリーン状態指数) = エネルギー機会 (欠陥) の合計コスト / 現在の再取得価額 (CRV) の合計,施設の相対環境条件について管理担当者に通知します。 これは、「施設状態指数 (FCI)」に基づき、プロセスを FCI と共有しています。,環境機会 (欠陥),ES マネージャー/プランナー,顧客の環境・CSR部門、調査の実施者
FM運営データ,評価・アンケート,調査票・回答集計（Excel／Webフォーム）,調査の実施者（顧客 施設部門 または FM業者）,紙・Excel,調査票の設計書（配点）,35,環境要求評価:,環境への配慮についての評価アンケート（下の2行をまとめる見出し）,高,M052,環境評価調査 (%),総合顧客満足度 = 合計調査回答スコア / 調査質問数の合計 (完了した調査質問の平均スコア),組織がどれだけ効果的に施設占有者に生産性の高い作業環境を提供しているかを管理担当者に通知します。 返送された評価フォームからの平均スコアに基づいています。,環境調査および評価要求,ES マネージャー/プランナー,顧客の環境・CSR部門（※見出し行。36・37の親項目）
FM運営データ,評価・アンケート,調査票・回答集計（Excel／Webフォーム）,調査の実施者（顧客 施設部門 または FM業者）,紙・Excel,調査票の設計書（配点）,37,スコアが 0.0 を超える調査質問の総数、該当しない回答の除外、またはその両方。,点数が付く質問の数（「該当なし」を除く）,中,M052,環境評価調査 (%),総合顧客満足度 = 合計調査回答スコア / 調査質問数の合計 (完了した調査質問の平均スコア),組織がどれだけ効果的に施設占有者に生産性の高い作業環境を提供しているかを管理担当者に通知します。 返送された評価フォームからの平均スコアに基づいています。,環境調査および評価要求,ES マネージャー/プランナー,調査の設計者（顧客の施設部門またはFM業者）
FM運営データ,評価・アンケート,調査票・回答集計（Excel／Webフォーム）,調査の実施者（顧客 施設部門 または FM業者）,紙・Excel,調査票の設計書（配点）,39,スコアが 0.0 を超える調査質問の総数、該当しない回答の除外、またはその両方。,環境への配慮についてのアンケートで、点数が付く質問の数,中,M056,グリーン状態指数,比率 (グリーン状態指数) = エネルギー機会 (欠陥) の合計コスト / 現在の再取得価額 (CRV) の合計,施設の相対環境条件について管理担当者に通知します。 これは、「施設状態指数 (FCI)」に基づき、プロセスを FCI と共有しています。,環境機会 (欠陥),ES マネージャー/プランナー,顧客の環境・CSR部門、調査の実施者
FM運営データ,評価・アンケート,調査票・回答集計（Excel／Webフォーム）,調査の実施者（顧客 施設部門 または FM業者）,紙・Excel,調査票の設計書（配点）,56,ポートフォリオ・マネージャー評価:,不動産の管理担当者についての評価アンケート（下の行をまとめる見出し）,中,M080,総合顧客満足度 – ポートフォリオ・マネージャー,合計調査回答スコア / 合計調査質問予想スコア,ポートフォリオ・マネージャー評価の平均スコアについて管理担当者に通知します。,スペース利用契約 (不動産業) | スペース割り振り (施設),EN ワークプレース・エグゼクティブ | RE エグゼクティブ,顧客の不動産部門（※見出し行。57の親項目）
FM運営データ,評価・アンケート,調査票・回答集計（Excel／Webフォーム）,調査の実施者（顧客 施設部門 または FM業者）,紙・Excel,調査票の設計書（配点）,57,合計調査質問予想スコア,アンケートの満点（質問ごとの配点の合計）,低,M080,総合顧客満足度 – ポートフォリオ・マネージャー,合計調査回答スコア / 合計調査質問予想スコア,ポートフォリオ・マネージャー評価の平均スコアについて管理担当者に通知します。,スペース利用契約 (不動産業) | スペース割り振り (施設),EN ワークプレース・エグゼクティブ | RE エグゼクティブ,調査の設計者（顧客またはFM業者）
